partida_id,rodada,clube,atleta,minuto,tipo_de_gol,minuto_base,acrescimo,tempo,minuto_ordem,faixa,temporada,mandante,visitante,gol_mandante
4607,1,Fluminense,Rafael Sóbis,31,Normal,31,0,1,31.0,31-45,2014,Fluminense,Figueirense,True
4607,1,Fluminense,Nirley da Silva Fonseca,59,Gol Contra,59,0,2,59.0,46-60,2014,Fluminense,Figueirense,True
4607,1,Fluminense,Fred,45,Penalty,45,0,1,45.0,31-45,2014,Fluminense,Figueirense,True
4608,1,Internacional,Charles Aránguiz,6,Normal,6,0,1,6.0,0-15,2014,Internacional,Vitoria,True
4612,1,Cruzeiro,Nílton Ferreira Júnior,63,Normal,63,0,2,63.0,61-75,2014,Bahia,Cruzeiro,False
4612,1,Bahia,Anderson Talisca,80,Penalty,80,0,2,80.0,76-90,2014,Bahia,Cruzeiro,True
4612,1,Cruzeiro,Marcelo Moreno,90,Normal,90,0,2,90.0,76-90,2014,Bahia,Cruzeiro,False
4611,1,Sao Paulo,Douglas Pereira dos Santos,22,Normal,22,0,1,22.0,16-30,2014,Sao Paulo,Botafogo-RJ,True
4611,1,Sao Paulo,Luís Fabiano,56,Normal,56,0,2,56.0,46-60,2014,Sao Paulo,Botafogo-RJ,True
4611,1,Sao Paulo,Antônio Carlos dos Santos Aguiar,13,Normal,13,0,1,13.0,0-15,2014,Sao Paulo,Botafogo-RJ,True
4610,1,Athletico-PR,Dráusio Luis Salla Gil,16,Normal,16,0,1,16.0,16-30,2014,Athletico-PR,Gremio,True
4615,1,Santos,Gabriel Barbosa,80,Normal,80,0,2,80.0,76-90,2014,Santos,Sport,True
4615,1,Sport,Neto Baiano,73,Normal,73,0,2,73.0,61-75,2014,Santos,Sport,False
4616,1,Palmeiras,Alan Kardec,88,Normal,88,0,2,88.0,76-90,2014,Criciuma,Palmeiras,False
4616,1,Criciuma,Paulo Baier,12,Normal,12,0,1,12.0,0-15,2014,Criciuma,Palmeiras,True
4616,1,Palmeiras,Leandro,83,Normal,83,0,2,83.0,76-90,2014,Criciuma,Palmeiras,False
4618,2,Fluminense,Rafael Sóbis,45,Normal,45,0,1,45.0,31-45,2014,Palmeiras,Fluminense,False
4620,2,Athletico-PR,Mosquito,78,Normal,78,0,2,78.0,76-90,2014,Vitoria,Athletico-PR,False
4620,2,Athletico-PR,Marcelo Cirino da Silva,83,Normal,83,0,2,83.0,76-90,2014,Vitoria,Athletico-PR,False
4620,2,Vitoria,Telmário de Araújo Sacramento,11,Normal,11,0,1,11.0,0-15,2014,Vitoria,Athletico-PR,True
4620,2,Vitoria,José Welison,36,Normal,36,0,1,36.0,31-45,2014,Vitoria,Athletico-PR,True
4622,2,Cruzeiro,Júlio Baptista,50,Normal,50,0,2,50.0,46-60,2014,Cruzeiro,Sao Paulo,True
4622,2,Sao Paulo,Antônio Carlos dos Santos Aguiar,90+2,Normal,90,2,2,90.02,90+,2014,Cruzeiro,Sao Paulo,False
4619,2,Internacional,Rafael Moura,9,Normal,9,0,1,9.0,0-15,2014,Botafogo-RJ,Internacional,False
4619,2,Internacional,Rafael Moura,35,Normal,35,0,1,35.0,31-45,2014,Botafogo-RJ,Internacional,False
4619,2,Botafogo-RJ,Emerson Sheik,64,Normal,64,0,2,64.0,61-75,2014,Botafogo-RJ,Internacional,True
4619,2,Botafogo-RJ,Pablo Zeballos,75,Normal,75,0,2,75.0,61-75,2014,Botafogo-RJ,Internacional,True
4621,2,Corinthians,Guilherme dos Santos Torres,9,Normal,9,0,1,9.0,0-15,2014,Corinthians,Flamengo,True
4621,2,Corinthians,Carlos Gilberto do Nascimento Silva,80,Normal,80,0,2,80.0,76-90,2014,Corinthians,Flamengo,True
4626,2,Sport,Rithely,12,Normal,12,0,1,12.0,0-15,2014,Sport,Chapecoense,True
4626,2,Sport,Ananias Elói Castro Monteiro,38,Normal,38,0,1,38.0,31-45,2014,Sport,Chapecoense,True
4626,2,Chapecoense,Ricardo Conceição,37,Normal,37,0,1,37.0,31-45,2014,Sport,Chapecoense,False
4623,2,Bahia,Lincoln Cássio de Souza Soares,8,Normal,8,0,1,8.0,0-15,2014,Figueirense,Bahia,False
4623,2,Bahia,Fahel,74,Normal,74,0,2,74.0,61-75,2014,Figueirense,Bahia,False
4624,2,Gremio,Alan Ruiz,11,Normal,11,0,1,11.0,0-15,2014,Gremio,Atletico-MG,True
4624,2,Gremio,Lucas Coelho,22,Normal,22,0,1,22.0,16-30,2014,Gremio,Atletico-MG,True
4624,2,Atletico-MG,Luiz Fernando Pereira da Silva,84,Normal,84,0,2,84.0,76-90,2014,Gremio,Atletico-MG,False
4625,2,Goias,Willian José de Souza,82,Normal,82,0,2,82.0,76-90,2014,Goias,Criciuma,True
4628,3,Cruzeiro,Elierce Barbosa de Souza,75,Penalty,75,0,2,75.0,61-75,2014,Athletico-PR,Cruzeiro,False
4628,3,Athletico-PR,Marcelo Cirino da Silva,40,Normal,40,0,1,40.0,31-45,2014,Athletico-PR,Cruzeiro,True
4628,3,Cruzeiro,Nílton Ferreira Júnior,36,Normal,36,0,1,36.0,31-45,2014,Athletico-PR,Cruzeiro,False
4628,3,Cruzeiro,Marcelo Moreno,83,Normal,83,0,2,83.0,76-90,2014,Athletico-PR,Cruzeiro,False
4628,3,Athletico-PR,Éderson Alves Ribeiro Silva,24,Normal,24,0,1,24.0,16-30,2014,Athletico-PR,Cruzeiro,True
4629,3,Sao Paulo,Ademilson,72,Normal,72,0,2,72.0,61-75,2014,Sao Paulo,Coritiba,True
4629,3,Coritiba,Róbson Michael Signorini,30,Normal,30,0,1,30.0,16-30,2014,Sao Paulo,Coritiba,False
4629,3,Coritiba,Luis Francisco Grando,61,Normal,61,0,2,61.0,61-75,2014,Sao Paulo,Coritiba,False
4629,3,Sao Paulo,Alexandre Pato,22,Normal,22,0,1,22.0,16-30,2014,Sao Paulo,Coritiba,True
4630,3,Vitoria,Marcos Antônio da Silva Gonçalves,54,Normal,54,0,2,54.0,46-60,2014,Fluminense,Vitoria,False
4630,3,Vitoria,Marcos Antônio da Silva Gonçalves,83,Normal,83,0,2,83.0,76-90,2014,Fluminense,Vitoria,False
4630,3,Fluminense,Wagner Ferreira dos Santos,88,Normal,88,0,2,88.0,76-90,2014,Fluminense,Vitoria,True
4631,3,Criciuma,Silvinho,14,Normal,14,0,1,14.0,0-15,2014,Criciuma,Figueirense,True
4634,3,Flamengo,Márcio Rodrigues Araújo,50,Normal,50,0,2,50.0,46-60,2014,Flamengo,Palmeiras,True
4634,3,Palmeiras,Henrique Dourado,31,Normal,31,0,1,31.0,31-45,2014,Flamengo,Palmeiras,False
4634,3,Flamengo,Alecsandro,60,Normal,60,0,2,60.0,46-60,2014,Flamengo,Palmeiras,True
4634,3,Flamengo,Alecsandro,73,Normal,73,0,2,73.0,61-75,2014,Flamengo,Palmeiras,True
4634,3,Flamengo,Paulinho,14,Normal,14,0,1,14.0,0-15,2014,Flamengo,Palmeiras,True
4634,3,Palmeiras,Wesley Lopes Beltrame,11,Normal,11,0,1,11.0,0-15,2014,Flamengo,Palmeiras,False
4633,3,Bahia,Maxi Biancucchi,59,Normal,59,0,2,59.0,46-60,2014,Bahia,Botafogo-RJ,True
4632,3,Internacional,Charles Aránguiz,45+1,Normal,45,1,1,45.01,45+,2014,Internacional,Sport,True
4632,3,Sport,Patric Cabral Lalau,78,Normal,78,0,2,78.0,76-90,2014,Internacional,Sport,False
4632,3,Internacional,Andrés D'Alessandro,13,Normal,13,0,1,13.0,0-15,2014,Internacional,Sport,True
4635,3,Corinthians,Paolo Guerrero,78,Normal,78,0,2,78.0,76-90,2014,Chapecoense,Corinthians,False
4636,3,Goias,David França Oliveira e Silva,69,Normal,69,0,2,69.0,61-75,2014,Atletico-MG,Goias,False
4638,4,Palmeiras,Lucimar da Silva Ferreira,16,Normal,16,0,1,16.0,16-30,2014,Palmeiras,Goias,True
4638,4,Palmeiras,Henrique Dourado,32,Normal,32,0,1,32.0,31-45,2014,Palmeiras,Goias,True
4637,4,Internacional,Alan Patrick,67,Normal,67,0,2,67.0,61-75,2014,Internacional,Athletico-PR,True
4637,4,Athletico-PR,Marcos Guilherme,52,Normal,52,0,2,52.0,46-60,2014,Internacional,Athletico-PR,False
4637,4,Internacional,Andrés D'Alessandro,54,Normal,54,0,2,54.0,46-60,2014,Internacional,Athletico-PR,True
4639,4,Botafogo-RJ,Emerson Sheik,23,Normal,23,0,1,23.0,16-30,2014,Botafogo-RJ,Criciuma,True
4639,4,Botafogo-RJ,Daniel Corrêa Freitas,73,Normal,73,0,2,73.0,61-75,2014,Botafogo-RJ,Criciuma,True
4639,4,Botafogo-RJ,Emerson Sheik,52,Normal,52,0,2,52.0,46-60,2014,Botafogo-RJ,Criciuma,True
4639,4,Botafogo-RJ,Wallyson,81,Normal,81,0,2,81.0,76-90,2014,Botafogo-RJ,Criciuma,True
4639,4,Botafogo-RJ,Daniel Corrêa Freitas,55,Normal,55,0,2,55.0,46-60,2014,Botafogo-RJ,Criciuma,True
4639,4,Botafogo-RJ,Daniel Corrêa Freitas,57,Normal,57,0,2,57.0,46-60,2014,Botafogo-RJ,Criciuma,True
4642,4,Cruzeiro,Marcelo Moreno,37,Normal,37,0,1,37.0,31-45,2014,Atletico-MG,Cruzeiro,False
4642,4,Atletico-MG,André Felipe Ribeiro de Souza,71,Penalty,71,0,2,71.0,61-75,2014,Atletico-MG,Cruzeiro,True
4642,4,Atletico-MG,Marion Silva Fernandes,55,Normal,55,0,2,55.0,46-60,2014,Atletico-MG,Cruzeiro,True
4640,4,Gremio,Hernán Barcos,65,Normal,65,0,2,65.0,61-75,2014,Chapecoense,Gremio,False
4640,4,Chapecoense,Tiago Luís Martins,90+2,Normal,90,2,2,90.02,90+,2014,Chapecoense,Gremio,True
4640,4,Gremio,Hernán Barcos,30,Normal,30,0,1,30.0,16-30,2014,Chapecoense,Gremio,False
4641,4,Fluminense,Fred,11,Normal,11,0,1,11.0,0-15,2014,Fluminense,Flamengo,True
4641,4,Fluminense,Francisco Souza dos Santos,87,Normal,87,0,2,87.0,76-90,2014,Fluminense,Flamengo,True
4643,4,Sao Paulo,Luís Fabiano,81,Normal,81,0,2,81.0,76-90,2014,Sao Paulo,Corinthians,True
4643,4,Corinthians,Fagner,49,Normal,49,0,2,49.0,46-60,2014,Sao Paulo,Corinthians,False
4644,4,Santos,Arouca,62,Normal,62,0,2,62.0,61-75,2014,Figueirense,Santos,False
4644,4,Santos,Gabriel Barbosa,44,Normal,44,0,1,44.0,31-45,2014,Figueirense,Santos,False
4645,4,Sport,Rithely,86,Normal,86,0,2,86.0,76-90,2014,Coritiba,Sport,False
4646,4,Bahia,Pará,90+1,Normal,90,1,2,90.01,90+,2014,Bahia,Vitoria,True
4646,4,Vitoria,Souza,39,Normal,39,0,1,39.0,31-45,2014,Bahia,Vitoria,False
4647,5,Goias,Ramón Rodrigo de Freitas,54,Normal,54,0,2,54.0,46-60,2014,Goias,Botafogo-RJ,True
4647,5,Goias,Danilo Lopes Cezario,70,Normal,70,0,2,70.0,61-75,2014,Goias,Botafogo-RJ,True
4648,5,Cruzeiro,Borges,69,Normal,69,0,2,69.0,61-75,2014,Cruzeiro,Coritiba,True
4648,5,Coritiba,Alexsandro de Souza,23,Normal,23,0,1,23.0,16-30,2014,Cruzeiro,Coritiba,False
4648,5,Cruzeiro,Ricardo Goulart,11,Normal,11,0,1,11.0,0-15,2014,Cruzeiro,Coritiba,True
4648,5,Coritiba,Norberto Pereira Marinho Neto,55,Normal,55,0,2,55.0,46-60,2014,Cruzeiro,Coritiba,False
4648,5,Cruzeiro,Ricardo Goulart,45+1,Normal,45,1,1,45.01,45+,2014,Cruzeiro,Coritiba,True
4651,5,Sao Paulo,Paulo Henrique Ganso,23,Normal,23,0,1,23.0,16-30,2014,Flamengo,Sao Paulo,False
4651,5,Sao Paulo,Paulo Henrique Ganso,90+1,Normal,90,1,2,90.01,90+,2014,Flamengo,Sao Paulo,False
4649,5,Gremio,Rodrigo Eduardo Costa Marinho,37,Normal,37,0,1,37.0,31-45,2014,Gremio,Fluminense,True
4650,5,Figueirense,Giovanni Augusto,48,Normal,48,0,2,48.0,46-60,2014,Corinthians,Figueirense,False
4652,5,Chapecoense,Tiago Luís Martins,88,Normal,88,0,2,88.0,76-90,2014,Athletico-PR,Chapecoense,False
4652,5,Athletico-PR,Cleberson Martins de Souza,71,Normal,71,0,2,71.0,61-75,2014,Athletico-PR,Chapecoense,True
4653,5,Palmeiras,Marquinhos,49,Normal,49,0,2,49.0,46-60,2014,Vitoria,Palmeiras,False
4655,5,Atletico-MG,André Felipe Ribeiro de Souza,81,Normal,81,0,2,81.0,76-90,2014,Santos,Atletico-MG,False
4655,5,Santos,Cícero Santos,38,Normal,38,0,1,38.0,31-45,2014,Santos,Atletico-MG,True
4655,5,Atletico-MG,André Felipe Ribeiro de Souza,75,Normal,75,0,2,75.0,61-75,2014,Santos,Atletico-MG,False
4658,6,Bahia,Anderson Talisca,90+2,Normal,90,2,2,90.02,90+,2014,Flamengo,Bahia,False
4658,6,Flamengo,Paulinho,11,Normal,11,0,1,11.0,0-15,2014,Flamengo,Bahia,True
4657,6,Coritiba,Alexsandro de Souza,75,Penalty,75,0,2,75.0,61-75,2014,Coritiba,Internacional,True
4657,6,Internacional,Wellington Paulista,21,Normal,21,0,1,21.0,16-30,2014,Coritiba,Internacional,False
4659,6,Cruzeiro,Ricardo Goulart,51,Normal,51,0,2,51.0,46-60,2014,Cruzeiro,Sport,True
4659,6,Cruzeiro,Marcelo Moreno,77,Normal,77,0,2,77.0,76-90,2014,Cruzeiro,Sport,True
4660,6,Criciuma,Silvinho,23,Normal,23,0,1,23.0,16-30,2014,Criciuma,Chapecoense,True
4662,6,Sao Paulo,Rogério Ceni,26,Penalty,26,0,1,26.0,16-30,2014,Fluminense,Sao Paulo,False
4662,6,Fluminense,Rafael Sóbis,76,Normal,76,0,2,76.0,76-90,2014,Fluminense,Sao Paulo,True
4662,6,Fluminense,Walter Henrique da Silva,42,Normal,42,0,1,42.0,31-45,2014,Fluminense,Sao Paulo,True
4662,6,Sao Paulo,Alexandre Pato,45,Normal,45,0,1,45.0,31-45,2014,Fluminense,Sao Paulo,False
4662,6,Fluminense,Walter Henrique da Silva,66,Normal,66,0,2,66.0,61-75,2014,Fluminense,Sao Paulo,True
4662,6,Fluminense,Lucas Cavalcante Silva Afonso,53,Gol Contra,53,0,2,53.0,46-60,2014,Fluminense,Sao Paulo,True
4662,6,Fluminense,Wagner Ferreira dos Santos,73,Normal,73,0,2,73.0,61-75,2014,Fluminense,Sao Paulo,True
4663,6,Botafogo-RJ,Pablo Zeballos,6,Normal,6,0,1,6.0,0-15,2014,Gremio,Botafogo-RJ,False
4663,6,Gremio,Rodrigo Eduardo Costa Marinho,44,Normal,44,0,1,44.0,31-45,2014,Gremio,Botafogo-RJ,True
4663,6,Gremio,Maximiliano Rodríguez Maeso,81,Normal,81,0,2,81.0,76-90,2014,Gremio,Botafogo-RJ,True
4661,6,Athletico-PR,Douglas Coutinho,85,Normal,85,0,2,85.0,76-90,2014,Corinthians,Athletico-PR,False
4661,6,Corinthians,Jadson,59,Penalty,59,0,2,59.0,46-60,2014,Corinthians,Athletico-PR,True
4665,6,Santos,Geuvânio,9,Normal,9,0,1,9.0,0-15,2014,Goias,Santos,False
4665,6,Santos,Cícero Santos,39,Penalty,39,0,1,39.0,31-45,2014,Goias,Santos,False
4665,6,Goias,Alex Alves Cardoso,26,Normal,26,0,1,26.0,16-30,2014,Goias,Santos,True
4665,6,Goias,Erik Nascimento de Lima,69,Normal,69,0,2,69.0,61-75,2014,Goias,Santos,True
4664,6,Palmeiras,Henrique Dourado,37,Normal,37,0,1,37.0,31-45,2014,Palmeiras,Figueirense,True
4666,6,Atletico-MG,Rafael Berger,17,Gol Contra,17,0,1,17.0,16-30,2014,Vitoria,Atletico-MG,False
4666,6,Atletico-MG,Réver,62,Normal,62,0,2,62.0,61-75,2014,Vitoria,Atletico-MG,False
4666,6,Vitoria,Telmário de Araújo Sacramento,65,Normal,65,0,2,65.0,61-75,2014,Vitoria,Atletico-MG,True
4666,6,Vitoria,Willie Hortêncio Barbosa,90,Normal,90,0,2,90.0,76-90,2014,Vitoria,Atletico-MG,True
4666,6,Atletico-MG,Jesús Dátolo,12,Normal,12,0,1,12.0,0-15,2014,Vitoria,Atletico-MG,False
4667,7,Fluminense,Kenedy,4,Normal,4,0,1,4.0,0-15,2014,Bahia,Fluminense,False
4668,7,Sao Paulo,Lucas Cavalcante Silva Afonso,61,Normal,61,0,2,61.0,61-75,2014,Sao Paulo,Gremio,True
4671,7,Sport,Augusto,28,Normal,28,0,1,28.0,16-30,2014,Sport,Corinthians,True
4671,7,Corinthians,Romarinho,20,Normal,20,0,1,20.0,16-30,2014,Sport,Corinthians,False
4671,7,Corinthians,Jadson,55,Penalty,55,0,2,55.0,46-60,2014,Sport,Corinthians,False
4671,7,Corinthians,Romarinho,68,Normal,68,0,2,68.0,61-75,2014,Sport,Corinthians,False
4671,7,Corinthians,Jadson,38,Normal,38,0,1,38.0,31-45,2014,Sport,Corinthians,False
4672,7,Athletico-PR,Marcos Guilherme,56,Normal,56,0,2,56.0,46-60,2014,Athletico-PR,Coritiba,True
4672,7,Athletico-PR,Luccas Claro,58,Gol Contra,58,0,2,58.0,46-60,2014,Athletico-PR,Coritiba,True
4670,7,Goias,Jackson de Souza,5,Normal,5,0,1,5.0,0-15,2014,Figueirense,Goias,False
4673,7,Cruzeiro,Marcelo Moreno,88,Normal,88,0,2,88.0,76-90,2014,Internacional,Cruzeiro,False
4673,7,Internacional,Wellington Aparecido Martins,39,Normal,39,0,1,39.0,31-45,2014,Internacional,Cruzeiro,True
4673,7,Cruzeiro,Ricardo Goulart,43,Normal,43,0,1,43.0,31-45,2014,Internacional,Cruzeiro,False
4673,7,Cruzeiro,Willian Gomes de Siqueira,70,Normal,70,0,2,70.0,61-75,2014,Internacional,Cruzeiro,False
4674,7,Botafogo-RJ,Emerson Sheik,43,Normal,43,0,1,43.0,31-45,2014,Botafogo-RJ,Vitoria,True
4674,7,Vitoria,Telmário de Araújo Sacramento,69,Normal,69,0,2,69.0,61-75,2014,Botafogo-RJ,Vitoria,False
4675,7,Chapecoense,Derivaldo Beserra Cavalcante,47,Normal,47,0,2,47.0,46-60,2014,Chapecoense,Palmeiras,True
4675,7,Chapecoense,Tiago Luís Martins,42,Normal,42,0,1,42.0,31-45,2014,Chapecoense,Palmeiras,True
4677,8,Criciuma,Fábio Ferreira,58,Normal,58,0,2,58.0,46-60,2014,Criciuma,Coritiba,True
4678,8,Botafogo-RJ,Mario Bolatti,61,Normal,61,0,2,61.0,61-75,2014,Palmeiras,Botafogo-RJ,False
4678,8,Botafogo-RJ,Pablo Zeballos,90+4,Normal,90,4,2,90.04,90+,2014,Palmeiras,Botafogo-RJ,False
4680,8,Internacional,Wellington Paulista,25,Normal,25,0,1,25.0,16-30,2014,Internacional,Chapecoense,True
4680,8,Internacional,Wellington Paulista,79,Normal,79,0,2,79.0,76-90,2014,Internacional,Chapecoense,True
4682,8,Corinthians,Paolo Guerrero,68,Normal,68,0,2,68.0,61-75,2014,Corinthians,Cruzeiro,True
4684,8,Atletico-MG,Jesús Dátolo,53,Normal,53,0,2,53.0,46-60,2014,Atletico-MG,Fluminense,True
4684,8,Atletico-MG,Diego Tardelli,65,Normal,65,0,2,65.0,61-75,2014,Atletico-MG,Fluminense,True
4683,8,Athletico-PR,Cléverson Gabriel Córdova,90,Normal,90,0,2,90.0,76-90,2014,Athletico-PR,Sao Paulo,True
4683,8,Sao Paulo,Luís Fabiano,90+2,Normal,90,2,2,90.02,90+,2014,Athletico-PR,Sao Paulo,False
4683,8,Sao Paulo,Rogério Ceni,76,Penalty,76,0,2,76.0,76-90,2014,Athletico-PR,Sao Paulo,False
4683,8,Athletico-PR,Renato Baruffi,30,Normal,30,0,1,30.0,16-30,2014,Athletico-PR,Sao Paulo,True
4685,8,Flamengo,Alecsandro,20,Normal,20,0,1,20.0,16-30,2014,Flamengo,Figueirense,True
4685,8,Figueirense,Everaldo Stum,22,Normal,22,0,1,22.0,16-30,2014,Flamengo,Figueirense,False
4686,8,Santos,Alan Santos da Silva,62,Normal,62,0,2,62.0,61-75,2014,Bahia,Santos,False
4686,8,Santos,Lucas Rafael Araújo Lima,89,Normal,89,0,2,89.0,76-90,2014,Bahia,Santos,False
4687,9,Coritiba,Alexsandro de Souza,5,Normal,5,0,1,5.0,0-15,2014,Coritiba,Goias,True
4687,9,Coritiba,Keirrison,15,Normal,15,0,1,15.0,0-15,2014,Coritiba,Goias,True
4687,9,Coritiba,Dener Assunção Braz,44,Normal,44,0,1,44.0,31-45,2014,Coritiba,Goias,True
4688,9,Sao Paulo,Dorlan Pabón,90,Normal,90,0,2,90.0,76-90,2014,Sao Paulo,Atletico-MG,True
4688,9,Atletico-MG,Josué Anunciado de Oliveira,79,Normal,79,0,2,79.0,76-90,2014,Sao Paulo,Atletico-MG,False
4688,9,Sao Paulo,Luís Fabiano,11,Normal,11,0,1,11.0,0-15,2014,Sao Paulo,Atletico-MG,True
4689,9,Sport,Neto Baiano,48,Normal,48,0,2,48.0,46-60,2014,Vitoria,Sport,False
4691,9,Chapecoense,José Carlos Tofolo Júnior,71,Normal,71,0,2,71.0,61-75,2014,Chapecoense,Bahia,True
4691,9,Bahia,Demerson Bruno Costa,86,Normal,86,0,2,86.0,76-90,2014,Chapecoense,Bahia,False
4691,9,Chapecoense,Abuda,54,Normal,54,0,2,54.0,46-60,2014,Chapecoense,Bahia,True
4692,9,Cruzeiro,Borges,45+1,Normal,45,1,1,45.01,45+,2014,Cruzeiro,Flamengo,True
4692,9,Cruzeiro,Ricardo Goulart,16,Normal,16,0,1,16.0,16-30,2014,Cruzeiro,Flamengo,True
4692,9,Cruzeiro,Éverton Ribeiro,18,Normal,18,0,1,18.0,16-30,2014,Cruzeiro,Flamengo,True
4694,9,Santos,Diego Cardoso,18,Normal,18,0,1,18.0,16-30,2014,Santos,Criciuma,True
4694,9,Santos,Gabriel Barbosa,11,Normal,11,0,1,11.0,0-15,2014,Santos,Criciuma,True
4693,9,Fluminense,Jean Raphael Vanderlei Moreira,31,Normal,31,0,1,31.0,31-45,2014,Fluminense,Internacional,True
4693,9,Internacional,Jorge Henrique,22,Normal,22,0,1,22.0,16-30,2014,Fluminense,Internacional,False
4695,9,Athletico-PR,Douglas Coutinho,90+3,Normal,90,3,2,90.03,90+,2014,Figueirense,Athletico-PR,False
4695,9,Figueirense,Everaldo Stum,74,Normal,74,0,2,74.0,61-75,2014,Figueirense,Athletico-PR,True
4695,9,Athletico-PR,Douglas Coutinho,45+2,Normal,45,2,1,45.02,45+,2014,Figueirense,Athletico-PR,False
4695,9,Athletico-PR,Douglas Coutinho,53,Normal,53,0,2,53.0,46-60,2014,Figueirense,Athletico-PR,False
4697,28,Corinthians,Jadson,25,Normal,25,0,1,25.0,16-30,2014,Corinthians,Botafogo-RJ,True
4697,28,Botafogo-RJ,Edílson Mendes Guimarães,87,Normal,87,0,2,87.0,76-90,2014,Corinthians,Botafogo-RJ,False
4656,5,Sport,Mike dos Santos Nenatarvicius,73,Normal,73,0,2,73.0,61-75,2014,Sport,Bahia,True
4709,10,Sport,Neto Baiano,44,Normal,44,0,1,44.0,31-45,2014,Sport,Botafogo-RJ,True
4708,10,Figueirense,Everaldo Stum,69,Normal,69,0,2,69.0,61-75,2014,Coritiba,Figueirense,False
4708,10,Figueirense,Thiago Heleno,5,Normal,5,0,1,5.0,0-15,2014,Coritiba,Figueirense,False
4712,10,Athletico-PR,Douglas Coutinho,20,Normal,20,0,1,20.0,16-30,2014,Flamengo,Athletico-PR,False
4712,10,Athletico-PR,Cleberson Martins de Souza,61,Normal,61,0,2,61.0,61-75,2014,Flamengo,Athletico-PR,False
4712,10,Flamengo,Samir,35,Normal,35,0,1,35.0,31-45,2014,Flamengo,Athletico-PR,True
4711,10,Sao Paulo,Alan Kardec,20,Normal,20,0,1,20.0,16-30,2014,Bahia,Sao Paulo,False
4711,10,Sao Paulo,Rogério Ceni,13,Penalty,13,0,1,13.0,0-15,2014,Bahia,Sao Paulo,False
4710,10,Fluminense,Darío Conca,84,Normal,84,0,2,84.0,76-90,2014,Criciuma,Fluminense,False
4710,10,Fluminense,Matheus Carvalho,85,Normal,85,0,2,85.0,76-90,2014,Criciuma,Fluminense,False
4710,10,Criciuma,Paulo Baier,40,Penalty,40,0,1,40.0,31-45,2014,Criciuma,Fluminense,True
4710,10,Criciuma,Paulo Baier,59,Normal,59,0,2,59.0,46-60,2014,Criciuma,Fluminense,True
4710,10,Criciuma,Sérgio Antônio Borges Júnior,67,Normal,67,0,2,67.0,61-75,2014,Criciuma,Fluminense,True
4714,10,Santos,Bruno Uvini,24,Normal,24,0,1,24.0,16-30,2014,Santos,Palmeiras,True
4714,10,Santos,Alison Lopes Ferreira,69,Normal,69,0,2,69.0,61-75,2014,Santos,Palmeiras,True
4713,10,Internacional,Cláudio Winck,90+1,Normal,90,1,2,90.01,90+,2014,Corinthians,Internacional,False
4713,10,Corinthians,Paolo Guerrero,7,Normal,7,0,1,7.0,0-15,2014,Corinthians,Internacional,True
4713,10,Corinthians,Fagner,10,Normal,10,0,1,10.0,0-15,2014,Corinthians,Internacional,True
4715,10,Cruzeiro,Rafael Berger,62,Gol Contra,62,0,2,62.0,61-75,2014,Cruzeiro,Vitoria,True
4715,10,Cruzeiro,Éverton Ribeiro,76,Normal,76,0,2,76.0,76-90,2014,Cruzeiro,Vitoria,True
4715,10,Vitoria,Ayrton Ganino,90+2,Normal,90,2,2,90.02,90+,2014,Cruzeiro,Vitoria,False
4715,10,Cruzeiro,Ricardo Goulart,72,Normal,72,0,2,72.0,61-75,2014,Cruzeiro,Vitoria,True
4717,11,Chapecoense,Ricardo Conceição,57,Normal,57,0,2,57.0,46-60,2014,Sao Paulo,Chapecoense,False
4718,11,Gremio,Giuliano Victor de Paula,4,Normal,4,0,1,4.0,0-15,2014,Figueirense,Gremio,False
4719,11,Atletico-MG,Luan Madson Gedeão de Paiva,66,Normal,66,0,2,66.0,61-75,2014,Atletico-MG,Bahia,True
4719,11,Bahia,Cristian Chagas Tarouco,25,Normal,25,0,1,25.0,16-30,2014,Atletico-MG,Bahia,False
4720,11,Botafogo-RJ,Mario Bolatti,12,Normal,12,0,1,12.0,0-15,2014,Botafogo-RJ,Coritiba,True
4722,11,Palmeiras,Fernando Tobio,54,Normal,54,0,2,54.0,46-60,2014,Palmeiras,Cruzeiro,True
4722,11,Cruzeiro,Ricardo Goulart,8,Normal,8,0,1,8.0,0-15,2014,Palmeiras,Cruzeiro,False
4722,11,Cruzeiro,Manoel Messias Silva Carvalho,10,Normal,10,0,1,10.0,0-15,2014,Palmeiras,Cruzeiro,False
4721,11,Internacional,Andrés D'Alessandro,45+3,Penalty,45,3,1,45.03,45+,2014,Internacional,Flamengo,True
4721,11,Internacional,Rafael Moura,16,Normal,16,0,1,16.0,16-30,2014,Internacional,Flamengo,True
4721,11,Internacional,Fabrício dos Santos Silva,58,Normal,58,0,2,58.0,46-60,2014,Internacional,Flamengo,True
4721,11,Internacional,Alex Raphael Meschini,78,Normal,78,0,2,78.0,76-90,2014,Internacional,Flamengo,True
4724,11,Athletico-PR,Douglas Coutinho,59,Normal,59,0,2,59.0,46-60,2014,Athletico-PR,Criciuma,True
4724,11,Athletico-PR,Marcelo Cirino da Silva,53,Normal,53,0,2,53.0,46-60,2014,Athletico-PR,Criciuma,True
4725,11,Fluminense,Darío Conca,62,Normal,62,0,2,62.0,61-75,2014,Fluminense,Santos,True
4728,12,Cruzeiro,Dagoberto Pelentier,79,Normal,79,0,2,79.0,76-90,2014,Cruzeiro,Figueirense,True
4728,12,Cruzeiro,Lucas Silva Borges,41,Penalty,41,0,1,41.0,31-45,2014,Cruzeiro,Figueirense,True
4728,12,Cruzeiro,Marcos Antônio da Silva Gonçalves,47,Normal,47,0,2,47.0,46-60,2014,Cruzeiro,Figueirense,True
4728,12,Cruzeiro,Dedé,50,Normal,50,0,2,50.0,46-60,2014,Cruzeiro,Figueirense,True
4728,12,Cruzeiro,Ricardo Goulart,72,Normal,72,0,2,72.0,61-75,2014,Cruzeiro,Figueirense,True
4727,12,Santos,Diego Cardoso,80,Normal,80,0,2,80.0,76-90,2014,Santos,Chapecoense,True
4727,12,Santos,Rildo de Andrade Felicissimo,13,Normal,13,0,1,13.0,0-15,2014,Santos,Chapecoense,True
4727,12,Santos,Gabriel Barbosa,52,Normal,52,0,2,52.0,46-60,2014,Santos,Chapecoense,True
4729,12,Vitoria,Ayrton Ganino,84,Normal,84,0,2,84.0,76-90,2014,Criciuma,Vitoria,False
4729,12,Criciuma,Sérgio Antônio Borges Júnior,90,Normal,90,0,2,90.0,76-90,2014,Criciuma,Vitoria,True
4729,12,Vitoria,Caio Canedo Corrêa,19,Normal,19,0,1,19.0,16-30,2014,Criciuma,Vitoria,False
4729,12,Vitoria,Caio Canedo Corrêa,67,Normal,67,0,2,67.0,61-75,2014,Criciuma,Vitoria,False
4730,12,Internacional,Wellington do Nascimento Silva,66,Normal,66,0,2,66.0,61-75,2014,Bahia,Internacional,False
4734,12,Sport,Felipe Azevedo,51,Normal,51,0,2,51.0,46-60,2014,Sport,Atletico-MG,True
4734,12,Sport,Durval,69,Normal,69,0,2,69.0,61-75,2014,Sport,Atletico-MG,True
4734,12,Atletico-MG,Diego Tardelli,85,Penalty,85,0,2,85.0,76-90,2014,Sport,Atletico-MG,False
4731,12,Sao Paulo,Kaká,76,Normal,76,0,2,76.0,76-90,2014,Goias,Sao Paulo,False
4731,12,Goias,Willian José de Souza,44,Normal,44,0,1,44.0,31-45,2014,Goias,Sao Paulo,True
4731,12,Goias,Bruno Mineiro,49,Normal,49,0,2,49.0,46-60,2014,Goias,Sao Paulo,True
4733,12,Corinthians,Petros,90+1,Normal,90,1,2,90.01,90+,2014,Corinthians,Palmeiras,True
4733,12,Corinthians,Paolo Guerrero,51,Normal,51,0,2,51.0,46-60,2014,Corinthians,Palmeiras,True
4732,12,Fluminense,Jean Raphael Vanderlei Moreira,18,Normal,18,0,1,18.0,16-30,2014,Athletico-PR,Fluminense,False
4732,12,Fluminense,Darío Conca,35,Penalty,35,0,1,35.0,31-45,2014,Athletico-PR,Fluminense,False
4732,12,Fluminense,Cícero Santos,65,Normal,65,0,2,65.0,61-75,2014,Athletico-PR,Fluminense,False
4736,12,Gremio,Hernán Barcos,57,Normal,57,0,2,57.0,46-60,2014,Gremio,Coritiba,True
4736,12,Coritiba,Alexsandro de Souza,90+4,Normal,90,4,2,90.04,90+,2014,Gremio,Coritiba,False
4736,12,Gremio,Hernán Barcos,65,Normal,65,0,2,65.0,61-75,2014,Gremio,Coritiba,True
4736,12,Coritiba,Zé Love,49,Normal,49,0,2,49.0,46-60,2014,Gremio,Coritiba,False
4736,12,Coritiba,Zé Love,73,Normal,73,0,2,73.0,61-75,2014,Gremio,Coritiba,False
4735,12,Flamengo,Alecsandro,33,Normal,33,0,1,33.0,31-45,2014,Flamengo,Botafogo-RJ,True
4737,13,Botafogo-RJ,Edílson Mendes Guimarães,25,Normal,25,0,1,25.0,16-30,2014,Botafogo-RJ,Cruzeiro,True
4737,13,Cruzeiro,Leonardo Renan Simões de Lacerda,60,Normal,60,0,2,60.0,46-60,2014,Botafogo-RJ,Cruzeiro,False
4738,13,Criciuma,Rodrigo Souza,80,Normal,80,0,2,80.0,76-90,2014,Sao Paulo,Criciuma,False
4738,13,Sao Paulo,Alan Kardec,74,Normal,74,0,2,74.0,61-75,2014,Sao Paulo,Criciuma,True
4739,13,Vitoria,Caio Canedo Corrêa,59,Normal,59,0,2,59.0,46-60,2014,Vitoria,Gremio,True
4739,13,Vitoria,Caio Canedo Corrêa,77,Normal,77,0,2,77.0,76-90,2014,Vitoria,Gremio,True
4739,13,Gremio,Hernán Barcos,11,Normal,11,0,1,11.0,0-15,2014,Vitoria,Gremio,False
4740,13,Palmeiras,Henrique Dourado,61,Normal,61,0,2,61.0,61-75,2014,Palmeiras,Bahia,True
4740,13,Bahia,Kieza,63,Normal,63,0,2,63.0,61-75,2014,Palmeiras,Bahia,False
4741,13,Chapecoense,Rafael Lima,7,Normal,7,0,1,7.0,0-15,2014,Chapecoense,Flamengo,True
4743,13,Figueirense,Clayton da Silveira da Silva,76,Normal,76,0,2,76.0,76-90,2014,Figueirense,Sport,True
4743,13,Figueirense,Marco Antônio Miranda Filho,84,Normal,84,0,2,84.0,76-90,2014,Figueirense,Sport,True
4743,13,Figueirense,Léo Lisboa,42,Normal,42,0,1,42.0,31-45,2014,Figueirense,Sport,True
4745,13,Fluminense,David França Oliveira e Silva,20,Gol Contra,20,0,1,20.0,16-30,2014,Fluminense,Goias,True
4745,13,Fluminense,Cícero Santos,10,Normal,10,0,1,10.0,0-15,2014,Fluminense,Goias,True
4744,13,Internacional,Rafael Moura,57,Normal,57,0,2,57.0,46-60,2014,Internacional,Santos,True
4746,13,Atletico-MG,Leonardo Silva,34,Normal,34,0,1,34.0,31-45,2014,Atletico-MG,Athletico-PR,True
4746,13,Athletico-PR,Marcos Guilherme,56,Normal,56,0,2,56.0,46-60,2014,Atletico-MG,Athletico-PR,False
4746,13,Atletico-MG,Léo Pereira,76,Gol Contra,76,0,2,76.0,76-90,2014,Atletico-MG,Athletico-PR,True
4746,13,Atletico-MG,Deivid Willian da Silva,87,Gol Contra,87,0,2,87.0,76-90,2014,Atletico-MG,Athletico-PR,True
4716,10,Chapecoense,Jailton,42,Normal,42,0,1,42.0,31-45,2014,Chapecoense,Atletico-MG,True
4716,10,Atletico-MG,Leonardo Silva,90+3,Normal,90,3,2,90.03,90+,2014,Chapecoense,Atletico-MG,False
4748,14,Bahia,Fahel,31,Normal,31,0,1,31.0,31-45,2014,Bahia,Goias,True
4749,14,Coritiba,Germano Borovicz Cardoso Schweger,82,Normal,82,0,2,82.0,76-90,2014,Fluminense,Coritiba,False
4749,14,Fluminense,Elivélton,25,Normal,25,0,1,25.0,16-30,2014,Fluminense,Coritiba,True
4750,14,Flamengo,Eduardo da Silva,85,Normal,85,0,2,85.0,76-90,2014,Flamengo,Sport,True
4752,14,Athletico-PR,Douglas Coutinho,90+3,Normal,90,3,2,90.03,90+,2014,Athletico-PR,Botafogo-RJ,True
4752,14,Athletico-PR,Cléverson Gabriel Córdova,45+1,Normal,45,1,1,45.01,45+,2014,Athletico-PR,Botafogo-RJ,True
4751,14,Corinthians,Carlos Gilberto do Nascimento Silva,84,Normal,84,0,2,84.0,76-90,2014,Santos,Corinthians,False
4753,14,Internacional,Charles Aránguiz,62,Normal,62,0,2,62.0,61-75,2014,Internacional,Gremio,True
4753,14,Internacional,Cláudio Winck,85,Normal,85,0,2,85.0,76-90,2014,Internacional,Gremio,True
4754,14,Atletico-MG,Jesús Dátolo,87,Normal,87,0,2,87.0,76-90,2014,Atletico-MG,Palmeiras,True
4754,14,Palmeiras,Henrique Dourado,54,Normal,54,0,2,54.0,46-60,2014,Atletico-MG,Palmeiras,False
4754,14,Atletico-MG,Diego Tardelli,44,Normal,44,0,1,44.0,31-45,2014,Atletico-MG,Palmeiras,True
4755,14,Figueirense,Marcos Roberto da Silva Barbosa,87,Normal,87,0,2,87.0,76-90,2014,Chapecoense,Figueirense,False
4756,14,Sao Paulo,Alexandre Pato,39,Normal,39,0,1,39.0,31-45,2014,Sao Paulo,Vitoria,True
4756,14,Sao Paulo,Alan Kardec,32,Normal,32,0,1,32.0,31-45,2014,Sao Paulo,Vitoria,True
4756,14,Vitoria,Kadu,45+2,Normal,45,2,1,45.02,45+,2014,Sao Paulo,Vitoria,False
4756,14,Sao Paulo,Alexandre Pato,17,Normal,17,0,1,17.0,16-30,2014,Sao Paulo,Vitoria,True
4757,15,Internacional,Pedro Henrique Pereira da Silva,77,Gol Contra,77,0,2,77.0,76-90,2014,Goias,Internacional,False
4758,15,Bahia,Kieza,36,Normal,36,0,1,36.0,31-45,2014,Corinthians,Bahia,False
4758,15,Corinthians,Carlos Gilberto do Nascimento Silva,43,Normal,43,0,1,43.0,31-45,2014,Corinthians,Bahia,True
4761,15,Gremio,Lucas Coelho,49,Normal,49,0,2,49.0,46-60,2014,Gremio,Criciuma,True
4761,15,Gremio,Luan Guilherme de Jesus Vieira,11,Penalty,11,0,1,11.0,0-15,2014,Gremio,Criciuma,True
4759,15,Flamengo,Éverton Cardoso da Silva,17,Normal,17,0,1,17.0,16-30,2014,Coritiba,Flamengo,False
4762,15,Cruzeiro,Marcelo Moreno,25,Normal,25,0,1,25.0,16-30,2014,Cruzeiro,Santos,True
4762,15,Cruzeiro,Ricardo Goulart,48,Normal,48,0,2,48.0,46-60,2014,Cruzeiro,Santos,True
4762,15,Cruzeiro,Júlio Baptista,88,Normal,88,0,2,88.0,76-90,2014,Cruzeiro,Santos,True
4760,15,Palmeiras,Henrique Dourado,60,Penalty,60,0,2,60.0,46-60,2014,Palmeiras,Sao Paulo,True
4760,15,Sao Paulo,Alexandre Pato,53,Normal,53,0,2,53.0,46-60,2014,Palmeiras,Sao Paulo,False
4760,15,Sao Paulo,Alan Kardec,89,Normal,89,0,2,89.0,76-90,2014,Palmeiras,Sao Paulo,False
4764,15,Botafogo-RJ,Daniel Corrêa Freitas,65,Normal,65,0,2,65.0,61-75,2014,Botafogo-RJ,Fluminense,True
4764,15,Botafogo-RJ,Pablo Zeballos,68,Normal,68,0,2,68.0,61-75,2014,Botafogo-RJ,Fluminense,True
4766,15,Figueirense,Clayton da Silveira da Silva,90+1,Normal,90,1,2,90.01,90+,2014,Figueirense,Atletico-MG,True
4766,15,Figueirense,Leonardo Silva,25,Gol Contra,25,0,1,25.0,16-30,2014,Figueirense,Atletico-MG,True
4766,15,Atletico-MG,Jesús Dátolo,8,Normal,8,0,1,8.0,0-15,2014,Figueirense,Atletico-MG,False
4766,15,Atletico-MG,Diego Tardelli,74,Penalty,74,0,2,74.0,61-75,2014,Figueirense,Atletico-MG,False
4765,15,Sport,Régis,40,Normal,40,0,1,40.0,31-45,2014,Sport,Athletico-PR,True
4765,15,Athletico-PR,Cleberson Martins de Souza,25,Normal,25,0,1,25.0,16-30,2014,Sport,Athletico-PR,False
4767,16,Sport,Fábio Szymonek,23,Gol Contra,23,0,1,23.0,16-30,2014,Sport,Palmeiras,True
4767,16,Sport,Patric Cabral Lalau,33,Normal,33,0,1,33.0,31-45,2014,Sport,Palmeiras,True
4767,16,Palmeiras,Henrique Dourado,14,Normal,14,0,1,14.0,0-15,2014,Sport,Palmeiras,False
4768,16,Figueirense,Clayton da Silveira da Silva,2,Normal,2,0,1,2.0,0-15,2014,Figueirense,Botafogo-RJ,True
4769,16,Santos,Leandro Damião,45,Normal,45,0,1,45.0,31-45,2014,Santos,Athletico-PR,True
4769,16,Santos,Thiago Ribeiro,67,Normal,67,0,2,67.0,61-75,2014,Santos,Athletico-PR,True
4770,16,Coritiba,Keirrison,63,Penalty,63,0,2,63.0,61-75,2014,Coritiba,Vitoria,True
4770,16,Coritiba,Luiz Eduardo Figueiredo,18,Normal,18,0,1,18.0,16-30,2014,Coritiba,Vitoria,True
4772,16,Chapecoense,Camilo,60,Normal,60,0,2,60.0,46-60,2014,Chapecoense,Fluminense,True
4773,16,Flamengo,Léo Moura,65,Penalty,65,0,2,65.0,61-75,2014,Flamengo,Atletico-MG,True
4773,16,Flamengo,Eduardo da Silva,71,Normal,71,0,2,71.0,61-75,2014,Flamengo,Atletico-MG,True
4773,16,Atletico-MG,Maicosuel,10,Normal,10,0,1,10.0,0-15,2014,Flamengo,Atletico-MG,False
4774,16,Sao Paulo,Paulo Henrique Ganso,36,Normal,36,0,1,36.0,31-45,2014,Internacional,Sao Paulo,False
4775,16,Corinthians,Paolo Guerrero,22,Normal,22,0,1,22.0,16-30,2014,Corinthians,Goias,True
4775,16,Corinthians,Luciano da Rocha Neves,89,Normal,89,0,2,89.0,76-90,2014,Corinthians,Goias,True
4775,16,Corinthians,Elias Mendes Trindade,65,Normal,65,0,2,65.0,61-75,2014,Corinthians,Goias,True
4775,16,Goias,Thiago Henrique Mendes Ribeiro,11,Normal,11,0,1,11.0,0-15,2014,Corinthians,Goias,False
4775,16,Corinthians,Luciano da Rocha Neves,78,Normal,78,0,2,78.0,76-90,2014,Corinthians,Goias,True
4775,16,Goias,Jackson de Souza,60,Normal,60,0,2,60.0,46-60,2014,Corinthians,Goias,False
4775,16,Corinthians,Luciano da Rocha Neves,85,Normal,85,0,2,85.0,76-90,2014,Corinthians,Goias,True
4776,16,Cruzeiro,Dagoberto Pelentier,86,Normal,86,0,2,86.0,76-90,2014,Cruzeiro,Gremio,True
4777,17,Atletico-MG,Diego Tardelli,82,Normal,82,0,2,82.0,76-90,2014,Atletico-MG,Internacional,True
4778,17,Botafogo-RJ,Luis Ramírez,31,Normal,31,0,1,31.0,31-45,2014,Botafogo-RJ,Chapecoense,True
4779,17,Palmeiras,Juninho,14,Normal,14,0,1,14.0,0-15,2014,Palmeiras,Coritiba,True
4780,17,Gremio,Hernán Barcos,49,Normal,49,0,2,49.0,46-60,2014,Gremio,Corinthians,True
4780,17,Corinthians,Paolo Guerrero,62,Normal,62,0,2,62.0,61-75,2014,Gremio,Corinthians,False
4780,17,Gremio,Hernán Barcos,46,Normal,46,0,2,46.0,46-60,2014,Gremio,Corinthians,True
4781,17,Flamengo,Lucas Mugni,78,Penalty,78,0,2,78.0,76-90,2014,Criciuma,Flamengo,False
4781,17,Flamengo,Eduardo da Silva,82,Normal,82,0,2,82.0,76-90,2014,Criciuma,Flamengo,False
4782,17,Figueirense,Everaldo Stum,75,Normal,75,0,2,75.0,61-75,2014,Vitoria,Figueirense,False
4783,17,Sao Paulo,Paulo Henrique Ganso,24,Normal,24,0,1,24.0,16-30,2014,Sao Paulo,Santos,True
4783,17,Sao Paulo,Alexandre Pato,88,Normal,88,0,2,88.0,76-90,2014,Sao Paulo,Santos,True
4783,17,Santos,Gabriel Barbosa,86,Penalty,86,0,2,86.0,76-90,2014,Sao Paulo,Santos,False
4784,17,Fluminense,Fred,80,Normal,80,0,2,80.0,76-90,2014,Fluminense,Sport,True
4784,17,Fluminense,Darío Conca,50,Normal,50,0,2,50.0,46-60,2014,Fluminense,Sport,True
4784,17,Fluminense,Cícero Santos,35,Normal,35,0,1,35.0,31-45,2014,Fluminense,Sport,True
4784,17,Fluminense,Fred,43,Normal,43,0,1,43.0,31-45,2014,Fluminense,Sport,True
4785,17,Cruzeiro,Marcelo Moreno,25,Normal,25,0,1,25.0,16-30,2014,Goias,Cruzeiro,False
4788,18,Cruzeiro,Leonardo Renan Simões de Lacerda,50,Normal,50,0,2,50.0,46-60,2014,Cruzeiro,Chapecoense,True
4788,18,Chapecoense,Zezinho,11,Normal,11,0,1,11.0,0-15,2014,Cruzeiro,Chapecoense,False
4788,18,Cruzeiro,Marcelo Moreno,52,Normal,52,0,2,52.0,46-60,2014,Cruzeiro,Chapecoense,True
4788,18,Chapecoense,Bruno Rangel,70,Normal,70,0,2,70.0,61-75,2014,Cruzeiro,Chapecoense,False
4788,18,Cruzeiro,Marcelo Moreno,71,Normal,71,0,2,71.0,61-75,2014,Cruzeiro,Chapecoense,True
4788,18,Cruzeiro,Alisson Euler de Freitas Castro,58,Normal,58,0,2,58.0,46-60,2014,Cruzeiro,Chapecoense,True
4787,18,Internacional,Jorge Henrique,20,Normal,20,0,1,20.0,16-30,2014,Palmeiras,Internacional,False
4791,18,Sport,Danilo Barcelos,52,Normal,52,0,2,52.0,46-60,2014,Sport,Criciuma,True
4791,18,Sport,Neto Baiano,50,Normal,50,0,2,50.0,46-60,2014,Sport,Criciuma,True
4793,18,Botafogo-RJ,Daniel Corrêa Freitas,63,Normal,63,0,2,63.0,61-75,2014,Botafogo-RJ,Santos,True
4789,18,Corinthians,Romarinho,74,Normal,74,0,2,74.0,61-75,2014,Corinthians,Fluminense,True
4789,18,Fluminense,Fred,43,Penalty,43,0,1,43.0,31-45,2014,Corinthians,Fluminense,False
4792,18,Sao Paulo,Rogério Ceni,76,Penalty,76,0,2,76.0,76-90,2014,Figueirense,Sao Paulo,False
4792,18,Figueirense,Giovanni Augusto,48,Normal,48,0,2,48.0,46-60,2014,Figueirense,Sao Paulo,True
4794,18,Gremio,Hernán Barcos,59,Normal,59,0,2,59.0,46-60,2014,Gremio,Bahia,True
4795,18,Goias,Erik Nascimento de Lima,39,Normal,39,0,1,39.0,31-45,2014,Goias,Athletico-PR,True
4795,18,Goias,Erik Nascimento de Lima,43,Normal,43,0,1,43.0,31-45,2014,Goias,Athletico-PR,True
4795,18,Goias,Erik Nascimento de Lima,84,Normal,84,0,2,84.0,76-90,2014,Goias,Athletico-PR,True
4795,18,Athletico-PR,Cléverson Gabriel Córdova,63,Normal,63,0,2,63.0,61-75,2014,Goias,Athletico-PR,False
4796,18,Vitoria,Caio Canedo Corrêa,40,Normal,40,0,1,40.0,31-45,2014,Vitoria,Flamengo,True
4796,18,Flamengo,Alecsandro,71,Penalty,71,0,2,71.0,61-75,2014,Vitoria,Flamengo,False
4796,18,Flamengo,Marcelo Augusto Mathias da Silva,33,Normal,33,0,1,33.0,31-45,2014,Vitoria,Flamengo,False
4798,19,Gremio,Luan Guilherme de Jesus Vieira,90+1,Normal,90,1,2,90.01,90+,2014,Flamengo,Gremio,False
4797,19,Santos,Leandro Damião,74,Normal,74,0,2,74.0,61-75,2014,Santos,Vitoria,True
4797,19,Vitoria,Telmário de Araújo Sacramento,65,Normal,65,0,2,65.0,61-75,2014,Santos,Vitoria,False
4797,19,Santos,David Braz,47,Normal,47,0,2,47.0,46-60,2014,Santos,Vitoria,True
4797,19,Santos,David Braz,52,Normal,52,0,2,52.0,46-60,2014,Santos,Vitoria,True
4802,19,Atletico-MG,Leonardo Silva,70,Normal,70,0,2,70.0,61-75,2014,Atletico-MG,Botafogo-RJ,True
4800,19,Sao Paulo,Rithely,7,Gol Contra,7,0,1,7.0,0-15,2014,Sao Paulo,Sport,True
4800,19,Sao Paulo,Alexandre Pato,26,Normal,26,0,1,26.0,16-30,2014,Sao Paulo,Sport,True
4803,19,Cruzeiro,Júlio Baptista,44,Normal,44,0,1,44.0,31-45,2014,Fluminense,Cruzeiro,False
4803,19,Fluminense,Wagner Ferreira dos Santos,17,Normal,17,0,1,17.0,16-30,2014,Fluminense,Cruzeiro,True
4803,19,Cruzeiro,Marcelo Moreno,58,Normal,58,0,2,58.0,46-60,2014,Fluminense,Cruzeiro,False
4803,19,Cruzeiro,Júlio Baptista,14,Penalty,14,0,1,14.0,0-15,2014,Fluminense,Cruzeiro,False
4803,19,Fluminense,Cícero Santos,23,Normal,23,0,1,23.0,16-30,2014,Fluminense,Cruzeiro,True
4803,19,Fluminense,Kenedy,88,Normal,88,0,2,88.0,76-90,2014,Fluminense,Cruzeiro,True
4805,19,Athletico-PR,Guilherme Augusto Dellatorre,29,Normal,29,0,1,29.0,16-30,2014,Athletico-PR,Palmeiras,True
4805,19,Palmeiras,Henrique Dourado,53,Penalty,53,0,2,53.0,46-60,2014,Athletico-PR,Palmeiras,False
4806,19,Internacional,Andrés D'Alessandro,18,Penalty,18,0,1,18.0,16-30,2014,Internacional,Figueirense,True
4806,19,Figueirense,Everaldo Stum,51,Normal,51,0,2,51.0,46-60,2014,Internacional,Figueirense,False
4806,19,Figueirense,Marco Antônio Miranda Filho,75,Normal,75,0,2,75.0,61-75,2014,Internacional,Figueirense,False
4806,19,Figueirense,Giovanni Augusto,76,Normal,76,0,2,76.0,76-90,2014,Internacional,Figueirense,False
4806,19,Internacional,Paulo Marcos de Jesus Ribeiro,35,Normal,35,0,1,35.0,31-45,2014,Internacional,Figueirense,True
4807,20,Gremio,Hernán Barcos,90+2,Normal,90,2,2,90.02,90+,2014,Gremio,Athletico-PR,True
4808,20,Palmeiras,Jonatan Cristaldo,82,Normal,82,0,2,82.0,76-90,2014,Palmeiras,Criciuma,True
4809,20,Figueirense,Everaldo Stum,39,Normal,39,0,1,39.0,31-45,2014,Figueirense,Fluminense,True
4809,20,Fluminense,Cícero Santos,85,Normal,85,0,2,85.0,76-90,2014,Figueirense,Fluminense,False
4810,20,Sport,Patric Cabral Lalau,53,Normal,53,0,2,53.0,46-60,2014,Sport,Santos,True
4810,20,Sport,Patric Cabral Lalau,90+1,Normal,90,1,2,90.01,90+,2014,Sport,Santos,True
4810,20,Santos,Thiago Ribeiro,25,Normal,25,0,1,25.0,16-30,2014,Sport,Santos,False
4810,20,Sport,Patric Cabral Lalau,41,Normal,41,0,1,41.0,31-45,2014,Sport,Santos,True
4811,20,Coritiba,Alejandro Martinuccio,14,Normal,14,0,1,14.0,0-15,2014,Coritiba,Chapecoense,True
4811,20,Coritiba,Joel Tagueu,76,Normal,76,0,2,76.0,76-90,2014,Coritiba,Chapecoense,True
4811,20,Coritiba,Róbson Michael Signorini,1,Normal,1,0,1,1.0,0-15,2014,Coritiba,Chapecoense,True
4812,20,Goias,Samuel,70,Normal,70,0,2,70.0,61-75,2014,Goias,Flamengo,True
4813,20,Botafogo-RJ,André Bahia,23,Normal,23,0,1,23.0,16-30,2014,Botafogo-RJ,Sao Paulo,True
4813,20,Sao Paulo,Alexandre Pato,81,Normal,81,0,2,81.0,76-90,2014,Botafogo-RJ,Sao Paulo,False
4813,20,Sao Paulo,Alan Kardec,8,Normal,8,0,1,8.0,0-15,2014,Botafogo-RJ,Sao Paulo,False
4813,20,Sao Paulo,Josef de Souza Dias,37,Normal,37,0,1,37.0,31-45,2014,Botafogo-RJ,Sao Paulo,False
4813,20,Botafogo-RJ,Pablo Zeballos,20,Normal,20,0,1,20.0,16-30,2014,Botafogo-RJ,Sao Paulo,True
4813,20,Sao Paulo,Josef de Souza Dias,42,Normal,42,0,1,42.0,31-45,2014,Botafogo-RJ,Sao Paulo,False
4814,20,Vitoria,Richarlyson,8,Normal,8,0,1,8.0,0-15,2014,Vitoria,Internacional,True
4814,20,Vitoria,Márcio José Oliveira,56,Normal,56,0,2,56.0,46-60,2014,Vitoria,Internacional,True
4815,20,Corinthians,Petros,14,Normal,14,0,1,14.0,0-15,2014,Corinthians,Atletico-MG,True
4816,20,Cruzeiro,Ricardo Goulart,71,Normal,71,0,2,71.0,61-75,2014,Cruzeiro,Bahia,True
4816,20,Cruzeiro,Éverton Ribeiro,54,Penalty,54,0,2,54.0,46-60,2014,Cruzeiro,Bahia,True
4816,20,Bahia,Rafael Miranda,30,Normal,30,0,1,30.0,16-30,2014,Cruzeiro,Bahia,False
4817,21,Fluminense,Fred,35,Penalty,35,0,1,35.0,31-45,2014,Fluminense,Palmeiras,True
4817,21,Fluminense,Fred,7,Normal,7,0,1,7.0,0-15,2014,Fluminense,Palmeiras,True
4817,21,Fluminense,Darío Conca,63,Normal,63,0,2,63.0,61-75,2014,Fluminense,Palmeiras,True
4818,21,Chapecoense,Douglas Grolli,42,Normal,42,0,1,42.0,31-45,2014,Chapecoense,Sport,True
4818,21,Chapecoense,Douglas Grolli,87,Normal,87,0,2,87.0,76-90,2014,Chapecoense,Sport,True
4818,21,Chapecoense,Tiago Luís Martins,46,Normal,46,0,2,46.0,46-60,2014,Chapecoense,Sport,True
4818,21,Sport,Felipe Azevedo,83,Penalty,83,0,2,83.0,76-90,2014,Chapecoense,Sport,False
4819,21,Santos,Robinho,39,Normal,39,0,1,39.0,31-45,2014,Santos,Coritiba,True
4819,21,Coritiba,Luiz Eduardo Figueiredo,88,Normal,88,0,2,88.0,76-90,2014,Santos,Coritiba,False
4819,21,Santos,Lucas Rafael Araújo Lima,13,Normal,13,0,1,13.0,0-15,2014,Santos,Coritiba,True
4820,21,Bahia,Maxi Biancucchi,84,Normal,84,0,2,84.0,76-90,2014,Bahia,Figueirense,True
4820,21,Bahia,Kieza,18,Normal,18,0,1,18.0,16-30,2014,Bahia,Figueirense,True
4820,21,Bahia,Kieza,25,Normal,25,0,1,25.0,16-30,2014,Bahia,Figueirense,True
4822,21,Flamengo,Wallace Reis da Silva,65,Normal,65,0,2,65.0,61-75,2014,Flamengo,Corinthians,True
4821,21,Internacional,Alex Raphael Meschini,41,Normal,41,0,1,41.0,31-45,2014,Internacional,Botafogo-RJ,True
4821,21,Internacional,Eduardo Sasha,59,Normal,59,0,2,59.0,46-60,2014,Internacional,Botafogo-RJ,True
4823,21,Sao Paulo,Rogério Ceni,36,Penalty,36,0,1,36.0,31-45,2014,Sao Paulo,Cruzeiro,True
4823,21,Sao Paulo,Alan Kardec,71,Normal,71,0,2,71.0,61-75,2014,Sao Paulo,Cruzeiro,True
4824,21,Athletico-PR,Marcelo Cirino da Silva,30,Normal,30,0,1,30.0,16-30,2014,Athletico-PR,Vitoria,True
4824,21,Athletico-PR,Hernani Azevedo Junior,70,Normal,70,0,2,70.0,61-75,2014,Athletico-PR,Vitoria,True
4826,21,Criciuma,Luís Felipe Dias do Nascimento,63,Normal,63,0,2,63.0,61-75,2014,Criciuma,Goias,True
4827,22,Vitoria,Telmário de Araújo Sacramento,67,Normal,67,0,2,67.0,61-75,2014,Vitoria,Fluminense,True
4827,22,Vitoria,William Henrique,71,Normal,71,0,2,71.0,61-75,2014,Vitoria,Fluminense,True
4827,22,Vitoria,Vinícius Santos Silva,76,Normal,76,0,2,76.0,76-90,2014,Vitoria,Fluminense,True
4827,22,Fluminense,Cícero Santos,19,Normal,19,0,1,19.0,16-30,2014,Vitoria,Fluminense,False
4828,22,Cruzeiro,Alisson Euler de Freitas Castro,27,Normal,27,0,1,27.0,16-30,2014,Cruzeiro,Athletico-PR,True
4828,22,Cruzeiro,Marcelo Moreno,55,Normal,55,0,2,55.0,46-60,2014,Cruzeiro,Athletico-PR,True
4830,22,Figueirense,Thiago Heleno,63,Normal,63,0,2,63.0,61-75,2014,Figueirense,Criciuma,True
4830,22,Criciuma,Silvinho,45+1,Normal,45,1,1,45.01,45+,2014,Figueirense,Criciuma,False
4831,22,Bahia,Dankler,31,Gol Contra,31,0,1,31.0,31-45,2014,Botafogo-RJ,Bahia,False
4831,22,Botafogo-RJ,Emerson Sheik,29,Normal,29,0,1,29.0,16-30,2014,Botafogo-RJ,Bahia,True
4831,22,Botafogo-RJ,Emerson Sheik,43,Penalty,43,0,1,43.0,31-45,2014,Botafogo-RJ,Bahia,True
4831,22,Bahia,Maxi Biancucchi,73,Normal,73,0,2,73.0,61-75,2014,Botafogo-RJ,Bahia,False
4831,22,Bahia,Wellington Clayton Gonçalves dos Santos,90,Normal,90,0,2,90.0,76-90,2014,Botafogo-RJ,Bahia,False
4833,22,Coritiba,Joel Tagueu,63,Normal,63,0,2,63.0,61-75,2014,Coritiba,Sao Paulo,True
4833,22,Coritiba,Joel Tagueu,86,Normal,86,0,2,86.0,76-90,2014,Coritiba,Sao Paulo,True
4833,22,Sao Paulo,Michel Bastos,45+1,Normal,45,1,1,45.01,45+,2014,Coritiba,Sao Paulo,False
4833,22,Coritiba,Hélder,60,Normal,60,0,2,60.0,46-60,2014,Coritiba,Sao Paulo,True
4832,22,Palmeiras,Victor Luis,69,Normal,69,0,2,69.0,61-75,2014,Palmeiras,Flamengo,True
4832,22,Flamengo,Héctor Canteros,13,Normal,13,0,1,13.0,0-15,2014,Palmeiras,Flamengo,False
4832,22,Flamengo,Alecsandro,32,Normal,32,0,1,32.0,31-45,2014,Palmeiras,Flamengo,False
4832,22,Palmeiras,Diogo Luís Santo,48,Normal,48,0,2,48.0,46-60,2014,Palmeiras,Flamengo,True
4834,22,Chapecoense,Wéverton Almeida Santos,50,Gol Contra,50,0,2,50.0,46-60,2014,Corinthians,Chapecoense,False
4834,22,Corinthians,Malcom Filipe Silva de Oliveira,10,Normal,10,0,1,10.0,0-15,2014,Corinthians,Chapecoense,True
4835,22,Goias,Erik Nascimento de Lima,79,Normal,79,0,2,79.0,76-90,2014,Goias,Atletico-MG,True
4835,22,Atletico-MG,Carlos Júnior,45,Normal,45,0,1,45.0,31-45,2014,Goias,Atletico-MG,False
4835,22,Goias,Jackson de Souza,90+3,Normal,90,3,2,90.03,90+,2014,Goias,Atletico-MG,True
4835,22,Atletico-MG,Guilherme Milhomem Gusmão,18,Normal,18,0,1,18.0,16-30,2014,Goias,Atletico-MG,False
4835,22,Atletico-MG,Guilherme Milhomem Gusmão,42,Normal,42,0,1,42.0,31-45,2014,Goias,Atletico-MG,False
4837,23,Internacional,Rafael Moura,81,Normal,81,0,2,81.0,76-90,2014,Athletico-PR,Internacional,False
4838,23,Criciuma,Paulo Baier,68,Penalty,68,0,2,68.0,61-75,2014,Criciuma,Botafogo-RJ,True
4838,23,Botafogo-RJ,Pablo Zeballos,37,Penalty,37,0,1,37.0,31-45,2014,Criciuma,Botafogo-RJ,False
4839,23,Atletico-MG,Carlos Júnior,39,Normal,39,0,1,39.0,31-45,2014,Cruzeiro,Atletico-MG,False
4839,23,Atletico-MG,Carlos Júnior,90+1,Normal,90,1,2,90.01,90+,2014,Cruzeiro,Atletico-MG,False
4839,23,Atletico-MG,Diego Tardelli,41,Normal,41,0,1,41.0,31-45,2014,Cruzeiro,Atletico-MG,False
4839,23,Cruzeiro,Ricardo Goulart,45+2,Normal,45,2,1,45.02,45+,2014,Cruzeiro,Atletico-MG,True
4839,23,Cruzeiro,Alisson Euler de Freitas Castro,52,Normal,52,0,2,52.0,46-60,2014,Cruzeiro,Atletico-MG,True
4843,23,Vitoria,Kadu,9,Normal,9,0,1,9.0,0-15,2014,Vitoria,Bahia,True
4843,23,Vitoria,Luiz Gustavo,53,Normal,53,0,2,53.0,46-60,2014,Vitoria,Bahia,True
4843,23,Bahia,Kieza,6,Normal,6,0,1,6.0,0-15,2014,Vitoria,Bahia,False
4840,23,Fluminense,Fred,45,Normal,45,0,1,45.0,31-45,2014,Flamengo,Fluminense,False
4840,23,Flamengo,Eduardo da Silva,27,Normal,27,0,1,27.0,16-30,2014,Flamengo,Fluminense,True
4842,23,Corinthians,Fábio Santos,36,Penalty,36,0,1,36.0,31-45,2014,Corinthians,Sao Paulo,True
4842,23,Sao Paulo,Édson José da Silva,45,Normal,45,0,1,45.0,31-45,2014,Corinthians,Sao Paulo,False
4842,23,Corinthians,Fábio Santos,66,Penalty,66,0,2,66.0,61-75,2014,Corinthians,Sao Paulo,True
4842,23,Corinthians,Paolo Guerrero,74,Normal,74,0,2,74.0,61-75,2014,Corinthians,Sao Paulo,True
4842,23,Sao Paulo,Josef de Souza Dias,6,Normal,6,0,1,6.0,0-15,2014,Corinthians,Sao Paulo,False
4841,23,Sport,Felipe Azevedo,75,Normal,75,0,2,75.0,61-75,2014,Sport,Coritiba,True
4845,23,Goias,Esquerdinha,12,Normal,12,0,1,12.0,0-15,2014,Goias,Palmeiras,True
4845,23,Goias,Welinton Júnior,90,Normal,90,0,2,90.0,76-90,2014,Goias,Palmeiras,True
4845,23,Goias,Erik Nascimento de Lima,27,Normal,27,0,1,27.0,16-30,2014,Goias,Palmeiras,True
4845,23,Goias,David França Oliveira e Silva,37,Normal,37,0,1,37.0,31-45,2014,Goias,Palmeiras,True
4845,23,Goias,Ramón Rodrigo de Freitas,7,Normal,7,0,1,7.0,0-15,2014,Goias,Palmeiras,True
4845,23,Goias,Thiago Henrique Mendes Ribeiro,49,Normal,49,0,2,49.0,46-60,2014,Goias,Palmeiras,True
4846,23,Gremio,Eduardo Pereira Rodrigues,8,Normal,8,0,1,8.0,0-15,2014,Gremio,Chapecoense,True
4844,23,Santos,Leandro Damião,41,Normal,41,0,1,41.0,31-45,2014,Santos,Figueirense,True
4844,23,Santos,Robinho,57,Normal,57,0,2,57.0,46-60,2014,Santos,Figueirense,True
4844,23,Figueirense,Giovanni Augusto,45+3,Penalty,45,3,1,45.03,45+,2014,Santos,Figueirense,False
4844,23,Santos,Lucas Rafael Araújo Lima,89,Normal,89,0,2,89.0,76-90,2014,Santos,Figueirense,True
4847,24,Internacional,Andrés D'Alessandro,52,Normal,52,0,2,52.0,46-60,2014,Internacional,Criciuma,True
4847,24,Internacional,Charles Aránguiz,39,Normal,39,0,1,39.0,31-45,2014,Internacional,Criciuma,True
4847,24,Internacional,Eduardo Sasha,48,Normal,48,0,2,48.0,46-60,2014,Internacional,Criciuma,True
4848,24,Coritiba,Alejandro Martinuccio,62,Normal,62,0,2,62.0,61-75,2014,Coritiba,Cruzeiro,True
4848,24,Cruzeiro,Éverton Ribeiro,39,Normal,39,0,1,39.0,31-45,2014,Coritiba,Cruzeiro,False
4848,24,Cruzeiro,Marcelo Moreno,8,Penalty,8,0,1,8.0,0-15,2014,Coritiba,Cruzeiro,False
4850,24,Chapecoense,Bruno César Pereira da Silva,10,Normal,10,0,1,10.0,0-15,2014,Chapecoense,Athletico-PR,True
4850,24,Chapecoense,Camilo,67,Normal,67,0,2,67.0,61-75,2014,Chapecoense,Athletico-PR,True
4850,24,Chapecoense,Leandro,89,Normal,89,0,2,89.0,76-90,2014,Chapecoense,Athletico-PR,True
4849,24,Bahia,Railan dos Santos Reis,72,Normal,72,0,2,72.0,61-75,2014,Bahia,Sport,True
4852,24,Figueirense,Marcos Assis de Santana,84,Normal,84,0,2,84.0,76-90,2014,Figueirense,Corinthians,True
4851,24,Sao Paulo,Rogério Ceni,18,Penalty,18,0,1,18.0,16-30,2014,Sao Paulo,Flamengo,True
4851,24,Flamengo,Éverton Cardoso da Silva,35,Normal,35,0,1,35.0,31-45,2014,Sao Paulo,Flamengo,False
4851,24,Flamengo,Alecsandro,87,Normal,87,0,2,87.0,76-90,2014,Sao Paulo,Flamengo,False
4851,24,Sao Paulo,Luís Fabiano,90,Normal,90,0,2,90.0,76-90,2014,Sao Paulo,Flamengo,True
4855,24,Botafogo-RJ,Fabian Guedes,62,Normal,62,0,2,62.0,61-75,2014,Botafogo-RJ,Goias,True
4854,24,Palmeiras,Henrique Dourado,63,Normal,63,0,2,63.0,61-75,2014,Palmeiras,Vitoria,True
4854,24,Palmeiras,Lucimar da Silva Ferreira,26,Normal,26,0,1,26.0,16-30,2014,Palmeiras,Vitoria,True
4856,24,Santos,Thiago Ribeiro,60,Normal,60,0,2,60.0,46-60,2014,Atletico-MG,Santos,False
4856,24,Santos,Geuvânio,84,Normal,84,0,2,84.0,76-90,2014,Atletico-MG,Santos,False
4856,24,Atletico-MG,Neuciano Gusmão,24,Gol Contra,24,0,1,24.0,16-30,2014,Atletico-MG,Santos,True
4856,24,Atletico-MG,Diego Tardelli,12,Normal,12,0,1,12.0,0-15,2014,Atletico-MG,Santos,True
4856,24,Atletico-MG,Diego Tardelli,54,Normal,54,0,2,54.0,46-60,2014,Atletico-MG,Santos,True
4857,25,Chapecoense,Leandro,24,Normal,24,0,1,24.0,16-30,2014,Chapecoense,Criciuma,True
4857,25,Criciuma,Souza,54,Normal,54,0,2,54.0,46-60,2014,Chapecoense,Criciuma,False
4859,25,Sao Paulo,Alexandre Pato,57,Normal,57,0,2,57.0,46-60,2014,Sao Paulo,Fluminense,True
4859,25,Fluminense,Fred,53,Normal,53,0,2,53.0,46-60,2014,Sao Paulo,Fluminense,False
4859,25,Fluminense,Wagner Ferreira dos Santos,73,Normal,73,0,2,73.0,61-75,2014,Sao Paulo,Fluminense,False
4859,25,Fluminense,Darío Conca,90,Normal,90,0,2,90.0,76-90,2014,Sao Paulo,Fluminense,False
4862,25,Gremio,Hernán Barcos,50,Normal,50,0,2,50.0,46-60,2014,Botafogo-RJ,Gremio,False
4862,25,Gremio,Hernán Barcos,77,Normal,77,0,2,77.0,76-90,2014,Botafogo-RJ,Gremio,False
4860,25,Bahia,Emanuel Biancucchi,18,Normal,18,0,1,18.0,16-30,2014,Bahia,Flamengo,True
4860,25,Bahia,Emanuel Biancucchi,49,Penalty,49,0,2,49.0,46-60,2014,Bahia,Flamengo,True
4860,25,Flamengo,Eduardo da Silva,62,Normal,62,0,2,62.0,61-75,2014,Bahia,Flamengo,False
4861,25,Athletico-PR,Cléverson Gabriel Córdova,42,Penalty,42,0,1,42.0,31-45,2014,Athletico-PR,Corinthians,True
4863,25,Atletico-MG,Diego Tardelli,86,Normal,86,0,2,86.0,76-90,2014,Atletico-MG,Vitoria,True
4863,25,Atletico-MG,Guilherme Milhomem Gusmão,90+3,Normal,90,3,2,90.03,90+,2014,Atletico-MG,Vitoria,True
4866,25,Santos,David Braz,14,Normal,14,0,1,14.0,0-15,2014,Santos,Goias,True
4866,25,Santos,Geuvânio,63,Normal,63,0,2,63.0,61-75,2014,Santos,Goias,True
4864,25,Figueirense,Marcos Assis de Santana,81,Normal,81,0,2,81.0,76-90,2014,Figueirense,Palmeiras,True
4864,25,Palmeiras,Jonatan Cristaldo,35,Normal,35,0,1,35.0,31-45,2014,Figueirense,Palmeiras,False
4864,25,Figueirense,Clayton da Silveira da Silva,76,Normal,76,0,2,76.0,76-90,2014,Figueirense,Palmeiras,True
4864,25,Figueirense,Clayton da Silveira da Silva,78,Normal,78,0,2,78.0,76-90,2014,Figueirense,Palmeiras,True
4865,25,Internacional,Eduardo Sasha,44,Normal,44,0,1,44.0,31-45,2014,Internacional,Coritiba,True
4865,25,Internacional,Eduardo Sasha,73,Normal,73,0,2,73.0,61-75,2014,Internacional,Coritiba,True
4865,25,Internacional,Andrés D'Alessandro,11,Normal,11,0,1,11.0,0-15,2014,Internacional,Coritiba,True
4865,25,Coritiba,Leandro Almeida,15,Normal,15,0,1,15.0,0-15,2014,Internacional,Coritiba,False
4865,25,Internacional,Alex Raphael Meschini,32,Normal,32,0,1,32.0,31-45,2014,Internacional,Coritiba,True
4865,25,Coritiba,Zé Love,64,Normal,64,0,2,64.0,61-75,2014,Internacional,Coritiba,False
4867,26,Palmeiras,Henrique Dourado,70,Penalty,70,0,2,70.0,61-75,2014,Palmeiras,Chapecoense,True
4867,26,Chapecoense,Leandro,41,Normal,41,0,1,41.0,31-45,2014,Palmeiras,Chapecoense,False
4867,26,Chapecoense,Leandro,90+2,Normal,90,2,2,90.02,90+,2014,Palmeiras,Chapecoense,False
4867,26,Palmeiras,Wesley Lopes Beltrame,52,Normal,52,0,2,52.0,46-60,2014,Palmeiras,Chapecoense,True
4867,26,Palmeiras,Henrique Dourado,66,Penalty,66,0,2,66.0,61-75,2014,Palmeiras,Chapecoense,True
4867,26,Palmeiras,Henrique Dourado,58,Normal,58,0,2,58.0,46-60,2014,Palmeiras,Chapecoense,True
4868,26,Santos,Robinho,25,Normal,25,0,1,25.0,16-30,2014,Flamengo,Santos,False
4871,26,Vitoria,Márcio José Oliveira,52,Penalty,52,0,2,52.0,46-60,2014,Vitoria,Botafogo-RJ,True
4871,26,Vitoria,Márcio José Oliveira,74,Normal,74,0,2,74.0,61-75,2014,Vitoria,Botafogo-RJ,True
4871,26,Botafogo-RJ,José Rogério de Oliveira Melo,68,Normal,68,0,2,68.0,61-75,2014,Vitoria,Botafogo-RJ,False
4869,26,Bahia,Marcos Aurélio de Oliveira Lima,83,Normal,83,0,2,83.0,76-90,2014,Fluminense,Bahia,False
4869,26,Fluminense,Fred,22,Normal,22,0,1,22.0,16-30,2014,Fluminense,Bahia,True
4872,26,Sao Paulo,Rogério Ceni,55,Penalty,55,0,2,55.0,46-60,2014,Gremio,Sao Paulo,False
4870,26,Coritiba,Hélder,46,Normal,46,0,2,46.0,46-60,2014,Coritiba,Athletico-PR,True
4875,26,Criciuma,Souza,61,Normal,61,0,2,61.0,61-75,2014,Criciuma,Atletico-MG,True
4875,26,Atletico-MG,Carlos Júnior,13,Normal,13,0,1,13.0,0-15,2014,Criciuma,Atletico-MG,False
4875,26,Criciuma,Rafael Pereira dos Santos,6,Normal,6,0,1,6.0,0-15,2014,Criciuma,Atletico-MG,True
4875,26,Criciuma,Souza,19,Normal,19,0,1,19.0,16-30,2014,Criciuma,Atletico-MG,True
4873,26,Corinthians,Anderson Martins,25,Normal,25,0,1,25.0,16-30,2014,Corinthians,Sport,True
4873,26,Corinthians,Paolo Guerrero,73,Normal,73,0,2,73.0,61-75,2014,Corinthians,Sport,True
4873,26,Corinthians,Luciano da Rocha Neves,90+3,Normal,90,3,2,90.03,90+,2014,Corinthians,Sport,True
4874,26,Cruzeiro,Marcos Antônio da Silva Gonçalves,34,Normal,34,0,1,34.0,31-45,2014,Cruzeiro,Internacional,True
4874,26,Internacional,Alex Raphael Meschini,56,Normal,56,0,2,56.0,46-60,2014,Cruzeiro,Internacional,False
4874,26,Cruzeiro,Marcelo Moreno,20,Normal,20,0,1,20.0,16-30,2014,Cruzeiro,Internacional,True
4876,26,Goias,Ramón Rodrigo de Freitas,35,Normal,35,0,1,35.0,31-45,2014,Goias,Figueirense,True
4879,27,Sao Paulo,Maicon,6,Normal,6,0,1,6.0,0-15,2014,Sao Paulo,Athletico-PR,True
4877,27,Palmeiras,Henrique Dourado,50,Normal,50,0,2,50.0,46-60,2014,Botafogo-RJ,Palmeiras,False
4878,27,Coritiba,Luccas Claro,45+2,Normal,45,2,1,45.02,45+,2014,Coritiba,Criciuma,True
4880,27,Goias,Erik Nascimento de Lima,73,Normal,73,0,2,73.0,61-75,2014,Vitoria,Goias,False
4880,27,Goias,Bruno Mineiro,75,Normal,75,0,2,75.0,61-75,2014,Vitoria,Goias,False
4880,27,Vitoria,Edno,3,Normal,3,0,1,3.0,0-15,2014,Vitoria,Goias,True
4880,27,Vitoria,Edno,42,Normal,42,0,1,42.0,31-45,2014,Vitoria,Goias,True
4882,27,Gremio,Eduardo Pereira Rodrigues,76,Normal,76,0,2,76.0,76-90,2014,Gremio,Sport,True
4882,27,Gremio,Alan Ruiz,30,Normal,30,0,1,30.0,16-30,2014,Gremio,Sport,True
4881,27,Corinthians,Luciano da Rocha Neves,73,Normal,73,0,2,73.0,61-75,2014,Cruzeiro,Corinthians,False
4883,27,Figueirense,Marcelino Júnior Lopes Arruda,57,Normal,57,0,2,57.0,46-60,2014,Figueirense,Flamengo,True
4883,27,Flamengo,Eduardo da Silva,5,Normal,5,0,1,5.0,0-15,2014,Figueirense,Flamengo,False
4883,27,Flamengo,Nixon Darlanio Reis Cardoso,90+3,Normal,90,3,2,90.03,90+,2014,Figueirense,Flamengo,False
4884,27,Santos,Leandro Damião,11,Normal,11,0,1,11.0,0-15,2014,Santos,Bahia,True
4886,27,Chapecoense,Leandro,60,Normal,60,0,2,60.0,46-60,2014,Chapecoense,Internacional,True
4886,27,Chapecoense,Diones,36,Normal,36,0,1,36.0,31-45,2014,Chapecoense,Internacional,True
4886,27,Chapecoense,Diones,76,Normal,76,0,2,76.0,76-90,2014,Chapecoense,Internacional,True
4886,27,Chapecoense,Camilo,89,Penalty,89,0,2,89.0,76-90,2014,Chapecoense,Internacional,True
4886,27,Chapecoense,Leandro,40,Normal,40,0,1,40.0,31-45,2014,Chapecoense,Internacional,True
4696,9,Botafogo-RJ,Wallyson,29,Penalty,29,0,1,29.0,16-30,2014,Botafogo-RJ,Corinthians,True
4698,28,Goias,David França Oliveira e Silva,25,Normal,25,0,1,25.0,16-30,2014,Goias,Coritiba,True
4698,28,Goias,Erik Nascimento de Lima,53,Normal,53,0,2,53.0,46-60,2014,Goias,Coritiba,True
4698,28,Goias,Jackson de Souza,10,Normal,10,0,1,10.0,0-15,2014,Goias,Coritiba,True
4699,28,Gremio,Hernán Barcos,56,Penalty,56,0,2,56.0,46-60,2014,Palmeiras,Gremio,False
4699,28,Palmeiras,Pablo Mouche,67,Normal,67,0,2,67.0,61-75,2014,Palmeiras,Gremio,True
4699,28,Palmeiras,João Pedro Maturano dos Santos,75,Normal,75,0,2,75.0,61-75,2014,Palmeiras,Gremio,True
4700,28,Flamengo,Héctor Canteros,57,Normal,57,0,2,57.0,46-60,2014,Flamengo,Cruzeiro,True
4700,28,Flamengo,Gabriel Santana,62,Normal,62,0,2,62.0,61-75,2014,Flamengo,Cruzeiro,True
4700,28,Flamengo,Dedé,15,Gol Contra,15,0,1,15.0,0-15,2014,Flamengo,Cruzeiro,True
4701,28,Chapecoense,Tiago Luís Martins,39,Normal,39,0,1,39.0,31-45,2014,Bahia,Chapecoense,False
4702,28,Internacional,Valdívia,87,Normal,87,0,2,87.0,76-90,2014,Internacional,Fluminense,True
4702,28,Fluminense,Fred,86,Normal,86,0,2,86.0,76-90,2014,Internacional,Fluminense,False
4702,28,Internacional,Alex Raphael Meschini,53,Normal,53,0,2,53.0,46-60,2014,Internacional,Fluminense,True
4703,28,Atletico-MG,Luan Madson Gedeão de Paiva,72,Normal,72,0,2,72.0,61-75,2014,Atletico-MG,Sao Paulo,True
4704,28,Athletico-PR,Guilherme Augusto Dellatorre,90+1,Normal,90,1,2,90.01,90+,2014,Athletico-PR,Figueirense,True
4704,28,Athletico-PR,Renato Baruffi,69,Normal,69,0,2,69.0,61-75,2014,Athletico-PR,Figueirense,True
4704,28,Athletico-PR,Guilherme Augusto Dellatorre,50,Normal,50,0,2,50.0,46-60,2014,Athletico-PR,Figueirense,True
4706,28,Criciuma,Joílson de Jesus Cardoso,17,Normal,17,0,1,17.0,16-30,2014,Criciuma,Santos,True
4706,28,Criciuma,Rodrigo Souza,23,Normal,23,0,1,23.0,16-30,2014,Criciuma,Santos,True
4706,28,Criciuma,Lucca Borges de Brito,61,Normal,61,0,2,61.0,61-75,2014,Criciuma,Santos,True
4705,28,Sport,Diego Souza,41,Normal,41,0,1,41.0,31-45,2014,Sport,Vitoria,True
4705,28,Vitoria,Rithely,1,Gol Contra,1,0,1,1.0,0-15,2014,Sport,Vitoria,False
4705,28,Vitoria,Telmário de Araújo Sacramento,28,Normal,28,0,1,28.0,16-30,2014,Sport,Vitoria,False
4888,29,Sao Paulo,Rogério Ceni,40,Normal,40,0,1,40.0,31-45,2014,Sao Paulo,Bahia,True
4888,29,Sao Paulo,Paulo Henrique Ganso,79,Normal,79,0,2,79.0,76-90,2014,Sao Paulo,Bahia,True
4888,29,Bahia,Fahel,88,Normal,88,0,2,88.0,76-90,2014,Sao Paulo,Bahia,False
4889,29,Fluminense,Fred,85,Penalty,85,0,2,85.0,76-90,2014,Fluminense,Criciuma,True
4889,29,Fluminense,Wagner Ferreira dos Santos,45+2,Normal,45,2,1,45.02,45+,2014,Fluminense,Criciuma,True
4889,29,Criciuma,Lucca Borges de Brito,69,Normal,69,0,2,69.0,61-75,2014,Fluminense,Criciuma,False
4889,29,Fluminense,Wagner Ferreira dos Santos,50,Normal,50,0,2,50.0,46-60,2014,Fluminense,Criciuma,True
4889,29,Fluminense,Darío Conca,56,Normal,56,0,2,56.0,46-60,2014,Fluminense,Criciuma,True
4889,29,Criciuma,Ronaldo Alves,45,Normal,45,0,1,45.0,31-45,2014,Fluminense,Criciuma,False
4890,29,Atletico-MG,Douglas Santos,29,Normal,29,0,1,29.0,16-30,2014,Atletico-MG,Chapecoense,True
4891,29,Athletico-PR,Cléverson Gabriel Córdova,45+1,Penalty,45,1,1,45.01,45+,2014,Athletico-PR,Flamengo,True
4891,29,Athletico-PR,Cléverson Gabriel Córdova,17,Normal,17,0,1,17.0,16-30,2014,Athletico-PR,Flamengo,True
4891,29,Flamengo,Eduardo da Silva,8,Normal,8,0,1,8.0,0-15,2014,Athletico-PR,Flamengo,False
4892,29,Figueirense,Marcos Assis de Santana,73,Normal,73,0,2,73.0,61-75,2014,Figueirense,Coritiba,True
4892,29,Figueirense,Marcos Assis de Santana,90,Normal,90,0,2,90.0,76-90,2014,Figueirense,Coritiba,True
4892,29,Figueirense,Marco Antônio Miranda Filho,33,Penalty,33,0,1,33.0,31-45,2014,Figueirense,Coritiba,True
4892,29,Figueirense,Marcelino Júnior Lopes Arruda,88,Normal,88,0,2,88.0,76-90,2014,Figueirense,Coritiba,True
4893,29,Corinthians,Paolo Guerrero,4,Normal,4,0,1,4.0,0-15,2014,Internacional,Corinthians,False
4893,29,Corinthians,Carlos Gilberto do Nascimento Silva,45+9,Normal,45,9,1,45.09,45+,2014,Internacional,Corinthians,False
4893,29,Internacional,Nilmar,73,Normal,73,0,2,73.0,61-75,2014,Internacional,Corinthians,True
4894,29,Santos,Gabriel Barbosa,44,Normal,44,0,1,44.0,31-45,2014,Palmeiras,Santos,False
4894,29,Santos,Gabriel Barbosa,49,Normal,49,0,2,49.0,46-60,2014,Palmeiras,Santos,False
4894,29,Palmeiras,Henrique Dourado,89,Normal,89,0,2,89.0,76-90,2014,Palmeiras,Santos,True
4894,29,Santos,Geuvânio,41,Normal,41,0,1,41.0,31-45,2014,Palmeiras,Santos,False
4896,29,Sport,Diego Souza,22,Normal,22,0,1,22.0,16-30,2014,Botafogo-RJ,Sport,False
4896,29,Botafogo-RJ,Wallyson,59,Normal,59,0,2,59.0,46-60,2014,Botafogo-RJ,Sport,True
4895,29,Cruzeiro,Dedé,84,Normal,84,0,2,84.0,76-90,2014,Vitoria,Cruzeiro,False
4897,30,Bahia,Guilherme Oliveira Santos,85,Normal,85,0,2,85.0,76-90,2014,Bahia,Atletico-MG,True
4897,30,Atletico-MG,Luan Madson Gedeão de Paiva,54,Normal,54,0,2,54.0,46-60,2014,Bahia,Atletico-MG,False
4901,30,Cruzeiro,Dagoberto Pelentier,90+3,Normal,90,3,2,90.03,90+,2014,Cruzeiro,Palmeiras,True
4901,30,Palmeiras,Pablo Mouche,89,Normal,89,0,2,89.0,76-90,2014,Cruzeiro,Palmeiras,False
4898,30,Corinthians,Luciano da Rocha Neves,80,Normal,80,0,2,80.0,76-90,2014,Corinthians,Vitoria,True
4898,30,Vitoria,Edno,84,Normal,84,0,2,84.0,76-90,2014,Corinthians,Vitoria,False
4898,30,Corinthians,Fábio Santos,19,Normal,19,0,1,19.0,16-30,2014,Corinthians,Vitoria,True
4899,30,Flamengo,Gabriel Santana,69,Normal,69,0,2,69.0,61-75,2014,Flamengo,Internacional,True
4899,30,Flamengo,Gabriel Santana,90+1,Normal,90,1,2,90.01,90+,2014,Flamengo,Internacional,True
4900,30,Athletico-PR,Cléverson Gabriel Córdova,78,Normal,78,0,2,78.0,76-90,2014,Criciuma,Athletico-PR,False
4902,30,Gremio,Hernán Barcos,38,Penalty,38,0,1,38.0,31-45,2014,Gremio,Figueirense,True
4903,30,Coritiba,Alexsandro de Souza,88,Normal,88,0,2,88.0,76-90,2014,Coritiba,Botafogo-RJ,True
4903,30,Coritiba,Joel Tagueu,29,Normal,29,0,1,29.0,16-30,2014,Coritiba,Botafogo-RJ,True
4905,30,Fluminense,Edson Felipe da Cruz,90+1,Normal,90,1,2,90.01,90+,2014,Santos,Fluminense,False
4906,30,Goias,Esquerdinha,90,Normal,90,0,2,90.0,76-90,2014,Sport,Goias,False
4907,31,Cruzeiro,Marcos Antônio da Silva Gonçalves,36,Normal,36,0,1,36.0,31-45,2014,Figueirense,Cruzeiro,False
4907,31,Figueirense,Pablo Felipe Teixeira,90+2,Normal,90,2,2,90.02,90+,2014,Figueirense,Cruzeiro,True
4909,31,Fluminense,Fred,90+2,Normal,90,2,2,90.02,90+,2014,Fluminense,Athletico-PR,True
4909,31,Athletico-PR,Cleberson Martins de Souza,90+1,Normal,90,1,2,90.01,90+,2014,Fluminense,Athletico-PR,False
4909,31,Fluminense,Wagner Ferreira dos Santos,48,Normal,48,0,2,48.0,46-60,2014,Fluminense,Athletico-PR,True
4908,31,Palmeiras,Henrique Dourado,26,Normal,26,0,1,26.0,16-30,2014,Palmeiras,Corinthians,True
4908,31,Corinthians,Danilo Gabriel de Andrade,90+1,Normal,90,1,2,90.01,90+,2014,Palmeiras,Corinthians,False
4910,31,Vitoria,Edno,86,Penalty,86,0,2,86.0,76-90,2014,Vitoria,Criciuma,True
4910,31,Criciuma,Rodrigo Souza,67,Normal,67,0,2,67.0,61-75,2014,Vitoria,Criciuma,False
4910,31,Vitoria,Telmário de Araújo Sacramento,63,Normal,63,0,2,63.0,61-75,2014,Vitoria,Criciuma,True
4910,31,Vitoria,Edno,79,Normal,79,0,2,79.0,76-90,2014,Vitoria,Criciuma,True
4911,31,Sport,Rodrigo Mancha,18,Normal,18,0,1,18.0,16-30,2014,Atletico-MG,Sport,False
4911,31,Atletico-MG,Tiago Pagnussat,35,Normal,35,0,1,35.0,31-45,2014,Atletico-MG,Sport,True
4911,31,Sport,Danilo Barcelos,79,Normal,79,0,2,79.0,76-90,2014,Atletico-MG,Sport,False
4911,31,Atletico-MG,Jesús Dátolo,48,Normal,48,0,2,48.0,46-60,2014,Atletico-MG,Sport,True
4911,31,Atletico-MG,Carlos Júnior,69,Normal,69,0,2,69.0,61-75,2014,Atletico-MG,Sport,True
4912,31,Chapecoense,Leandro,90+1,Normal,90,1,2,90.01,90+,2014,Chapecoense,Santos,True
4912,31,Santos,Bruno Uvini,13,Normal,13,0,1,13.0,0-15,2014,Chapecoense,Santos,False
4913,31,Coritiba,Leandro Almeida,31,Normal,31,0,1,31.0,31-45,2014,Coritiba,Gremio,True
4913,31,Gremio,Cristian Riveros,85,Normal,85,0,2,85.0,76-90,2014,Coritiba,Gremio,False
4914,31,Internacional,Alan Patrick,10,Normal,10,0,1,10.0,0-15,2014,Internacional,Bahia,True
4914,31,Internacional,Nilmar,39,Normal,39,0,1,39.0,31-45,2014,Internacional,Bahia,True
4915,31,Botafogo-RJ,José Rogério de Oliveira Melo,34,Normal,34,0,1,34.0,31-45,2014,Botafogo-RJ,Flamengo,True
4915,31,Botafogo-RJ,Wallyson,67,Normal,67,0,2,67.0,61-75,2014,Botafogo-RJ,Flamengo,True
4915,31,Flamengo,Eduardo da Silva,75,Normal,75,0,2,75.0,61-75,2014,Botafogo-RJ,Flamengo,False
4916,31,Sao Paulo,Luís Fabiano,6,Normal,6,0,1,6.0,0-15,2014,Sao Paulo,Goias,True
4916,31,Sao Paulo,Alan Kardec,59,Normal,59,0,2,59.0,46-60,2014,Sao Paulo,Goias,True
4916,31,Sao Paulo,Édson José da Silva,3,Normal,3,0,1,3.0,0-15,2014,Sao Paulo,Goias,True
4918,32,Gremio,Richarlyson,45,Gol Contra,45,0,1,45.0,31-45,2014,Gremio,Vitoria,True
4917,32,Fluminense,Fred,26,Normal,26,0,1,26.0,16-30,2014,Goias,Fluminense,False
4917,32,Fluminense,Darío Conca,89,Normal,89,0,2,89.0,76-90,2014,Goias,Fluminense,False
4919,32,Corinthians,Elias Mendes Trindade,46,Normal,46,0,2,46.0,46-60,2014,Corinthians,Coritiba,True
4919,32,Corinthians,Bruno Henrique Corsini,90+5,Normal,90,5,2,90.05,90+,2014,Corinthians,Coritiba,True
4919,32,Coritiba,Róbson Michael Signorini,25,Normal,25,0,1,25.0,16-30,2014,Corinthians,Coritiba,False
4919,32,Coritiba,Alexsandro de Souza,32,Normal,32,0,1,32.0,31-45,2014,Corinthians,Coritiba,False
4920,32,Santos,Gabriel Barbosa,63,Normal,63,0,2,63.0,61-75,2014,Santos,Internacional,True
4920,32,Internacional,Charles Aránguiz,25,Normal,25,0,1,25.0,16-30,2014,Santos,Internacional,False
4920,32,Internacional,Charles Aránguiz,81,Normal,81,0,2,81.0,76-90,2014,Santos,Internacional,False
4921,32,Sport,Diego Souza,64,Penalty,64,0,2,64.0,61-75,2014,Sport,Figueirense,True
4922,32,Botafogo-RJ,Leonardo Renan Simões de Lacerda,90+1,Gol Contra,90,1,2,90.01,90+,2014,Cruzeiro,Botafogo-RJ,False
4922,32,Cruzeiro,Egídio de Araújo Pereira Júnior,16,Normal,16,0,1,16.0,16-30,2014,Cruzeiro,Botafogo-RJ,True
4922,32,Cruzeiro,Marcos Antônio da Silva Gonçalves,5,Normal,5,0,1,5.0,0-15,2014,Cruzeiro,Botafogo-RJ,True
4923,32,Criciuma,Souza,71,Normal,71,0,2,71.0,61-75,2014,Criciuma,Sao Paulo,True
4923,32,Sao Paulo,Édson José da Silva,37,Normal,37,0,1,37.0,31-45,2014,Criciuma,Sao Paulo,False
4923,32,Sao Paulo,Alan Kardec,83,Normal,83,0,2,83.0,76-90,2014,Criciuma,Sao Paulo,False
4925,32,Flamengo,Anderson Pico,56,Normal,56,0,2,56.0,46-60,2014,Flamengo,Chapecoense,True
4925,32,Flamengo,Nixon Darlanio Reis Cardoso,61,Normal,61,0,2,61.0,61-75,2014,Flamengo,Chapecoense,True
4925,32,Flamengo,Nixon Darlanio Reis Cardoso,70,Normal,70,0,2,70.0,61-75,2014,Flamengo,Chapecoense,True
4924,32,Athletico-PR,Paulinho Dias,1,Normal,1,0,1,1.0,0-15,2014,Athletico-PR,Atletico-MG,True
4926,32,Palmeiras,Anderson da Silva,36,Normal,36,0,1,36.0,31-45,2014,Bahia,Palmeiras,False
4927,33,Coritiba,Joel Tagueu,45+1,Normal,45,1,1,45.01,45+,2014,Coritiba,Fluminense,True
4928,33,Atletico-MG,Tiago Pagnussat,39,Normal,39,0,1,39.0,31-45,2014,Palmeiras,Atletico-MG,False
4928,33,Atletico-MG,Dodô,65,Normal,65,0,2,65.0,61-75,2014,Palmeiras,Atletico-MG,False
4929,33,Athletico-PR,Cléverson Gabriel Córdova,28,Normal,28,0,1,28.0,16-30,2014,Botafogo-RJ,Athletico-PR,False
4929,33,Athletico-PR,Cléverson Gabriel Córdova,90+4,Normal,90,4,2,90.04,90+,2014,Botafogo-RJ,Athletico-PR,False
4933,33,Sport,Mike dos Santos Nenatarvicius,90+2,Normal,90,2,2,90.02,90+,2014,Sport,Flamengo,True
4933,33,Flamengo,Márcio Rodrigues Araújo,9,Normal,9,0,1,9.0,0-15,2014,Sport,Flamengo,False
4933,33,Flamengo,Nixon Darlanio Reis Cardoso,24,Normal,24,0,1,24.0,16-30,2014,Sport,Flamengo,False
4933,33,Sport,Danilo Barcelos,89,Normal,89,0,2,89.0,76-90,2014,Sport,Flamengo,True
4930,33,Sao Paulo,Kaká,78,Normal,78,0,2,78.0,76-90,2014,Vitoria,Sao Paulo,False
4930,33,Vitoria,Kadu,56,Normal,56,0,2,56.0,46-60,2014,Vitoria,Sao Paulo,True
4930,33,Sao Paulo,Luís Fabiano,14,Normal,14,0,1,14.0,0-15,2014,Vitoria,Sao Paulo,False
4932,33,Figueirense,Marcos Assis de Santana,63,Normal,63,0,2,63.0,61-75,2014,Figueirense,Chapecoense,True
4931,33,Gremio,Alan Ruiz,82,Normal,82,0,2,82.0,76-90,2014,Gremio,Internacional,True
4931,33,Gremio,Luan Guilherme de Jesus Vieira,28,Normal,28,0,1,28.0,16-30,2014,Gremio,Internacional,True
4931,33,Internacional,Rafael Moura,61,Normal,61,0,2,61.0,61-75,2014,Gremio,Internacional,False
4931,33,Gremio,Ramiro Moschen Benetti,49,Normal,49,0,2,49.0,46-60,2014,Gremio,Internacional,True
4931,33,Gremio,Alan Ruiz,76,Normal,76,0,2,76.0,76-90,2014,Gremio,Internacional,True
4935,33,Cruzeiro,Marcelo Moreno,59,Normal,59,0,2,59.0,46-60,2014,Cruzeiro,Criciuma,True
4935,33,Cruzeiro,Ricardo Goulart,64,Normal,64,0,2,64.0,61-75,2014,Cruzeiro,Criciuma,True
4935,33,Cruzeiro,Willian Gomes de Siqueira,90,Normal,90,0,2,90.0,76-90,2014,Cruzeiro,Criciuma,True
4935,33,Criciuma,Lucca Borges de Brito,3,Normal,3,0,1,3.0,0-15,2014,Cruzeiro,Criciuma,False
4936,33,Goias,Erik Nascimento de Lima,63,Normal,63,0,2,63.0,61-75,2014,Goias,Bahia,True
4936,33,Goias,Erik Nascimento de Lima,70,Normal,70,0,2,70.0,61-75,2014,Goias,Bahia,True
4936,33,Goias,Thiago Henrique Mendes Ribeiro,76,Normal,76,0,2,76.0,76-90,2014,Goias,Bahia,True
4934,33,Corinthians,Paolo Guerrero,7,Normal,7,0,1,7.0,0-15,2014,Corinthians,Santos,True
4937,35,Internacional,Paulo Marcos de Jesus Ribeiro,18,Normal,18,0,1,18.0,16-30,2014,Sao Paulo,Internacional,False
4937,35,Sao Paulo,Luís Fabiano,49,Normal,49,0,2,49.0,46-60,2014,Sao Paulo,Internacional,True
4947,34,Gremio,Hernán Barcos,38,Normal,38,0,1,38.0,31-45,2014,Criciuma,Gremio,False
4947,34,Gremio,Ramiro Moschen Benetti,66,Normal,66,0,2,66.0,61-75,2014,Criciuma,Gremio,False
4947,34,Gremio,Eduardo Pereira Rodrigues,13,Normal,13,0,1,13.0,0-15,2014,Criciuma,Gremio,False
4948,34,Fluminense,Edson Felipe da Cruz,74,Normal,74,0,2,74.0,61-75,2014,Fluminense,Botafogo-RJ,True
4950,34,Sport,Diego Souza,54,Normal,54,0,2,54.0,46-60,2014,Athletico-PR,Sport,False
4951,34,Flamengo,Éverton Cardoso da Silva,58,Normal,58,0,2,58.0,46-60,2014,Flamengo,Coritiba,True
4951,34,Flamengo,Nixon Darlanio Reis Cardoso,81,Normal,81,0,2,81.0,76-90,2014,Flamengo,Coritiba,True
4951,34,Coritiba,Joel Tagueu,67,Normal,67,0,2,67.0,61-75,2014,Flamengo,Coritiba,False
4951,34,Flamengo,Lucas Mugni,18,Normal,18,0,1,18.0,16-30,2014,Flamengo,Coritiba,True
4951,34,Coritiba,Joel Tagueu,84,Normal,84,0,2,84.0,76-90,2014,Flamengo,Coritiba,False
4953,34,Internacional,Paulo Marcos de Jesus Ribeiro,79,Normal,79,0,2,79.0,76-90,2014,Internacional,Goias,True
4952,34,Cruzeiro,Ricardo Goulart,53,Normal,53,0,2,53.0,46-60,2014,Santos,Cruzeiro,False
4949,34,Corinthians,Malcom Filipe Silva de Oliveira,25,Normal,25,0,1,25.0,16-30,2014,Bahia,Corinthians,False
4949,34,Corinthians,Renato Augusto,84,Normal,84,0,2,84.0,76-90,2014,Bahia,Corinthians,False
4949,34,Bahia,Kieza,70,Normal,70,0,2,70.0,61-75,2014,Bahia,Corinthians,True
4956,34,Atletico-MG,Dodô,52,Normal,52,0,2,52.0,46-60,2014,Atletico-MG,Figueirense,True
4956,34,Figueirense,Jefferson Nogueira,45+1,Normal,45,1,1,45.01,45+,2014,Atletico-MG,Figueirense,False
4954,34,Vitoria,Telmário de Araújo Sacramento,81,Normal,81,0,2,81.0,76-90,2014,Chapecoense,Vitoria,False
4955,34,Sao Paulo,Rafael Tolói,79,Normal,79,0,2,79.0,76-90,2014,Sao Paulo,Palmeiras,True
4955,34,Sao Paulo,Luís Fabiano,22,Normal,22,0,1,22.0,16-30,2014,Sao Paulo,Palmeiras,True
4939,35,Athletico-PR,Cleberson Martins de Souza,50,Normal,50,0,2,50.0,46-60,2014,Athletico-PR,Santos,True
4939,35,Santos,Robinho,28,Normal,28,0,1,28.0,16-30,2014,Athletico-PR,Santos,False
4938,35,Figueirense,França,51,Normal,51,0,2,51.0,46-60,2014,Botafogo-RJ,Figueirense,False
4940,35,Corinthians,Felipe Macedo,45,Gol Contra,45,0,1,45.0,31-45,2014,Goias,Corinthians,False
4941,35,Vitoria,Telmário de Araújo Sacramento,19,Normal,19,0,1,19.0,16-30,2014,Vitoria,Coritiba,True
4941,35,Coritiba,Luccas Claro,37,Normal,37,0,1,37.0,31-45,2014,Vitoria,Coritiba,False
4942,35,Bahia,Guilherme Oliveira Santos,52,Normal,52,0,2,52.0,46-60,2014,Criciuma,Bahia,False
4943,35,Atletico-MG,Luan Madson Gedeão de Paiva,63,Normal,63,0,2,63.0,61-75,2014,Atletico-MG,Flamengo,True
4943,35,Atletico-MG,Dodô,73,Normal,73,0,2,73.0,61-75,2014,Atletico-MG,Flamengo,True
4943,35,Atletico-MG,Diego Tardelli,45,Penalty,45,0,1,45.0,31-45,2014,Atletico-MG,Flamengo,True
4943,35,Atletico-MG,Luan Madson Gedeão de Paiva,25,Normal,25,0,1,25.0,16-30,2014,Atletico-MG,Flamengo,True
4944,35,Sport,Ananias Elói Castro Monteiro,78,Normal,78,0,2,78.0,76-90,2014,Palmeiras,Sport,False
4944,35,Sport,Patric Cabral Lalau,90,Normal,90,0,2,90.0,76-90,2014,Palmeiras,Sport,False
4945,35,Chapecoense,Bruno César Pereira da Silva,47,Normal,47,0,2,47.0,46-60,2014,Fluminense,Chapecoense,False
4945,35,Chapecoense,Bruno César Pereira da Silva,84,Normal,84,0,2,84.0,76-90,2014,Fluminense,Chapecoense,False
4945,35,Fluminense,Rafael Lima,86,Gol Contra,86,0,2,86.0,76-90,2014,Fluminense,Chapecoense,True
4945,35,Chapecoense,Camilo,66,Normal,66,0,2,66.0,61-75,2014,Fluminense,Chapecoense,False
4945,35,Chapecoense,Leandro,71,Normal,71,0,2,71.0,61-75,2014,Fluminense,Chapecoense,False
4946,35,Gremio,Cristian Riveros,13,Normal,13,0,1,13.0,0-15,2014,Gremio,Cruzeiro,True
4946,35,Cruzeiro,Ricardo Goulart,66,Normal,66,0,2,66.0,61-75,2014,Gremio,Cruzeiro,False
4946,35,Cruzeiro,Éverton Ribeiro,76,Normal,76,0,2,76.0,76-90,2014,Gremio,Cruzeiro,False
4957,36,Internacional,Fabrício dos Santos Silva,90+4,Normal,90,4,2,90.04,90+,2014,Internacional,Atletico-MG,True
4957,36,Atletico-MG,Dodô,24,Penalty,24,0,1,24.0,16-30,2014,Internacional,Atletico-MG,False
4957,36,Internacional,Rafael Moura,21,Normal,21,0,1,21.0,16-30,2014,Internacional,Atletico-MG,True
4958,36,Bahia,Henrique Almeida,73,Normal,73,0,2,73.0,61-75,2014,Bahia,Athletico-PR,True
4958,36,Athletico-PR,Renato Baruffi,71,Normal,71,0,2,71.0,61-75,2014,Bahia,Athletico-PR,False
4958,36,Athletico-PR,Fahel,62,Gol Contra,62,0,2,62.0,61-75,2014,Bahia,Athletico-PR,False
4960,36,Flamengo,Elton Rodrigues Brandão,38,Normal,38,0,1,38.0,31-45,2014,Flamengo,Criciuma,True
4960,36,Criciuma,Cléber Santana,65,Normal,65,0,2,65.0,61-75,2014,Flamengo,Criciuma,False
4959,36,Sao Paulo,Gabriel Boschilia,55,Normal,55,0,2,55.0,46-60,2014,Santos,Sao Paulo,False
4961,36,Fluminense,Ewerton Páscoa,32,Gol Contra,32,0,1,32.0,31-45,2014,Sport,Fluminense,False
4961,36,Fluminense,Fred,90+2,Normal,90,2,2,90.02,90+,2014,Sport,Fluminense,False
4961,36,Sport,Mike dos Santos Nenatarvicius,11,Normal,11,0,1,11.0,0-15,2014,Sport,Fluminense,True
4961,36,Sport,Joelinton Cassio Apolinário de Lira,39,Normal,39,0,1,39.0,31-45,2014,Sport,Fluminense,True
4962,36,Cruzeiro,Ricardo Goulart,13,Normal,13,0,1,13.0,0-15,2014,Cruzeiro,Goias,True
4962,36,Cruzeiro,Éverton Ribeiro,63,Normal,63,0,2,63.0,61-75,2014,Cruzeiro,Goias,True
4962,36,Goias,Samuel,23,Normal,23,0,1,23.0,16-30,2014,Cruzeiro,Goias,False
4963,36,Figueirense,Pablo Felipe Teixeira,17,Normal,17,0,1,17.0,16-30,2014,Figueirense,Vitoria,True
4963,36,Figueirense,Pablo Felipe Teixeira,59,Normal,59,0,2,59.0,46-60,2014,Figueirense,Vitoria,True
4965,36,Chapecoense,Leandro,63,Normal,63,0,2,63.0,61-75,2014,Chapecoense,Botafogo-RJ,True
4965,36,Chapecoense,Leandro,51,Normal,51,0,2,51.0,46-60,2014,Chapecoense,Botafogo-RJ,True
4964,36,Corinthians,Paolo Guerrero,83,Normal,83,0,2,83.0,76-90,2014,Corinthians,Gremio,True
4966,36,Coritiba,Zé Love,55,Normal,55,0,2,55.0,46-60,2014,Coritiba,Palmeiras,True
4966,36,Coritiba,Joel Tagueu,71,Normal,71,0,2,71.0,61-75,2014,Coritiba,Palmeiras,True
4967,37,Criciuma,Lucca Borges de Brito,68,Normal,68,0,2,68.0,61-75,2014,Criciuma,Sport,True
4967,37,Sport,Patric Cabral Lalau,9,Normal,9,0,1,9.0,0-15,2014,Criciuma,Sport,False
4967,37,Sport,Ewerton Páscoa,58,Normal,58,0,2,58.0,46-60,2014,Criciuma,Sport,False
4967,37,Criciuma,Lucca Borges de Brito,48,Normal,48,0,2,48.0,46-60,2014,Criciuma,Sport,True
4968,37,Internacional,Fabrício dos Santos Silva,65,Normal,65,0,2,65.0,61-75,2014,Internacional,Palmeiras,True
4968,37,Internacional,Valdívia,79,Normal,79,0,2,79.0,76-90,2014,Internacional,Palmeiras,True
4968,37,Palmeiras,Renato Júnior,38,Normal,38,0,1,38.0,31-45,2014,Internacional,Palmeiras,False
4968,37,Internacional,Taiberson Ruan Menezes Nunes,24,Normal,24,0,1,24.0,16-30,2014,Internacional,Palmeiras,True
4969,37,Flamengo,Éverton Cardoso da Silva,80,Normal,80,0,2,80.0,76-90,2014,Flamengo,Vitoria,True
4969,37,Flamengo,Kadu,28,Gol Contra,28,0,1,28.0,16-30,2014,Flamengo,Vitoria,True
4969,37,Flamengo,Nixon Darlanio Reis Cardoso,86,Normal,86,0,2,86.0,76-90,2014,Flamengo,Vitoria,True
4969,37,Flamengo,Elton Rodrigues Brandão,69,Normal,69,0,2,69.0,61-75,2014,Flamengo,Vitoria,True
4972,37,Fluminense,Fred,65,Penalty,65,0,2,65.0,61-75,2014,Fluminense,Corinthians,True
4972,37,Corinthians,Paolo Guerrero,5,Normal,5,0,1,5.0,0-15,2014,Fluminense,Corinthians,False
4972,37,Fluminense,Fred,71,Penalty,71,0,2,71.0,61-75,2014,Fluminense,Corinthians,True
4972,37,Corinthians,Danilo Gabriel de Andrade,84,Normal,84,0,2,84.0,76-90,2014,Fluminense,Corinthians,False
4972,37,Fluminense,Ralf de Souza Teles,40,Gol Contra,40,0,1,40.0,31-45,2014,Fluminense,Corinthians,True
4972,37,Fluminense,Edson Felipe da Cruz,58,Normal,58,0,2,58.0,46-60,2014,Fluminense,Corinthians,True
4972,37,Fluminense,Darío Conca,90+2,Normal,90,2,2,90.02,90+,2014,Fluminense,Corinthians,True
4973,37,Chapecoense,Bruno Rangel,41,Normal,41,0,1,41.0,31-45,2014,Chapecoense,Cruzeiro,True
4973,37,Cruzeiro,Hugo Ragelli,72,Normal,72,0,2,72.0,61-75,2014,Chapecoense,Cruzeiro,False
4971,37,Santos,Leandro Damião,48,Normal,48,0,2,48.0,46-60,2014,Santos,Botafogo-RJ,True
4971,37,Santos,Leandro Damião,90,Normal,90,0,2,90.0,76-90,2014,Santos,Botafogo-RJ,True
4970,37,Sao Paulo,Édson José da Silva,70,Normal,70,0,2,70.0,61-75,2014,Sao Paulo,Figueirense,True
4970,37,Figueirense,Marcelino Júnior Lopes Arruda,84,Normal,84,0,2,84.0,76-90,2014,Sao Paulo,Figueirense,False
4975,37,Athletico-PR,Marcelo Cirino da Silva,62,Normal,62,0,2,62.0,61-75,2014,Athletico-PR,Goias,True
4974,37,Atletico-MG,Pedro Botelho,90,Normal,90,0,2,90.0,76-90,2014,Atletico-MG,Coritiba,True
4974,37,Coritiba,Carlos Emiliano Pereira,6,Normal,6,0,1,6.0,0-15,2014,Atletico-MG,Coritiba,False
4974,37,Coritiba,Leandro Almeida,85,Normal,85,0,2,85.0,76-90,2014,Atletico-MG,Coritiba,False
4976,37,Bahia,Rafael Galhardo,32,Normal,32,0,1,32.0,31-45,2014,Bahia,Gremio,True
4977,38,Corinthians,Elias Mendes Trindade,26,Normal,26,0,1,26.0,16-30,2014,Corinthians,Criciuma,True
4977,38,Corinthians,Fábio Santos,72,Normal,72,0,2,72.0,61-75,2014,Corinthians,Criciuma,True
4977,38,Criciuma,Róger Guedes,61,Normal,61,0,2,61.0,61-75,2014,Corinthians,Criciuma,False
4978,38,Figueirense,Pablo Felipe Teixeira,50,Normal,50,0,2,50.0,46-60,2014,Figueirense,Internacional,True
4978,38,Internacional,Rafael Moura,87,Normal,87,0,2,87.0,76-90,2014,Figueirense,Internacional,False
4978,38,Internacional,Wellington do Nascimento Silva,90+5,Normal,90,5,2,90.05,90+,2014,Figueirense,Internacional,False
4984,38,Flamengo,Luiz Antônio de Souza Soares,32,Normal,32,0,1,32.0,31-45,2014,Gremio,Flamengo,False
4984,38,Gremio,Luan Guilherme de Jesus Vieira,58,Normal,58,0,2,58.0,46-60,2014,Gremio,Flamengo,True
4986,38,Goias,Erik Nascimento de Lima,15,Normal,15,0,1,15.0,0-15,2014,Goias,Chapecoense,True
4986,38,Chapecoense,Abuda,28,Normal,28,0,1,28.0,16-30,2014,Goias,Chapecoense,False
4986,38,Goias,Erik Nascimento de Lima,90+1,Normal,90,1,2,90.01,90+,2014,Goias,Chapecoense,True
4986,38,Goias,Welinton Júnior,41,Normal,41,0,1,41.0,31-45,2014,Goias,Chapecoense,True
4986,38,Chapecoense,Bruno Rangel,64,Penalty,64,0,2,64.0,61-75,2014,Goias,Chapecoense,False
4986,38,Goias,David França Oliveira e Silva,60,Normal,60,0,2,60.0,46-60,2014,Goias,Chapecoense,True
4980,38,Santos,Thiago Ribeiro,90+4,Normal,90,4,2,90.04,90+,2014,Vitoria,Santos,False
4981,38,Sport,Joelinton Cassio Apolinário de Lira,4,Normal,4,0,1,4.0,0-15,2014,Sport,Sao Paulo,True
4979,38,Coritiba,Luiz Eduardo Figueiredo,85,Normal,85,0,2,85.0,76-90,2014,Coritiba,Bahia,True
4979,38,Coritiba,Keirrison,90+5,Normal,90,5,2,90.05,90+,2014,Coritiba,Bahia,True
4979,38,Bahia,Henrique Almeida,14,Normal,14,0,1,14.0,0-15,2014,Coritiba,Bahia,False
4979,38,Coritiba,Zé Love,35,Normal,35,0,1,35.0,31-45,2014,Coritiba,Bahia,True
4979,38,Bahia,Rômulo José Pacheco da Silva,26,Normal,26,0,1,26.0,16-30,2014,Coritiba,Bahia,False
4983,38,Palmeiras,Henrique Dourado,19,Penalty,19,0,1,19.0,16-30,2014,Palmeiras,Athletico-PR,True
4983,38,Athletico-PR,Ricardo Silva,10,Normal,10,0,1,10.0,0-15,2014,Palmeiras,Athletico-PR,False
4985,38,Cruzeiro,Nílton Ferreira Júnior,45,Normal,45,0,1,45.0,31-45,2014,Cruzeiro,Fluminense,True
4985,38,Cruzeiro,Marcelo Moreno,59,Normal,59,0,2,59.0,46-60,2014,Cruzeiro,Fluminense,True
4985,38,Fluminense,Fred,34,Normal,34,0,1,34.0,31-45,2014,Cruzeiro,Fluminense,False
4987,1,Chapecoense,Elicarlos,30,Normal,30,0,1,30.0,16-30,2015,Chapecoense,Coritiba,True
4987,1,Chapecoense,Roger Rodrigues da Silva,66,Normal,66,0,2,66.0,61-75,2015,Chapecoense,Coritiba,True
4987,1,Coritiba,Rafhael Lucas,3,Normal,3,0,1,3.0,0-15,2015,Chapecoense,Coritiba,False
4988,1,Palmeiras,Vitor Hugo Franchescoli de Souza,82,Normal,82,0,2,82.0,76-90,2015,Palmeiras,Atletico-MG,True
4988,1,Palmeiras,Rafael Marques Mariano,90+5,Normal,90,5,2,90.05,90+,2015,Palmeiras,Atletico-MG,True
4988,1,Atletico-MG,Patric Cabral Lalau,51,Normal,51,0,2,51.0,46-60,2015,Palmeiras,Atletico-MG,False
4988,1,Atletico-MG,Jô,86,Normal,86,0,2,86.0,76-90,2015,Palmeiras,Atletico-MG,False
4989,1,Fluminense,Vinícius,88,Normal,88,0,2,88.0,76-90,2015,Fluminense,Joinville,True
4990,1,Ponte Preta,Renato Cajá,62,Normal,62,0,2,62.0,61-75,2015,Gremio,Ponte Preta,False
4990,1,Gremio,Yuri Mamute,25,Normal,25,0,1,25.0,16-30,2015,Gremio,Ponte Preta,True
4990,1,Ponte Preta,Rildo de Andrade Felicissimo,64,Normal,64,0,2,64.0,61-75,2015,Gremio,Ponte Preta,False
4990,1,Gremio,Yuri Mamute,54,Normal,54,0,2,54.0,46-60,2015,Gremio,Ponte Preta,True
4990,1,Ponte Preta,Diego Oliveira,90+4,Normal,90,4,2,90.04,90+,2015,Gremio,Ponte Preta,False
4990,1,Gremio,Matías Rodríguez,78,Normal,78,0,2,78.0,76-90,2015,Gremio,Ponte Preta,True
4993,1,Corinthians,Ángel Romero,82,Normal,82,0,2,82.0,76-90,2015,Cruzeiro,Corinthians,False
4994,1,Figueirense,Renê Rodrigues Martins,68,Gol Contra,68,0,2,68.0,61-75,2015,Sport,Figueirense,False
4994,1,Sport,Régis,88,Normal,88,0,2,88.0,76-90,2015,Sport,Figueirense,True
4994,1,Sport,Diego Souza,64,Penalty,64,0,2,64.0,61-75,2015,Sport,Figueirense,True
4994,1,Sport,Diego Souza,78,Penalty,78,0,2,78.0,76-90,2015,Sport,Figueirense,True
4994,1,Sport,Matheus Ferraz Pereira,20,Normal,20,0,1,20.0,16-30,2015,Sport,Figueirense,True
4991,1,Athletico-PR,Felipe de Oliveira Silva,66,Penalty,66,0,2,66.0,61-75,2015,Athletico-PR,Internacional,True
4991,1,Athletico-PR,Paulo Marcos de Jesus Ribeiro,69,Gol Contra,69,0,2,69.0,61-75,2015,Athletico-PR,Internacional,True
4991,1,Athletico-PR,Walter Henrique da Silva,14,Normal,14,0,1,14.0,0-15,2015,Athletico-PR,Internacional,True
4992,1,Sao Paulo,Luís Fabiano,74,Normal,74,0,2,74.0,61-75,2015,Sao Paulo,Flamengo,True
4992,1,Flamengo,Éverton Cardoso da Silva,86,Penalty,86,0,2,86.0,76-90,2015,Sao Paulo,Flamengo,False
4992,1,Sao Paulo,Alexandre Pato,80,Normal,80,0,2,80.0,76-90,2015,Sao Paulo,Flamengo,True
4995,1,Santos,Robinho,27,Normal,27,0,1,27.0,16-30,2015,Avai,Santos,False
4995,1,Avai,Marquinhos Santos,64,Normal,64,0,2,64.0,61-75,2015,Avai,Santos,True
4997,2,Goias,Bruno Henrique,55,Normal,55,0,2,55.0,46-60,2015,Goias,Athletico-PR,True
4997,2,Goias,Bruno Henrique,81,Normal,81,0,2,81.0,76-90,2015,Goias,Athletico-PR,True
4998,2,Coritiba,Thiago Galhardo,27,Normal,27,0,1,27.0,16-30,2015,Coritiba,Gremio,True
4998,2,Coritiba,Frickson Erazo,34,Gol Contra,34,0,1,34.0,31-45,2015,Coritiba,Gremio,True
4999,2,Corinthians,Fábio Santos,28,Normal,28,0,1,28.0,16-30,2015,Corinthians,Chapecoense,True
5001,2,Atletico-MG,Jesús Dátolo,53,Normal,53,0,2,53.0,46-60,2015,Atletico-MG,Fluminense,True
5001,2,Fluminense,Fred,89,Penalty,89,0,2,89.0,76-90,2015,Atletico-MG,Fluminense,False
5001,2,Atletico-MG,Luan Madson Gedeão de Paiva,81,Normal,81,0,2,81.0,76-90,2015,Atletico-MG,Fluminense,True
5001,2,Atletico-MG,Jemerson de Jesus Nascimento,7,Normal,7,0,1,7.0,0-15,2015,Atletico-MG,Fluminense,True
5001,2,Atletico-MG,Jemerson de Jesus Nascimento,37,Normal,37,0,1,37.0,31-45,2015,Atletico-MG,Fluminense,True
5002,2,Sport,José Élber Pimentel da Silva,69,Normal,69,0,2,69.0,61-75,2015,Flamengo,Sport,False
5002,2,Sport,Diego Souza,45+2,Penalty,45,2,1,45.02,45+,2015,Flamengo,Sport,False
5002,2,Flamengo,Héctor Canteros,74,Normal,74,0,2,74.0,61-75,2015,Flamengo,Sport,True
5002,2,Flamengo,Éverton Cardoso da Silva,90+6,Normal,90,6,2,90.06,90+,2015,Flamengo,Sport,True
5003,2,Santos,Geuvânio,45,Normal,45,0,1,45.0,31-45,2015,Santos,Cruzeiro,True
5006,2,Internacional,Victor Vinícius Coelho Santos,63,Normal,63,0,2,63.0,61-75,2015,Internacional,Avai,True
5005,2,Ponte Preta,Renato Cajá,14,Normal,14,0,1,14.0,0-15,2015,Ponte Preta,Sao Paulo,True
5008,3,Internacional,Nilmar,45+1,Normal,45,1,1,45.01,45+,2015,Vasco,Internacional,False
5008,3,Vasco,Lucas Santos Siqueira,81,Normal,81,0,2,81.0,76-90,2015,Vasco,Internacional,True
5007,3,Sao Paulo,Matheus Dória Macedo,11,Normal,11,0,1,11.0,0-15,2015,Sao Paulo,Joinville,True
5007,3,Sao Paulo,Michel Bastos,58,Normal,58,0,2,58.0,46-60,2015,Sao Paulo,Joinville,True
5007,3,Sao Paulo,Alexandre Pato,86,Normal,86,0,2,86.0,76-90,2015,Sao Paulo,Joinville,True
5009,3,Gremio,Braian Rodríguez,78,Normal,78,0,2,78.0,76-90,2015,Gremio,Figueirense,True
5010,3,Goias,Victor Ramos,76,Gol Contra,76,0,2,76.0,76-90,2015,Palmeiras,Goias,False
5011,3,Chapecoense,Apodi,21,Normal,21,0,1,21.0,16-30,2015,Chapecoense,Santos,True
5012,3,Athletico-PR,Douglas Coutinho,40,Normal,40,0,1,40.0,31-45,2015,Athletico-PR,Atletico-MG,True
5014,3,Avai,Hugo da Silva Cabral,47,Normal,47,0,2,47.0,46-60,2015,Avai,Flamengo,True
5014,3,Avai,Hugo da Silva Cabral,62,Normal,62,0,2,62.0,61-75,2015,Avai,Flamengo,True
5014,3,Flamengo,Gabriel Santana,51,Normal,51,0,2,51.0,46-60,2015,Avai,Flamengo,False
5015,3,Ponte Preta,Biro-Biro,85,Normal,85,0,2,85.0,76-90,2015,Cruzeiro,Ponte Preta,False
5015,3,Cruzeiro,Charles Fernando Basílio da Silva,82,Normal,82,0,2,82.0,76-90,2015,Cruzeiro,Ponte Preta,True
5016,3,Sport,Neto,29,Normal,29,0,1,29.0,16-30,2015,Sport,Coritiba,True
5017,4,Ponte Preta,Renato Cajá,90+3,Normal,90,3,2,90.03,90+,2015,Ponte Preta,Chapecoense,True
5017,4,Chapecoense,José Gildeixon Clemente de Paiva,89,Normal,89,0,2,89.0,76-90,2015,Ponte Preta,Chapecoense,False
5017,4,Ponte Preta,Tiago dos Santos Alves,6,Normal,6,0,1,6.0,0-15,2015,Ponte Preta,Chapecoense,True
5017,4,Ponte Preta,Biro-Biro,48,Normal,48,0,2,48.0,46-60,2015,Ponte Preta,Chapecoense,True
5018,4,Avai,Roberto César Zardin Rodrigues,79,Normal,79,0,2,79.0,76-90,2015,Coritiba,Avai,False
5018,4,Coritiba,Paulinho Moccelin,50,Normal,50,0,2,50.0,46-60,2015,Coritiba,Avai,True
5018,4,Avai,Anderson Lopes,1,Normal,1,0,1,1.0,0-15,2015,Coritiba,Avai,False
5019,4,Joinville,Rafael Costa,65,Normal,65,0,2,65.0,61-75,2015,Joinville,Athletico-PR,True
5019,4,Athletico-PR,Nikão,30,Normal,30,0,1,30.0,16-30,2015,Joinville,Athletico-PR,False
5019,4,Athletico-PR,Douglas Coutinho,33,Normal,33,0,1,33.0,31-45,2015,Joinville,Athletico-PR,False
5020,4,Santos,Robinho,43,Normal,43,0,1,43.0,31-45,2015,Santos,Sport,True
5020,4,Santos,Werley Ananias da Silva,70,Normal,70,0,2,70.0,61-75,2015,Santos,Sport,True
5020,4,Sport,Joelinton Cassio Apolinário de Lira,51,Normal,51,0,2,51.0,46-60,2015,Santos,Sport,False
5020,4,Sport,Samuel Xavier,90+3,Normal,90,3,2,90.03,90+,2015,Santos,Sport,False
5022,4,Atletico-MG,Jesús Dátolo,20,Normal,20,0,1,20.0,16-30,2015,Atletico-MG,Vasco,True
5022,4,Atletico-MG,Thiago Ribeiro,12,Normal,12,0,1,12.0,0-15,2015,Atletico-MG,Vasco,True
5022,4,Atletico-MG,Thiago Ribeiro,44,Normal,44,0,1,44.0,31-45,2015,Atletico-MG,Vasco,True
5021,4,Goias,Rodrigo Vasconcelos Oliveira,52,Normal,52,0,2,52.0,46-60,2015,Goias,Gremio,True
5021,4,Gremio,Giuliano Victor de Paula,36,Normal,36,0,1,36.0,31-45,2015,Goias,Gremio,False
5023,4,Palmeiras,Rafael Marques Mariano,25,Normal,25,0,1,25.0,16-30,2015,Corinthians,Palmeiras,False
5023,4,Palmeiras,Zé Roberto,45+2,Normal,45,2,1,45.02,45+,2015,Corinthians,Palmeiras,False
5025,4,Flamengo,Eduardo da Silva,86,Normal,86,0,2,86.0,76-90,2015,Flamengo,Fluminense,True
5025,4,Fluminense,Fred,46,Normal,46,0,2,46.0,46-60,2015,Flamengo,Fluminense,False
5025,4,Fluminense,Fred,8,Penalty,8,0,1,8.0,0-15,2015,Flamengo,Fluminense,False
5025,4,Fluminense,Marcos Rogério Ricci Lopes,33,Gol Contra,33,0,1,33.0,31-45,2015,Flamengo,Fluminense,False
5025,4,Flamengo,Alecsandro,37,Normal,37,0,1,37.0,31-45,2015,Flamengo,Fluminense,True
5026,4,Cruzeiro,Henrique Pacheco Lima,41,Normal,41,0,1,41.0,31-45,2015,Figueirense,Cruzeiro,False
5026,4,Figueirense,Marcos Roberto da Silva Barbosa,36,Normal,36,0,1,36.0,31-45,2015,Figueirense,Cruzeiro,True
5026,4,Figueirense,Carlos Alberto Gomes de Jesus,50,Normal,50,0,2,50.0,46-60,2015,Figueirense,Cruzeiro,True
5027,5,Athletico-PR,Nikão,20,Normal,20,0,1,20.0,16-30,2015,Athletico-PR,Figueirense,True
5028,5,Ponte Preta,Borges,78,Normal,78,0,2,78.0,76-90,2015,Vasco,Ponte Preta,False
5028,5,Ponte Preta,Diego Oliveira,1,Normal,1,0,1,1.0,0-15,2015,Vasco,Ponte Preta,False
5028,5,Ponte Preta,Tiago dos Santos Alves,39,Normal,39,0,1,39.0,31-45,2015,Vasco,Ponte Preta,False
5029,5,Chapecoense,Ananias Elói Castro Monteiro,11,Normal,11,0,1,11.0,0-15,2015,Chapecoense,Joinville,True
5029,5,Chapecoense,Bruno César Pereira da Silva,29,Normal,29,0,1,29.0,16-30,2015,Chapecoense,Joinville,True
5030,5,Sao Paulo,Paulo Miranda,50,Normal,50,0,2,50.0,46-60,2015,Sao Paulo,Santos,True
5030,5,Santos,Ricardo Oliveira,45+1,Normal,45,1,1,45.01,45+,2015,Sao Paulo,Santos,False
5030,5,Santos,Ricardo Oliveira,47,Normal,47,0,2,47.0,46-60,2015,Sao Paulo,Santos,False
5030,5,Sao Paulo,Michel Bastos,33,Normal,33,0,1,33.0,31-45,2015,Sao Paulo,Santos,True
5030,5,Sao Paulo,Rogério Ceni,85,Penalty,85,0,2,85.0,76-90,2015,Sao Paulo,Santos,True
5033,5,Gremio,Giuliano Victor de Paula,3,Normal,3,0,1,3.0,0-15,2015,Gremio,Corinthians,True
5033,5,Gremio,Marcelo Oliveira Ferreira,4,Normal,4,0,1,4.0,0-15,2015,Gremio,Corinthians,True
5033,5,Gremio,Luan Guilherme de Jesus Vieira,39,Normal,39,0,1,39.0,31-45,2015,Gremio,Corinthians,True
5033,5,Corinthians,Stiven Mendoza,23,Normal,23,0,1,23.0,16-30,2015,Gremio,Corinthians,False
5032,5,Atletico-MG,Antonio Carlos Capocasali,24,Gol Contra,24,0,1,24.0,16-30,2015,Avai,Atletico-MG,False
5032,5,Avai,André Lima,74,Normal,74,0,2,74.0,61-75,2015,Avai,Atletico-MG,True
5032,5,Atletico-MG,Carlos Júnior,13,Normal,13,0,1,13.0,0-15,2015,Avai,Atletico-MG,False
5032,5,Atletico-MG,Carlos Júnior,77,Normal,77,0,2,77.0,76-90,2015,Avai,Atletico-MG,False
5032,5,Atletico-MG,Lucas Pratto,68,Normal,68,0,2,68.0,61-75,2015,Avai,Atletico-MG,False
5031,5,Cruzeiro,Manoel Messias Silva Carvalho,78,Normal,78,0,2,78.0,76-90,2015,Cruzeiro,Flamengo,True
5034,5,Fluminense,Vinícius,30,Normal,30,0,1,30.0,16-30,2015,Fluminense,Coritiba,True
5034,5,Fluminense,Marcos Júnior,88,Normal,88,0,2,88.0,76-90,2015,Fluminense,Coritiba,True
5035,5,Sport,Maikon Leite,90+3,Normal,90,3,2,90.03,90+,2015,Sport,Goias,True
5036,5,Internacional,Rafael Moura,76,Normal,76,0,2,76.0,76-90,2015,Palmeiras,Internacional,False
5036,5,Palmeiras,Vitor Hugo Franchescoli de Souza,64,Normal,64,0,2,64.0,61-75,2015,Palmeiras,Internacional,True
5038,6,Flamengo,Gabriel Santana,65,Normal,65,0,2,65.0,61-75,2015,Flamengo,Chapecoense,True
5037,6,Cruzeiro,Jemerson de Jesus Nascimento,45+2,Gol Contra,45,2,1,45.02,45+,2015,Atletico-MG,Cruzeiro,False
5037,6,Atletico-MG,Luan Madson Gedeão de Paiva,13,Normal,13,0,1,13.0,0-15,2015,Atletico-MG,Cruzeiro,True
5037,6,Cruzeiro,Gabriel Xavier,46,Normal,46,0,2,46.0,46-60,2015,Atletico-MG,Cruzeiro,False
5037,6,Cruzeiro,Marcos Antônio da Silva Gonçalves,72,Normal,72,0,2,72.0,61-75,2015,Atletico-MG,Cruzeiro,False
5039,6,Santos,Ricardo Oliveira,61,Penalty,61,0,2,61.0,61-75,2015,Santos,Ponte Preta,True
5039,6,Santos,Geuvânio,23,Normal,23,0,1,23.0,16-30,2015,Santos,Ponte Preta,True
5039,6,Ponte Preta,Felipe Azevedo,53,Normal,53,0,2,53.0,46-60,2015,Santos,Ponte Preta,False
5039,6,Ponte Preta,Renato Cajá,72,Normal,72,0,2,72.0,61-75,2015,Santos,Ponte Preta,False
5041,6,Corinthians,Jadson,31,Normal,31,0,1,31.0,31-45,2015,Joinville,Corinthians,False
5040,6,Athletico-PR,Ytalo José dos Santos,90+2,Normal,90,2,2,90.02,90+,2015,Athletico-PR,Vasco,True
5040,6,Athletico-PR,Nikão,60,Penalty,60,0,2,60.0,46-60,2015,Athletico-PR,Vasco,True
5042,6,Sao Paulo,Luís Fabiano,27,Normal,27,0,1,27.0,16-30,2015,Sao Paulo,Gremio,True
5042,6,Sao Paulo,Rogério Ceni,56,Penalty,56,0,2,56.0,46-60,2015,Sao Paulo,Gremio,True
5043,6,Internacional,Nilmar,36,Normal,36,0,1,36.0,31-45,2015,Internacional,Coritiba,True
5043,6,Internacional,Victor Vinícius Coelho Santos,26,Normal,26,0,1,26.0,16-30,2015,Internacional,Coritiba,True
5045,6,Avai,Rômulo,90+4,Normal,90,4,2,90.04,90+,2015,Goias,Avai,False
5044,6,Figueirense,Carlos Alberto Gomes de Jesus,8,Normal,8,0,1,8.0,0-15,2015,Figueirense,Palmeiras,True
5044,6,Figueirense,Thiago Santos Santana,62,Normal,62,0,2,62.0,61-75,2015,Figueirense,Palmeiras,True
5044,6,Palmeiras,Gabriel Girotto Franco,11,Normal,11,0,1,11.0,0-15,2015,Figueirense,Palmeiras,False
5047,7,Atletico-MG,Jesús Dátolo,43,Normal,43,0,1,43.0,31-45,2015,Atletico-MG,Santos,True
5047,7,Atletico-MG,Werley Ananias da Silva,28,Gol Contra,28,0,1,28.0,16-30,2015,Atletico-MG,Santos,True
5047,7,Santos,Ricardo Oliveira,19,Normal,19,0,1,19.0,16-30,2015,Atletico-MG,Santos,False
5047,7,Santos,Gabriel Barbosa,54,Normal,54,0,2,54.0,46-60,2015,Atletico-MG,Santos,False
5050,7,Internacional,Nilmar,41,Normal,41,0,1,41.0,31-45,2015,Corinthians,Internacional,False
5050,7,Corinthians,Jadson,51,Normal,51,0,2,51.0,46-60,2015,Corinthians,Internacional,True
5050,7,Corinthians,Vágner Love,67,Normal,67,0,2,67.0,61-75,2015,Corinthians,Internacional,True
5049,7,Sao Paulo,Josef de Souza Dias,6,Normal,6,0,1,6.0,0-15,2015,Chapecoense,Sao Paulo,False
5048,7,Flamengo,Eduardo da Silva,39,Normal,39,0,1,39.0,31-45,2015,Coritiba,Flamengo,False
5051,7,Sport,Maikon Leite,16,Normal,16,0,1,16.0,16-30,2015,Sport,Joinville,True
5051,7,Sport,Maikon Leite,39,Normal,39,0,1,39.0,31-45,2015,Sport,Joinville,True
5051,7,Joinville,Marcelinho Paraíba,79,Normal,79,0,2,79.0,76-90,2015,Sport,Joinville,False
5052,7,Vasco,Rodrigo Baldasso da Costa,88,Normal,88,0,2,88.0,76-90,2015,Vasco,Cruzeiro,True
5052,7,Cruzeiro,Leandro Damião,38,Normal,38,0,1,38.0,31-45,2015,Vasco,Cruzeiro,False
5052,7,Cruzeiro,Leandro Damião,74,Normal,74,0,2,74.0,61-75,2015,Vasco,Cruzeiro,False
5052,7,Cruzeiro,Charles Fernando Basílio da Silva,58,Normal,58,0,2,58.0,46-60,2015,Vasco,Cruzeiro,False
5055,7,Fluminense,Jean Raphael Vanderlei Moreira,17,Normal,17,0,1,17.0,16-30,2015,Palmeiras,Fluminense,False
5055,7,Palmeiras,Rafael Marques Mariano,45+2,Normal,45,2,1,45.02,45+,2015,Palmeiras,Fluminense,True
5055,7,Palmeiras,Jonatan Cristaldo,90+1,Normal,90,1,2,90.01,90+,2015,Palmeiras,Fluminense,True
5054,7,Avai,Anderson Lopes,36,Normal,36,0,1,36.0,31-45,2015,Avai,Figueirense,True
5054,7,Figueirense,Marcos Roberto da Silva Barbosa,15,Normal,15,0,1,15.0,0-15,2015,Avai,Figueirense,False
5056,7,Gremio,Giuliano Victor de Paula,33,Normal,33,0,1,33.0,31-45,2015,Gremio,Athletico-PR,True
5056,7,Gremio,Luiz Rhodolfo Dini Gaioto,71,Normal,71,0,2,71.0,61-75,2015,Gremio,Athletico-PR,True
5056,7,Athletico-PR,Hernani Azevedo Junior,52,Normal,52,0,2,52.0,46-60,2015,Gremio,Athletico-PR,False
5058,8,Sport,André Felipe Ribeiro de Souza,20,Normal,20,0,1,20.0,16-30,2015,Sport,Vasco,True
5058,8,Sport,Wendel Geraldo Maurício e Silva,81,Normal,81,0,2,81.0,76-90,2015,Sport,Vasco,True
5058,8,Vasco,Duvier Riascos,42,Normal,42,0,1,42.0,31-45,2015,Sport,Vasco,False
5059,8,Atletico-MG,Samir,22,Gol Contra,22,0,1,22.0,16-30,2015,Flamengo,Atletico-MG,False
5059,8,Atletico-MG,Lucas Pratto,41,Normal,41,0,1,41.0,31-45,2015,Flamengo,Atletico-MG,False
5060,8,Santos,Ricardo Oliveira,10,Normal,10,0,1,10.0,0-15,2015,Santos,Corinthians,True
5061,8,Gremio,Maicon,55,Normal,55,0,2,55.0,46-60,2015,Gremio,Palmeiras,True
5062,8,Chapecoense,Camilo,36,Normal,36,0,1,36.0,31-45,2015,Cruzeiro,Chapecoense,False
5063,8,Joinville,Everton Kempes dos Santos Gonçalves,45+1,Normal,45,1,1,45.01,45+,2015,Joinville,Goias,True
5063,8,Goias,Wesley,26,Normal,26,0,1,26.0,16-30,2015,Joinville,Goias,False
5063,8,Joinville,Everton Kempes dos Santos Gonçalves,35,Normal,35,0,1,35.0,31-45,2015,Joinville,Goias,True
5065,8,Sao Paulo,Josef de Souza Dias,55,Normal,55,0,2,55.0,46-60,2015,Sao Paulo,Avai,True
5065,8,Avai,André Lima,89,Normal,89,0,2,89.0,76-90,2015,Sao Paulo,Avai,False
5064,8,Coritiba,Wellington Paulista,19,Normal,19,0,1,19.0,16-30,2015,Athletico-PR,Coritiba,False
5064,8,Coritiba,Ruy Franco de Almeida Junior,77,Normal,77,0,2,77.0,76-90,2015,Athletico-PR,Coritiba,False
5064,8,Athletico-PR,Walter Henrique da Silva,25,Normal,25,0,1,25.0,16-30,2015,Athletico-PR,Coritiba,True
5064,8,Athletico-PR,Edigar Junio,82,Normal,82,0,2,82.0,76-90,2015,Athletico-PR,Coritiba,True
5066,8,Fluminense,Wellington do Nascimento Silva,55,Normal,55,0,2,55.0,46-60,2015,Fluminense,Ponte Preta,True
5066,8,Fluminense,Vinícius,90+5,Normal,90,5,2,90.05,90+,2015,Fluminense,Ponte Preta,True
5067,9,Gremio,Pedro Rocha Neves,1,Normal,1,0,1,1.0,0-15,2015,Avai,Gremio,False
5067,9,Gremio,Luan Guilherme de Jesus Vieira,10,Normal,10,0,1,10.0,0-15,2015,Avai,Gremio,False
5067,9,Avai,Anderson Lopes,56,Penalty,56,0,2,56.0,46-60,2015,Avai,Gremio,True
5068,9,Chapecoense,Bruno Rangel,88,Normal,88,0,2,88.0,76-90,2015,Chapecoense,Sport,True
5068,9,Sport,Rithely,29,Normal,29,0,1,29.0,16-30,2015,Chapecoense,Sport,False
5069,9,Corinthians,Jadson,65,Penalty,65,0,2,65.0,61-75,2015,Corinthians,Figueirense,True
5069,9,Corinthians,Vágner Love,55,Normal,55,0,2,55.0,46-60,2015,Corinthians,Figueirense,True
5069,9,Figueirense,Thiago Santos Santana,73,Normal,73,0,2,73.0,61-75,2015,Corinthians,Figueirense,False
5070,9,Atletico-MG,Leonardo Silva,34,Normal,34,0,1,34.0,31-45,2015,Atletico-MG,Joinville,True
5071,9,Palmeiras,Jonatan Cristaldo,72,Normal,72,0,2,72.0,61-75,2015,Palmeiras,Sao Paulo,True
5071,9,Palmeiras,Leandro,32,Normal,32,0,1,32.0,31-45,2015,Palmeiras,Sao Paulo,True
5071,9,Palmeiras,Victor Ramos,41,Normal,41,0,1,41.0,31-45,2015,Palmeiras,Sao Paulo,True
5071,9,Palmeiras,Rafael Marques Mariano,58,Normal,58,0,2,58.0,46-60,2015,Palmeiras,Sao Paulo,True
5072,9,Goias,Erik Nascimento de Lima,34,Normal,34,0,1,34.0,31-45,2015,Goias,Fluminense,True
5072,9,Fluminense,Wagner Ferreira dos Santos,53,Normal,53,0,2,53.0,46-60,2015,Goias,Fluminense,False
5072,9,Fluminense,Edson Felipe da Cruz,62,Normal,62,0,2,62.0,61-75,2015,Goias,Fluminense,False
5073,9,Ponte Preta,Renato Cajá,30,Normal,30,0,1,30.0,16-30,2015,Ponte Preta,Athletico-PR,True
5073,9,Ponte Preta,Felipe Azevedo,70,Normal,70,0,2,70.0,61-75,2015,Ponte Preta,Athletico-PR,True
5073,9,Athletico-PR,Nikão,28,Normal,28,0,1,28.0,16-30,2015,Ponte Preta,Athletico-PR,False
5074,9,Coritiba,Rafhael Lucas,62,Normal,62,0,2,62.0,61-75,2015,Coritiba,Cruzeiro,True
5075,9,Vasco,Duvier Riascos,16,Normal,16,0,1,16.0,16-30,2015,Vasco,Flamengo,True
5076,9,Internacional,Valdívia,77,Normal,77,0,2,77.0,76-90,2015,Internacional,Santos,True
5077,10,Sport,André Felipe Ribeiro de Souza,10,Penalty,10,0,1,10.0,0-15,2015,Sport,Internacional,True
5077,10,Sport,André Felipe Ribeiro de Souza,36,Normal,36,0,1,36.0,31-45,2015,Sport,Internacional,True
5077,10,Sport,Jonathan Marlone,30,Normal,30,0,1,30.0,16-30,2015,Sport,Internacional,True
5078,10,Vasco,Emanuel Biancucchi,69,Normal,69,0,2,69.0,61-75,2015,Vasco,Avai,True
5079,10,Palmeiras,Egídio de Araújo Pereira Júnior,28,Normal,28,0,1,28.0,16-30,2015,Palmeiras,Chapecoense,True
5079,10,Palmeiras,Jonatan Cristaldo,70,Normal,70,0,2,70.0,61-75,2015,Palmeiras,Chapecoense,True
5080,10,Atletico-MG,Thiago Ribeiro,67,Normal,67,0,2,67.0,61-75,2015,Atletico-MG,Coritiba,True
5080,10,Atletico-MG,Thiago Ribeiro,45,Normal,45,0,1,45.0,31-45,2015,Atletico-MG,Coritiba,True
5082,10,Gremio,Douglas dos Santos,69,Penalty,69,0,2,69.0,61-75,2015,Gremio,Cruzeiro,True
5081,10,Flamengo,Emerson Sheik,55,Normal,55,0,2,55.0,46-60,2015,Joinville,Flamengo,False
5083,10,Sao Paulo,Ricardo Centurión,72,Normal,72,0,2,72.0,61-75,2015,Athletico-PR,Sao Paulo,False
5083,10,Athletico-PR,Gustavo Schiavolin,36,Normal,36,0,1,36.0,31-45,2015,Athletico-PR,Sao Paulo,True
5083,10,Athletico-PR,Marcos Guilherme,58,Normal,58,0,2,58.0,46-60,2015,Athletico-PR,Sao Paulo,True
5085,10,Figueirense,Clayton da Silveira da Silva,34,Normal,34,0,1,34.0,31-45,2015,Figueirense,Goias,True
5085,10,Figueirense,Paulo Roberto da Silva,80,Normal,80,0,2,80.0,76-90,2015,Figueirense,Goias,True
5085,10,Goias,Felipe Menezes,47,Normal,47,0,2,47.0,46-60,2015,Figueirense,Goias,False
5085,10,Figueirense,Thiago Santos Santana,24,Normal,24,0,1,24.0,16-30,2015,Figueirense,Goias,True
5084,10,Corinthians,Jadson,41,Normal,41,0,1,41.0,31-45,2015,Corinthians,Ponte Preta,True
5084,10,Corinthians,Vágner Love,90+6,Normal,90,6,2,90.06,90+,2015,Corinthians,Ponte Preta,True
5086,10,Fluminense,Lucas Gomes,80,Normal,80,0,2,80.0,76-90,2015,Fluminense,Santos,True
5086,10,Santos,Ricardo Oliveira,54,Normal,54,0,2,54.0,46-60,2015,Fluminense,Santos,False
5086,10,Fluminense,Fred,40,Normal,40,0,1,40.0,31-45,2015,Fluminense,Santos,True
5089,11,Cruzeiro,Mário Sérgio Santos Costa,73,Normal,73,0,2,73.0,61-75,2015,Cruzeiro,Athletico-PR,True
5089,11,Cruzeiro,Giorgian De Arrascaeta,41,Normal,41,0,1,41.0,31-45,2015,Cruzeiro,Athletico-PR,True
5088,11,Chapecoense,Hélio Hermito Zampier Neto,75,Normal,75,0,2,75.0,61-75,2015,Chapecoense,Vasco,True
5090,11,Avai,Samuel Xavier,40,Gol Contra,40,0,1,40.0,31-45,2015,Avai,Sport,True
5090,11,Avai,Renan Martins Pereira,38,Normal,38,0,1,38.0,31-45,2015,Avai,Sport,True
5090,11,Sport,Diego Souza,21,Normal,21,0,1,21.0,16-30,2015,Avai,Sport,False
5090,11,Sport,André Felipe Ribeiro de Souza,90+3,Penalty,90,3,2,90.03,90+,2015,Avai,Sport,False
5093,11,Gremio,Pedro Rocha Neves,4,Normal,4,0,1,4.0,0-15,2015,Santos,Gremio,False
5093,11,Gremio,Rafael Galhardo,49,Normal,49,0,2,49.0,46-60,2015,Santos,Gremio,False
5093,11,Gremio,Yuri Mamute,81,Normal,81,0,2,81.0,76-90,2015,Santos,Gremio,False
5093,11,Santos,Ricardo Oliveira,65,Normal,65,0,2,65.0,61-75,2015,Santos,Gremio,True
5094,11,Palmeiras,Eduardo Pereira Rodrigues,40,Normal,40,0,1,40.0,31-45,2015,Ponte Preta,Palmeiras,False
5094,11,Palmeiras,Eduardo Pereira Rodrigues,9,Normal,9,0,1,9.0,0-15,2015,Ponte Preta,Palmeiras,False
5095,11,Flamengo,Alan Patrick,47,Normal,47,0,2,47.0,46-60,2015,Flamengo,Figueirense,True
5095,11,Figueirense,Ricardo de Souza Silva,61,Normal,61,0,2,61.0,61-75,2015,Flamengo,Figueirense,False
5095,11,Figueirense,Fabinho,90+3,Normal,90,3,2,90.03,90+,2015,Flamengo,Figueirense,False
5096,11,Internacional,Lisandro López,86,Normal,86,0,2,86.0,76-90,2015,Internacional,Atletico-MG,True
5096,11,Atletico-MG,Maicosuel,59,Normal,59,0,2,59.0,46-60,2015,Internacional,Atletico-MG,False
5096,11,Atletico-MG,Maicosuel,77,Normal,77,0,2,77.0,76-90,2015,Internacional,Atletico-MG,False
5096,11,Atletico-MG,Thiago Ribeiro,79,Normal,79,0,2,79.0,76-90,2015,Internacional,Atletico-MG,False
5098,12,Goias,Felipe Menezes,48,Penalty,48,0,2,48.0,46-60,2015,Goias,Santos,True
5098,12,Goias,Felipe Menezes,59,Normal,59,0,2,59.0,46-60,2015,Goias,Santos,True
5098,12,Santos,Ricardo Oliveira,90,Penalty,90,0,2,90.0,76-90,2015,Goias,Santos,False
5098,12,Goias,Fred,52,Normal,52,0,2,52.0,46-60,2015,Goias,Santos,True
5098,12,Goias,Carlos Eduardo Ferreira de Souza,62,Normal,62,0,2,62.0,61-75,2015,Goias,Santos,True
5097,12,Chapecoense,Bruno Rangel,77,Normal,77,0,2,77.0,76-90,2015,Chapecoense,Gremio,True
5101,12,Palmeiras,Jonatan Cristaldo,89,Normal,89,0,2,89.0,76-90,2015,Palmeiras,Avai,True
5101,12,Palmeiras,Rafael Marques Mariano,8,Normal,8,0,1,8.0,0-15,2015,Palmeiras,Avai,True
5101,12,Palmeiras,Lucas Rios Marques,65,Normal,65,0,2,65.0,61-75,2015,Palmeiras,Avai,True
5100,12,Joinville,Everton Kempes dos Santos Gonçalves,12,Normal,12,0,1,12.0,0-15,2015,Figueirense,Joinville,False
5100,12,Joinville,Everton Kempes dos Santos Gonçalves,61,Normal,61,0,2,61.0,61-75,2015,Figueirense,Joinville,False
5102,12,Atletico-MG,Lucas Pratto,47,Normal,47,0,2,47.0,46-60,2015,Atletico-MG,Sport,True
5102,12,Atletico-MG,Giovanni Augusto,54,Normal,54,0,2,54.0,46-60,2015,Atletico-MG,Sport,True
5102,12,Sport,Matheus Ferraz Pereira,50,Normal,50,0,2,50.0,46-60,2015,Atletico-MG,Sport,False
5103,12,Internacional,Ernando Rodrigues Lopes,90+3,Normal,90,3,2,90.03,90+,2015,Internacional,Flamengo,True
5103,12,Flamengo,Paolo Guerrero,11,Normal,11,0,1,11.0,0-15,2015,Internacional,Flamengo,False
5103,12,Flamengo,Éverton Cardoso da Silva,66,Normal,66,0,2,66.0,61-75,2015,Internacional,Flamengo,False
5104,12,Sao Paulo,Michel Bastos,18,Normal,18,0,1,18.0,16-30,2015,Vasco,Sao Paulo,False
5104,12,Sao Paulo,Wesley Lopes Beltrame,49,Normal,49,0,2,49.0,46-60,2015,Vasco,Sao Paulo,False
5104,12,Sao Paulo,Gabriel Boschilia,90+3,Normal,90,3,2,90.03,90+,2015,Vasco,Sao Paulo,False
5104,12,Sao Paulo,Alexandre Pato,13,Normal,13,0,1,13.0,0-15,2015,Vasco,Sao Paulo,False
5105,12,Corinthians,Jadson,77,Normal,77,0,2,77.0,76-90,2015,Corinthians,Athletico-PR,True
5105,12,Corinthians,Elias Mendes Trindade,34,Normal,34,0,1,34.0,31-45,2015,Corinthians,Athletico-PR,True
5106,12,Fluminense,Gustavo Scarpa,74,Normal,74,0,2,74.0,61-75,2015,Fluminense,Cruzeiro,True
5107,13,Santos,Gabriel Barbosa,63,Normal,63,0,2,63.0,61-75,2015,Santos,Figueirense,True
5107,13,Santos,David Braz,31,Normal,31,0,1,31.0,31-45,2015,Santos,Figueirense,True
5107,13,Santos,Lucas Rafael Araújo Lima,46,Normal,46,0,2,46.0,46-60,2015,Santos,Figueirense,True
5108,13,Gremio,Anderson Salles,60,Gol Contra,60,0,2,60.0,46-60,2015,Gremio,Vasco,True
5108,13,Gremio,Pedro Rocha Neves,81,Normal,81,0,2,81.0,76-90,2015,Gremio,Vasco,True
5109,13,Atletico-MG,Thiago Ribeiro,28,Normal,28,0,1,28.0,16-30,2015,Ponte Preta,Atletico-MG,False
5109,13,Atletico-MG,Giovanni Augusto,88,Normal,88,0,2,88.0,76-90,2015,Ponte Preta,Atletico-MG,False
5110,13,Sao Paulo,Ricardo Centurión,15,Normal,15,0,1,15.0,0-15,2015,Sao Paulo,Coritiba,True
5110,13,Sao Paulo,Alexandre Pato,45+1,Normal,45,1,1,45.01,45+,2015,Sao Paulo,Coritiba,True
5110,13,Sao Paulo,Alexandre Pato,90+1,Normal,90,1,2,90.01,90+,2015,Sao Paulo,Coritiba,True
5110,13,Coritiba,Marcos Aurélio de Oliveira Lima,60,Normal,60,0,2,60.0,46-60,2015,Sao Paulo,Coritiba,False
5112,13,Corinthians,Elias Mendes Trindade,26,Normal,26,0,1,26.0,16-30,2015,Flamengo,Corinthians,False
5112,13,Corinthians,Uendel Pereira Gonçalves,45+4,Normal,45,4,1,45.04,45+,2015,Flamengo,Corinthians,False
5112,13,Corinthians,Jadson,63,Normal,63,0,2,63.0,61-75,2015,Flamengo,Corinthians,False
5111,13,Internacional,Réver,33,Normal,33,0,1,33.0,31-45,2015,Joinville,Internacional,False
5111,13,Internacional,Victor Vinícius Coelho Santos,45,Penalty,45,0,1,45.0,31-45,2015,Joinville,Internacional,False
5113,13,Athletico-PR,Sidcley Ferreira Pereira,69,Normal,69,0,2,69.0,61-75,2015,Athletico-PR,Fluminense,True
5113,13,Fluminense,Gustavo Scarpa,52,Normal,52,0,2,52.0,46-60,2015,Athletico-PR,Fluminense,False
5113,13,Fluminense,Fred,90+3,Normal,90,3,2,90.03,90+,2015,Athletico-PR,Fluminense,False
5114,13,Cruzeiro,Joel Tagueu,38,Normal,38,0,1,38.0,31-45,2015,Cruzeiro,Goias,True
5115,13,Sport,Matheus Ferraz Pereira,22,Normal,22,0,1,22.0,16-30,2015,Sport,Palmeiras,True
5115,13,Sport,André Felipe Ribeiro de Souza,90,Normal,90,0,2,90.0,76-90,2015,Sport,Palmeiras,True
5115,13,Palmeiras,Leandro,44,Normal,44,0,1,44.0,31-45,2015,Sport,Palmeiras,False
5115,13,Palmeiras,Leandro,59,Normal,59,0,2,59.0,46-60,2015,Sport,Palmeiras,False
5116,13,Avai,Emerson dos Santos da Silva,10,Normal,10,0,1,10.0,0-15,2015,Avai,Chapecoense,True
5116,13,Avai,William Júnior Salles de Lima Souza,19,Normal,19,0,1,19.0,16-30,2015,Avai,Chapecoense,True
5116,13,Chapecoense,Bruno Rangel,48,Normal,48,0,2,48.0,46-60,2015,Avai,Chapecoense,False
5117,14,Internacional,Eduardo Sasha,88,Normal,88,0,2,88.0,76-90,2015,Internacional,Goias,True
5117,14,Goias,Felipe Menezes,80,Penalty,80,0,2,80.0,76-90,2015,Internacional,Goias,False
5117,14,Internacional,Eduardo,58,Normal,58,0,2,58.0,46-60,2015,Internacional,Goias,True
5118,14,Flamengo,Paolo Guerrero,41,Normal,41,0,1,41.0,31-45,2015,Flamengo,Gremio,True
5119,14,Corinthians,Malcom Filipe Silva de Oliveira,42,Normal,42,0,1,42.0,31-45,2015,Corinthians,Atletico-MG,True
5120,14,Athletico-PR,Hernani Azevedo Junior,52,Normal,52,0,2,52.0,46-60,2015,Athletico-PR,Chapecoense,True
5123,14,Vasco,Jhon Cley,70,Normal,70,0,2,70.0,61-75,2015,Fluminense,Vasco,False
5123,14,Fluminense,Marcos Júnior,59,Normal,59,0,2,59.0,46-60,2015,Fluminense,Vasco,True
5123,14,Vasco,Andrezinho,39,Normal,39,0,1,39.0,31-45,2015,Fluminense,Vasco,False
5124,14,Palmeiras,Leandro,15,Normal,15,0,1,15.0,0-15,2015,Palmeiras,Santos,True
5122,14,Sport,José Élber Pimentel da Silva,34,Normal,34,0,1,34.0,31-45,2015,Sport,Sao Paulo,True
5122,14,Sport,Wéverton Almeida Santos,90+3,Normal,90,3,2,90.03,90+,2015,Sport,Sao Paulo,True
5125,14,Cruzeiro,Marcos Vinícius de Jesus Araújo,13,Normal,13,0,1,13.0,0-15,2015,Cruzeiro,Avai,True
5125,14,Avai,André Lima,82,Normal,82,0,2,82.0,76-90,2015,Cruzeiro,Avai,False
5126,14,Ponte Preta,Fernando Paixão da Silva,74,Penalty,74,0,2,74.0,61-75,2015,Joinville,Ponte Preta,False
5126,14,Joinville,Silvinho,55,Normal,55,0,2,55.0,46-60,2015,Joinville,Ponte Preta,True
5127,15,Avai,Rômulo,84,Normal,84,0,2,84.0,76-90,2015,Avai,Athletico-PR,True
5127,15,Athletico-PR,Marcos Guilherme,43,Normal,43,0,1,43.0,31-45,2015,Avai,Athletico-PR,False
5127,15,Athletico-PR,Marcos Guilherme,90,Normal,90,0,2,90.0,76-90,2015,Avai,Athletico-PR,False
5128,15,Gremio,Pedro Rocha Neves,45,Normal,45,0,1,45.0,31-45,2015,Gremio,Sport,True
5128,15,Sport,Diego Souza,63,Normal,63,0,2,63.0,61-75,2015,Gremio,Sport,False
5129,15,Atletico-MG,Lucas Pratto,63,Penalty,63,0,2,63.0,61-75,2015,Atletico-MG,Figueirense,True
5131,15,Santos,Gabriel Barbosa,4,Normal,4,0,1,4.0,0-15,2015,Santos,Joinville,True
5131,15,Santos,Gabriel Barbosa,18,Normal,18,0,1,18.0,16-30,2015,Santos,Joinville,True
5130,15,Chapecoense,Bruno Rangel,90,Penalty,90,0,2,90.0,76-90,2015,Chapecoense,Fluminense,True
5130,15,Chapecoense,Bruno Rangel,27,Normal,27,0,1,27.0,16-30,2015,Chapecoense,Fluminense,True
5130,15,Fluminense,Edson Felipe da Cruz,29,Normal,29,0,1,29.0,16-30,2015,Chapecoense,Fluminense,False
5135,15,Flamengo,Marcelo Cirino da Silva,72,Normal,72,0,2,72.0,61-75,2015,Goias,Flamengo,False
5133,15,Coritiba,Evandro da Silva,90+2,Normal,90,2,2,90.02,90+,2015,Coritiba,Corinthians,True
5133,15,Corinthians,Felipe Augusto de Almeida Monteiro,41,Normal,41,0,1,41.0,31-45,2015,Coritiba,Corinthians,False
5134,15,Sao Paulo,Alexandre Pato,45,Normal,45,0,1,45.0,31-45,2015,Sao Paulo,Cruzeiro,True
5136,15,Palmeiras,Leandro,55,Normal,55,0,2,55.0,46-60,2015,Vasco,Palmeiras,False
5136,15,Palmeiras,Eduardo Pereira Rodrigues,18,Normal,18,0,1,18.0,16-30,2015,Vasco,Palmeiras,False
5136,15,Vasco,Duvier Riascos,69,Normal,69,0,2,69.0,61-75,2015,Vasco,Palmeiras,True
5136,15,Palmeiras,Victor Ramos,35,Normal,35,0,1,35.0,31-45,2015,Vasco,Palmeiras,False
5136,15,Palmeiras,Leandro,4,Normal,4,0,1,4.0,0-15,2015,Vasco,Palmeiras,False
5137,16,Corinthians,Carlos Gilberto do Nascimento Silva,61,Normal,61,0,2,61.0,61-75,2015,Corinthians,Vasco,True
5137,16,Corinthians,Elias Mendes Trindade,77,Normal,77,0,2,77.0,76-90,2015,Corinthians,Vasco,True
5137,16,Corinthians,Renato Augusto,47,Normal,47,0,2,47.0,46-60,2015,Corinthians,Vasco,True
5138,16,Atletico-MG,Lucas Pratto,44,Normal,44,0,1,44.0,31-45,2015,Atletico-MG,Sao Paulo,True
5138,16,Sao Paulo,Alexandre Pato,59,Normal,59,0,2,59.0,46-60,2015,Atletico-MG,Sao Paulo,False
5138,16,Atletico-MG,Lucas Pratto,20,Normal,20,0,1,20.0,16-30,2015,Atletico-MG,Sao Paulo,True
5138,16,Atletico-MG,Lucas Pratto,26,Normal,26,0,1,26.0,16-30,2015,Atletico-MG,Sao Paulo,True
5139,16,Fluminense,Marcos Júnior,77,Normal,77,0,2,77.0,76-90,2015,Fluminense,Gremio,True
5141,16,Athletico-PR,Walter Henrique da Silva,77,Normal,77,0,2,77.0,76-90,2015,Palmeiras,Athletico-PR,False
5140,16,Goias,Liniker da Silva Moreira,69,Normal,69,0,2,69.0,61-75,2015,Coritiba,Goias,False
5140,16,Coritiba,Evandro da Silva,90,Normal,90,0,2,90.0,76-90,2015,Coritiba,Goias,True
5142,16,Joinville,Jeci,40,Gol Contra,40,0,1,40.0,31-45,2015,Joinville,Avai,True
5142,16,Joinville,Guti,61,Normal,61,0,2,61.0,61-75,2015,Joinville,Avai,True
5144,16,Figueirense,Marcos Roberto da Silva Barbosa,74,Normal,74,0,2,74.0,61-75,2015,Figueirense,Ponte Preta,True
5144,16,Figueirense,Dudu,90+2,Normal,90,2,2,90.02,90+,2015,Figueirense,Ponte Preta,True
5144,16,Ponte Preta,Renato de Araújo Chaves Júnior,51,Normal,51,0,2,51.0,46-60,2015,Figueirense,Ponte Preta,False
5144,16,Figueirense,João Vitor Lima Gomes,4,Normal,4,0,1,4.0,0-15,2015,Figueirense,Ponte Preta,True
5145,16,Flamengo,Emerson Sheik,42,Normal,42,0,1,42.0,31-45,2015,Flamengo,Santos,True
5145,16,Santos,Ricardo Oliveira,52,Normal,52,0,2,52.0,46-60,2015,Flamengo,Santos,False
5145,16,Santos,Lucas Rafael Araújo Lima,72,Normal,72,0,2,72.0,61-75,2015,Flamengo,Santos,False
5145,16,Flamengo,Alan Patrick,40,Normal,40,0,1,40.0,31-45,2015,Flamengo,Santos,True
5147,17,Avai,André Lima,6,Normal,6,0,1,6.0,0-15,2015,Avai,Fluminense,True
5148,17,Santos,Geuvânio,20,Normal,20,0,1,20.0,16-30,2015,Santos,Coritiba,True
5148,17,Santos,Ricardo Oliveira,60,Normal,60,0,2,60.0,46-60,2015,Santos,Coritiba,True
5148,17,Santos,Ivan Aparecido Martins,43,Gol Contra,43,0,1,43.0,31-45,2015,Santos,Coritiba,True
5149,17,Athletico-PR,Christián Vilches,90+8,Normal,90,8,2,90.08,90+,2015,Athletico-PR,Sport,True
5149,17,Sport,Jonathan Marlone,16,Normal,16,0,1,16.0,16-30,2015,Athletico-PR,Sport,False
5153,17,Ponte Preta,Pablo Castro,71,Normal,71,0,2,71.0,61-75,2015,Ponte Preta,Flamengo,True
5152,17,Palmeiras,Jonatan Cristaldo,74,Normal,74,0,2,74.0,61-75,2015,Cruzeiro,Palmeiras,False
5152,17,Cruzeiro,Alisson Euler de Freitas Castro,5,Normal,5,0,1,5.0,0-15,2015,Cruzeiro,Palmeiras,True
5152,17,Cruzeiro,Giorgian De Arrascaeta,82,Normal,82,0,2,82.0,76-90,2015,Cruzeiro,Palmeiras,True
5151,17,Sao Paulo,Luís Fabiano,48,Normal,48,0,2,48.0,46-60,2015,Sao Paulo,Corinthians,True
5151,17,Corinthians,Luciano da Rocha Neves,21,Normal,21,0,1,21.0,16-30,2015,Sao Paulo,Corinthians,False
5155,17,Gremio,Réver,84,Gol Contra,84,0,2,84.0,76-90,2015,Gremio,Internacional,True
5155,17,Gremio,Luan Guilherme de Jesus Vieira,49,Normal,49,0,2,49.0,46-60,2015,Gremio,Internacional,True
5155,17,Gremio,Luiz Fernando Pereira da Silva,76,Normal,76,0,2,76.0,76-90,2015,Gremio,Internacional,True
5155,17,Gremio,Giuliano Victor de Paula,35,Normal,35,0,1,35.0,31-45,2015,Gremio,Internacional,True
5155,17,Gremio,Luan Guilherme de Jesus Vieira,43,Normal,43,0,1,43.0,31-45,2015,Gremio,Internacional,True
5156,17,Figueirense,Dudu,83,Normal,83,0,2,83.0,76-90,2015,Chapecoense,Figueirense,False
5156,17,Figueirense,Marcos Assis de Santana,89,Normal,89,0,2,89.0,76-90,2015,Chapecoense,Figueirense,False
5156,17,Chapecoense,Bruno Rangel,50,Normal,50,0,2,50.0,46-60,2015,Chapecoense,Figueirense,True
5156,17,Chapecoense,Tiago Luís Martins,56,Normal,56,0,2,56.0,46-60,2015,Chapecoense,Figueirense,True
5158,18,Athletico-PR,Hernani Azevedo Junior,25,Normal,25,0,1,25.0,16-30,2015,Flamengo,Athletico-PR,False
5158,18,Flamengo,Wallace Reis da Silva,12,Normal,12,0,1,12.0,0-15,2015,Flamengo,Athletico-PR,True
5158,18,Athletico-PR,Kadu,65,Normal,65,0,2,65.0,61-75,2015,Flamengo,Athletico-PR,False
5158,18,Flamengo,Emerson Sheik,40,Normal,40,0,1,40.0,31-45,2015,Flamengo,Athletico-PR,True
5158,18,Flamengo,Alan Patrick,45,Normal,45,0,1,45.0,31-45,2015,Flamengo,Athletico-PR,True
5157,18,Palmeiras,Rafael Marques Mariano,46,Normal,46,0,2,46.0,46-60,2015,Coritiba,Palmeiras,False
5157,18,Coritiba,Henrique Almeida,18,Normal,18,0,1,18.0,16-30,2015,Coritiba,Palmeiras,True
5157,18,Coritiba,Henrique Almeida,82,Normal,82,0,2,82.0,76-90,2015,Coritiba,Palmeiras,True
5159,18,Santos,Victor Ferraz,49,Normal,49,0,2,49.0,46-60,2015,Santos,Vasco,True
5161,18,Sao Paulo,Rogério Ceni,27,Penalty,27,0,1,27.0,16-30,2015,Figueirense,Sao Paulo,False
5161,18,Sao Paulo,Alexandre Pato,14,Normal,14,0,1,14.0,0-15,2015,Figueirense,Sao Paulo,False
5162,18,Internacional,Victor Vinícius Coelho Santos,82,Normal,82,0,2,82.0,76-90,2015,Internacional,Fluminense,True
5163,18,Corinthians,Jadson,87,Penalty,87,0,2,87.0,76-90,2015,Corinthians,Sport,True
5163,18,Sport,Hernane Vidal de Souza,72,Normal,72,0,2,72.0,61-75,2015,Corinthians,Sport,False
5163,18,Corinthians,Samuel Xavier,60,Gol Contra,60,0,2,60.0,46-60,2015,Corinthians,Sport,True
5163,18,Corinthians,Luciano da Rocha Neves,13,Normal,13,0,1,13.0,0-15,2015,Corinthians,Sport,True
5163,18,Sport,Hernane Vidal de Souza,77,Normal,77,0,2,77.0,76-90,2015,Corinthians,Sport,False
5163,18,Corinthians,Luciano da Rocha Neves,45+2,Normal,45,2,1,45.02,45+,2015,Corinthians,Sport,True
5163,18,Sport,André Felipe Ribeiro de Souza,17,Normal,17,0,1,17.0,16-30,2015,Corinthians,Sport,False
5164,18,Ponte Preta,Borges,60,Normal,60,0,2,60.0,46-60,2015,Ponte Preta,Avai,True
5164,18,Ponte Preta,Felipe Azevedo,73,Normal,73,0,2,73.0,61-75,2015,Ponte Preta,Avai,True
5166,18,Gremio,Luan Guilherme de Jesus Vieira,55,Normal,55,0,2,55.0,46-60,2015,Atletico-MG,Gremio,False
5166,18,Gremio,Douglas dos Santos,41,Normal,41,0,1,41.0,31-45,2015,Atletico-MG,Gremio,False
5165,18,Joinville,Marcelinho Paraíba,14,Normal,14,0,1,14.0,0-15,2015,Joinville,Cruzeiro,True
5165,18,Joinville,Bruno Aguiar,27,Normal,27,0,1,27.0,16-30,2015,Joinville,Cruzeiro,True
5165,18,Joinville,Mariano Trípodi,72,Normal,72,0,2,72.0,61-75,2015,Joinville,Cruzeiro,True
5167,19,Coritiba,Evandro da Silva,90+3,Normal,90,3,2,90.03,90+,2015,Vasco,Coritiba,False
5169,19,Goias,Erik Nascimento de Lima,77,Normal,77,0,2,77.0,76-90,2015,Sao Paulo,Goias,False
5169,19,Goias,Felipe Menezes,27,Normal,27,0,1,27.0,16-30,2015,Sao Paulo,Goias,False
5169,19,Goias,Erik Nascimento de Lima,45,Normal,45,0,1,45.0,31-45,2015,Sao Paulo,Goias,False
5170,19,Flamengo,Ederson Honorato Campos,51,Normal,51,0,2,51.0,46-60,2015,Palmeiras,Flamengo,False
5170,19,Palmeiras,Jackson de Souza,6,Normal,6,0,1,6.0,0-15,2015,Palmeiras,Flamengo,True
5170,19,Flamengo,Ederson Honorato Campos,57,Normal,57,0,2,57.0,46-60,2015,Palmeiras,Flamengo,False
5170,19,Palmeiras,Samir,58,Gol Contra,58,0,2,58.0,46-60,2015,Palmeiras,Flamengo,True
5170,19,Palmeiras,Eduardo Pereira Rodrigues,66,Normal,66,0,2,66.0,61-75,2015,Palmeiras,Flamengo,True
5170,19,Palmeiras,Alecsandro,71,Normal,71,0,2,71.0,61-75,2015,Palmeiras,Flamengo,True
5172,19,Figueirense,Clayton da Silveira da Silva,41,Penalty,41,0,1,41.0,31-45,2015,Fluminense,Figueirense,False
5172,19,Fluminense,Cícero Santos,49,Normal,49,0,2,49.0,46-60,2015,Fluminense,Figueirense,True
5172,19,Fluminense,Fred,65,Normal,65,0,2,65.0,61-75,2015,Fluminense,Figueirense,True
5174,19,Ponte Preta,Borges,82,Normal,82,0,2,82.0,76-90,2015,Sport,Ponte Preta,False
5174,19,Sport,Diego Souza,10,Normal,10,0,1,10.0,0-15,2015,Sport,Ponte Preta,True
5171,19,Corinthians,Luciano da Rocha Neves,87,Normal,87,0,2,87.0,76-90,2015,Avai,Corinthians,False
5171,19,Avai,André Lima,15,Normal,15,0,1,15.0,0-15,2015,Avai,Corinthians,True
5171,19,Corinthians,Luciano da Rocha Neves,45+3,Normal,45,3,1,45.03,45+,2015,Avai,Corinthians,False
5175,19,Gremio,Frickson Erazo,61,Normal,61,0,2,61.0,61-75,2015,Gremio,Joinville,True
5175,19,Gremio,Rafael Galhardo,84,Normal,84,0,2,84.0,76-90,2015,Gremio,Joinville,True
5175,19,Joinville,Bruno Aguiar,3,Normal,3,0,1,3.0,0-15,2015,Gremio,Joinville,False
5176,19,Chapecoense,Cléber Santana,41,Normal,41,0,1,41.0,31-45,2015,Chapecoense,Atletico-MG,True
5176,19,Chapecoense,Apodi,78,Normal,78,0,2,78.0,76-90,2015,Chapecoense,Atletico-MG,True
5176,19,Atletico-MG,Hélio Hermito Zampier Neto,64,Gol Contra,64,0,2,64.0,61-75,2015,Chapecoense,Atletico-MG,False
5177,20,Goias,Erik Nascimento de Lima,17,Penalty,17,0,1,17.0,16-30,2015,Goias,Vasco,True
5177,20,Goias,Zé Love,4,Normal,4,0,1,4.0,0-15,2015,Goias,Vasco,True
5177,20,Goias,Erik Nascimento de Lima,77,Penalty,77,0,2,77.0,76-90,2015,Goias,Vasco,True
5178,20,Santos,Lucas Rafael Araújo Lima,90+2,Penalty,90,2,2,90.02,90+,2015,Santos,Avai,True
5178,20,Santos,Thiago Maia,14,Normal,14,0,1,14.0,0-15,2015,Santos,Avai,True
5178,20,Avai,Léo Gamalho,83,Normal,83,0,2,83.0,76-90,2015,Santos,Avai,False
5178,20,Santos,Ricardo Oliveira,48,Normal,48,0,2,48.0,46-60,2015,Santos,Avai,True
5178,20,Santos,Nilson,81,Normal,81,0,2,81.0,76-90,2015,Santos,Avai,True
5178,20,Santos,Gabriel Barbosa,11,Normal,11,0,1,11.0,0-15,2015,Santos,Avai,True
5178,20,Avai,Léo Gamalho,29,Normal,29,0,1,29.0,16-30,2015,Santos,Avai,False
5179,20,Figueirense,Dudu,63,Normal,63,0,2,63.0,61-75,2015,Figueirense,Sport,True
5179,20,Figueirense,Bruno Alves,70,Normal,70,0,2,70.0,61-75,2015,Figueirense,Sport,True
5179,20,Sport,Renê Rodrigues Martins,32,Normal,32,0,1,32.0,31-45,2015,Figueirense,Sport,False
5180,20,Coritiba,Henrique Almeida,24,Normal,24,0,1,24.0,16-30,2015,Coritiba,Chapecoense,True
5182,20,Joinville,Marlon,90+1,Gol Contra,90,1,2,90.01,90+,2015,Joinville,Fluminense,True
5182,20,Joinville,Mario Sérgio,83,Normal,83,0,2,83.0,76-90,2015,Joinville,Fluminense,True
5182,20,Fluminense,Cícero Santos,71,Normal,71,0,2,71.0,61-75,2015,Joinville,Fluminense,False
5183,20,Internacional,Paulo Marcos de Jesus Ribeiro,70,Normal,70,0,2,70.0,61-75,2015,Internacional,Athletico-PR,True
5183,20,Internacional,Valdívia,4,Normal,4,0,1,4.0,0-15,2015,Internacional,Athletico-PR,True
5184,20,Corinthians,Vágner Love,15,Normal,15,0,1,15.0,0-15,2015,Corinthians,Cruzeiro,True
5184,20,Corinthians,Vágner Love,48,Normal,48,0,2,48.0,46-60,2015,Corinthians,Cruzeiro,True
5184,20,Corinthians,Jadson,44,Normal,44,0,1,44.0,31-45,2015,Corinthians,Cruzeiro,True
5185,20,Flamengo,Ederson Honorato Campos,42,Normal,42,0,1,42.0,31-45,2015,Flamengo,Sao Paulo,True
5185,20,Flamengo,Paolo Guerrero,48,Normal,48,0,2,48.0,46-60,2015,Flamengo,Sao Paulo,True
5185,20,Sao Paulo,Luiz Eduardo,36,Normal,36,0,1,36.0,31-45,2015,Flamengo,Sao Paulo,False
5186,20,Palmeiras,Andrei Girotto,5,Normal,5,0,1,5.0,0-15,2015,Atletico-MG,Palmeiras,False
5186,20,Atletico-MG,Lucas Pratto,37,Penalty,37,0,1,37.0,31-45,2015,Atletico-MG,Palmeiras,True
5186,20,Atletico-MG,Lucas Pratto,18,Normal,18,0,1,18.0,16-30,2015,Atletico-MG,Palmeiras,True
5187,21,Figueirense,Marcos Assis de Santana,90+3,Normal,90,3,2,90.03,90+,2015,Vasco,Figueirense,False
5188,21,Sao Paulo,Wilder Guisao,53,Normal,53,0,2,53.0,46-60,2015,Sao Paulo,Ponte Preta,True
5188,21,Sao Paulo,Michel Bastos,35,Normal,35,0,1,35.0,31-45,2015,Sao Paulo,Ponte Preta,True
5188,21,Sao Paulo,Paulo Henrique Ganso,50,Normal,50,0,2,50.0,46-60,2015,Sao Paulo,Ponte Preta,True
5190,21,Avai,Léo Gamalho,84,Normal,84,0,2,84.0,76-90,2015,Avai,Internacional,True
5190,21,Avai,Léo Gamalho,69,Penalty,69,0,2,69.0,61-75,2015,Avai,Internacional,True
5190,21,Avai,Néstor Camacho,90+6,Normal,90,6,2,90.06,90+,2015,Avai,Internacional,True
5191,21,Palmeiras,Gabriel Jesus,68,Normal,68,0,2,68.0,61-75,2015,Palmeiras,Joinville,True
5191,21,Palmeiras,Eduardo Pereira Rodrigues,24,Normal,24,0,1,24.0,16-30,2015,Palmeiras,Joinville,True
5191,21,Joinville,Marcelinho Paraíba,27,Normal,27,0,1,27.0,16-30,2015,Palmeiras,Joinville,False
5191,21,Palmeiras,Gabriel Jesus,1,Normal,1,0,1,1.0,0-15,2015,Palmeiras,Joinville,True
5191,21,Joinville,Marcelinho Paraíba,28,Normal,28,0,1,28.0,16-30,2015,Palmeiras,Joinville,False
5192,21,Fluminense,Wellington Paulista,47,Normal,47,0,2,47.0,46-60,2015,Fluminense,Atletico-MG,True
5192,21,Atletico-MG,Giovanni Augusto,22,Normal,22,0,1,22.0,16-30,2015,Fluminense,Atletico-MG,False
5192,21,Atletico-MG,Patric Cabral Lalau,83,Normal,83,0,2,83.0,76-90,2015,Fluminense,Atletico-MG,False
5193,21,Flamengo,Éverton Cardoso da Silva,5,Normal,5,0,1,5.0,0-15,2015,Sport,Flamengo,False
5194,21,Chapecoense,Bruno Rangel,45+3,Normal,45,3,1,45.03,45+,2015,Chapecoense,Corinthians,True
5194,21,Corinthians,Elias Mendes Trindade,10,Normal,10,0,1,10.0,0-15,2015,Chapecoense,Corinthians,False
5194,21,Corinthians,Vágner Love,14,Normal,14,0,1,14.0,0-15,2015,Chapecoense,Corinthians,False
5194,21,Corinthians,Jadson,90,Penalty,90,0,2,90.0,76-90,2015,Chapecoense,Corinthians,False
5195,21,Santos,Ricardo Oliveira,43,Normal,43,0,1,43.0,31-45,2015,Cruzeiro,Santos,False
5196,21,Athletico-PR,Walter Henrique da Silva,78,Penalty,78,0,2,78.0,76-90,2015,Athletico-PR,Goias,True
5196,21,Athletico-PR,Walter Henrique da Silva,27,Normal,27,0,1,27.0,16-30,2015,Athletico-PR,Goias,True
5196,21,Athletico-PR,Ewandro,90,Normal,90,0,2,90.0,76-90,2015,Athletico-PR,Goias,True
5198,22,Cruzeiro,Vinícius Vasconcelos Araújo,90+4,Normal,90,4,2,90.04,90+,2015,Ponte Preta,Cruzeiro,False
5198,22,Ponte Preta,Biro-Biro,59,Normal,59,0,2,59.0,46-60,2015,Ponte Preta,Cruzeiro,True
5198,22,Cruzeiro,Willians Domingos Fernandes,43,Normal,43,0,1,43.0,31-45,2015,Ponte Preta,Cruzeiro,False
5199,22,Internacional,Lisandro López,90+1,Normal,90,1,2,90.01,90+,2015,Internacional,Vasco,True
5199,22,Internacional,Ernando Rodrigues Lopes,11,Normal,11,0,1,11.0,0-15,2015,Internacional,Vasco,True
5199,22,Internacional,Valdívia,58,Normal,58,0,2,58.0,46-60,2015,Internacional,Vasco,True
5199,22,Internacional,Eduardo Sasha,40,Normal,40,0,1,40.0,31-45,2015,Internacional,Vasco,True
5199,22,Internacional,Nílton Ferreira Júnior,63,Normal,63,0,2,63.0,61-75,2015,Internacional,Vasco,True
5199,22,Internacional,Lisandro López,53,Normal,53,0,2,53.0,46-60,2015,Internacional,Vasco,True
5201,22,Athletico-PR,Walter Henrique da Silva,58,Penalty,58,0,2,58.0,46-60,2015,Atletico-MG,Athletico-PR,False
5200,22,Flamengo,Kayke Moreno,55,Normal,55,0,2,55.0,46-60,2015,Flamengo,Avai,True
5200,22,Flamengo,Kayke Moreno,76,Normal,76,0,2,76.0,76-90,2015,Flamengo,Avai,True
5200,22,Flamengo,Alan Patrick,31,Normal,31,0,1,31.0,31-45,2015,Flamengo,Avai,True
5204,22,Goias,Bruno Henrique,63,Normal,63,0,2,63.0,61-75,2015,Goias,Palmeiras,True
5203,22,Corinthians,Marciel Silva da Silva,5,Normal,5,0,1,5.0,0-15,2015,Corinthians,Fluminense,True
5203,22,Corinthians,Ralf de Souza Teles,71,Normal,71,0,2,71.0,61-75,2015,Corinthians,Fluminense,True
5205,22,Chapecoense,Hélio Hermito Zampier Neto,83,Normal,83,0,2,83.0,76-90,2015,Santos,Chapecoense,False
5205,22,Santos,Ricardo Oliveira,16,Normal,16,0,1,16.0,16-30,2015,Santos,Chapecoense,True
5205,22,Santos,Ricardo Oliveira,76,Normal,76,0,2,76.0,76-90,2015,Santos,Chapecoense,True
5205,22,Santos,Geuvânio,58,Normal,58,0,2,58.0,46-60,2015,Santos,Chapecoense,True
5206,22,Gremio,Deyvison Rogério da Silva,7,Normal,7,0,1,7.0,0-15,2015,Figueirense,Gremio,False
5206,22,Gremio,Pedro Rocha Neves,78,Normal,78,0,2,78.0,76-90,2015,Figueirense,Gremio,False
5207,23,Sao Paulo,Michel Bastos,72,Normal,72,0,2,72.0,61-75,2015,Sao Paulo,Internacional,True
5207,23,Sao Paulo,José Rogério de Oliveira Melo,49,Normal,49,0,2,49.0,46-60,2015,Sao Paulo,Internacional,True
5208,23,Atletico-MG,Jesús Dátolo,43,Normal,43,0,1,43.0,31-45,2015,Vasco,Atletico-MG,False
5208,23,Vasco,Nenê,74,Penalty,74,0,2,74.0,61-75,2015,Vasco,Atletico-MG,True
5208,23,Atletico-MG,Lucas Pratto,24,Penalty,24,0,1,24.0,16-30,2015,Vasco,Atletico-MG,False
5210,23,Cruzeiro,Willian Gomes de Siqueira,72,Normal,72,0,2,72.0,61-75,2015,Cruzeiro,Figueirense,True
5210,23,Cruzeiro,Willian Gomes de Siqueira,75,Normal,75,0,2,75.0,61-75,2015,Cruzeiro,Figueirense,True
5210,23,Cruzeiro,Willian Gomes de Siqueira,4,Normal,4,0,1,4.0,0-15,2015,Cruzeiro,Figueirense,True
5210,23,Cruzeiro,Vinícius Vasconcelos Araújo,61,Normal,61,0,2,61.0,61-75,2015,Cruzeiro,Figueirense,True
5210,23,Cruzeiro,Willian Gomes de Siqueira,28,Normal,28,0,1,28.0,16-30,2015,Cruzeiro,Figueirense,True
5210,23,Figueirense,Marquinhos Pedroso,66,Normal,66,0,2,66.0,61-75,2015,Cruzeiro,Figueirense,False
5212,23,Gremio,Douglas dos Santos,52,Normal,52,0,2,52.0,46-60,2015,Gremio,Goias,True
5212,23,Gremio,Everton Sousa Soares,83,Normal,83,0,2,83.0,76-90,2015,Gremio,Goias,True
5212,23,Goias,Bruno Henrique,44,Normal,44,0,1,44.0,31-45,2015,Gremio,Goias,False
5213,23,Palmeiras,Róbson Michael Signorini,26,Normal,26,0,1,26.0,16-30,2015,Palmeiras,Corinthians,True
5213,23,Corinthians,Willian José de Souza,38,Gol Contra,38,0,1,38.0,31-45,2015,Palmeiras,Corinthians,False
5213,23,Palmeiras,Eduardo Pereira Rodrigues,42,Normal,42,0,1,42.0,31-45,2015,Palmeiras,Corinthians,True
5213,23,Corinthians,Guilherme Arana,25,Normal,25,0,1,25.0,16-30,2015,Palmeiras,Corinthians,False
5213,23,Palmeiras,Lucas Rios Marques,19,Normal,19,0,1,19.0,16-30,2015,Palmeiras,Corinthians,True
5213,23,Corinthians,Vágner Love,79,Normal,79,0,2,79.0,76-90,2015,Palmeiras,Corinthians,False
5215,23,Fluminense,Jean Raphael Vanderlei Moreira,58,Penalty,58,0,2,58.0,46-60,2015,Fluminense,Flamengo,True
5215,23,Flamengo,Paulinho,68,Normal,68,0,2,68.0,61-75,2015,Fluminense,Flamengo,False
5215,23,Flamengo,Emerson Sheik,10,Normal,10,0,1,10.0,0-15,2015,Fluminense,Flamengo,False
5215,23,Flamengo,Kayke Moreno,15,Normal,15,0,1,15.0,0-15,2015,Fluminense,Flamengo,False
5214,23,Coritiba,Henrique Almeida,65,Normal,65,0,2,65.0,61-75,2015,Avai,Coritiba,False
5214,23,Coritiba,Henrique Almeida,83,Normal,83,0,2,83.0,76-90,2015,Avai,Coritiba,False
5216,23,Sport,André Felipe Ribeiro de Souza,27,Normal,27,0,1,27.0,16-30,2015,Sport,Santos,True
5216,23,Santos,Ricardo Oliveira,21,Normal,21,0,1,21.0,16-30,2015,Sport,Santos,False
5217,24,Vasco,Leandro Costa Miranda Moraes,75,Normal,75,0,2,75.0,61-75,2015,Ponte Preta,Vasco,False
5218,24,Atletico-MG,Luan Madson Gedeão de Paiva,12,Normal,12,0,1,12.0,0-15,2015,Atletico-MG,Avai,True
5218,24,Atletico-MG,Leonardo Silva,30,Normal,30,0,1,30.0,16-30,2015,Atletico-MG,Avai,True
5219,24,Internacional,Nílton Ferreira Júnior,20,Normal,20,0,1,20.0,16-30,2015,Internacional,Palmeiras,True
5220,24,Figueirense,Clayton da Silveira da Silva,44,Penalty,44,0,1,44.0,31-45,2015,Figueirense,Athletico-PR,True
5220,24,Athletico-PR,Walter Henrique da Silva,41,Normal,41,0,1,41.0,31-45,2015,Figueirense,Athletico-PR,False
5222,24,Santos,Ricardo Oliveira,52,Normal,52,0,2,52.0,46-60,2015,Santos,Sao Paulo,True
5222,24,Santos,David Braz,32,Normal,32,0,1,32.0,31-45,2015,Santos,Sao Paulo,True
5222,24,Santos,Rafael Longuine,43,Normal,43,0,1,43.0,31-45,2015,Santos,Sao Paulo,True
5223,24,Corinthians,Renato Augusto,66,Normal,66,0,2,66.0,61-75,2015,Corinthians,Gremio,True
5223,24,Gremio,Deyvison Rogério da Silva,59,Normal,59,0,2,59.0,46-60,2015,Corinthians,Gremio,False
5221,24,Coritiba,Henrique Almeida,29,Normal,29,0,1,29.0,16-30,2015,Coritiba,Fluminense,True
5221,24,Fluminense,Marcos Júnior,60,Normal,60,0,2,60.0,46-60,2015,Coritiba,Fluminense,False
5224,24,Goias,Carlos Eduardo Ferreira de Souza,80,Normal,80,0,2,80.0,76-90,2015,Goias,Sport,True
5226,24,Flamengo,Alan Patrick,45+1,Normal,45,1,1,45.01,45+,2015,Flamengo,Cruzeiro,True
5226,24,Flamengo,Luiz Antônio de Souza Soares,69,Normal,69,0,2,69.0,61-75,2015,Flamengo,Cruzeiro,True
5227,25,Internacional,Victor Vinícius Coelho Santos,45+4,Normal,45,4,1,45.04,45+,2015,Coritiba,Internacional,False
5228,25,Palmeiras,Zé Roberto,88,Penalty,88,0,2,88.0,76-90,2015,Palmeiras,Figueirense,True
5228,25,Palmeiras,Jackson de Souza,46,Normal,46,0,2,46.0,46-60,2015,Palmeiras,Figueirense,True
5230,25,Corinthians,Malcom Filipe Silva de Oliveira,39,Normal,39,0,1,39.0,31-45,2015,Corinthians,Joinville,True
5230,25,Corinthians,Uendel Pereira Gonçalves,58,Normal,58,0,2,58.0,46-60,2015,Corinthians,Joinville,True
5230,25,Corinthians,Vágner Love,88,Normal,88,0,2,88.0,76-90,2015,Corinthians,Joinville,True
5229,25,Ponte Preta,Renato Baruffi,9,Normal,9,0,1,9.0,0-15,2015,Ponte Preta,Santos,True
5229,25,Ponte Preta,Luiz Antonio Linhares Garcia,23,Normal,23,0,1,23.0,16-30,2015,Ponte Preta,Santos,True
5229,25,Ponte Preta,Borges,44,Normal,44,0,1,44.0,31-45,2015,Ponte Preta,Santos,True
5229,25,Santos,Rafael Longuine,90+3,Normal,90,3,2,90.03,90+,2015,Ponte Preta,Santos,False
5231,25,Atletico-MG,Carlos Júnior,89,Normal,89,0,2,89.0,76-90,2015,Cruzeiro,Atletico-MG,False
5231,25,Cruzeiro,Willian Gomes de Siqueira,38,Normal,38,0,1,38.0,31-45,2015,Cruzeiro,Atletico-MG,True
5232,25,Gremio,Everton Sousa Soares,90+3,Normal,90,3,2,90.03,90+,2015,Gremio,Sao Paulo,True
5232,25,Sao Paulo,Alexandre Pato,35,Normal,35,0,1,35.0,31-45,2015,Gremio,Sao Paulo,False
5232,25,Sao Paulo,José Rogério de Oliveira Melo,90+1,Normal,90,1,2,90.01,90+,2015,Gremio,Sao Paulo,False
5233,25,Flamengo,Paulinho,11,Normal,11,0,1,11.0,0-15,2015,Chapecoense,Flamengo,False
5233,25,Flamengo,Héctor Canteros,33,Normal,33,0,1,33.0,31-45,2015,Chapecoense,Flamengo,False
5233,25,Flamengo,Kayke Moreno,88,Normal,88,0,2,88.0,76-90,2015,Chapecoense,Flamengo,False
5233,25,Chapecoense,Bruno Rangel,81,Penalty,81,0,2,81.0,76-90,2015,Chapecoense,Flamengo,True
5234,25,Vasco,Nenê,48,Penalty,48,0,2,48.0,46-60,2015,Vasco,Athletico-PR,True
5234,25,Vasco,Júlio César Coelho Moraes Júnior,5,Normal,5,0,1,5.0,0-15,2015,Vasco,Athletico-PR,True
5236,25,Sport,Danilo Barcelos,18,Normal,18,0,1,18.0,16-30,2015,Sport,Fluminense,True
5235,25,Avai,Emerson dos Santos da Silva,85,Normal,85,0,2,85.0,76-90,2015,Avai,Goias,True
5235,25,Avai,André Lima,90+3,Normal,90,3,2,90.03,90+,2015,Avai,Goias,True
5235,25,Goias,Bruno Henrique,29,Normal,29,0,1,29.0,16-30,2015,Avai,Goias,False
5239,26,Ponte Preta,Biro-Biro,6,Normal,6,0,1,6.0,0-15,2015,Goias,Ponte Preta,False
5239,26,Ponte Preta,Alexandro da Silva Batista,81,Normal,81,0,2,81.0,76-90,2015,Goias,Ponte Preta,False
5239,26,Goias,Fred,26,Normal,26,0,1,26.0,16-30,2015,Goias,Ponte Preta,True
5237,26,Joinville,Edigar Junio,39,Normal,39,0,1,39.0,31-45,2015,Joinville,Sport,True
5237,26,Sport,André Felipe Ribeiro de Souza,90,Normal,90,0,2,90.0,76-90,2015,Joinville,Sport,False
5238,26,Palmeiras,Lucas Barrios,90,Normal,90,0,2,90.0,76-90,2015,Fluminense,Palmeiras,False
5238,26,Palmeiras,Lucas Barrios,90+3,Normal,90,3,2,90.03,90+,2015,Fluminense,Palmeiras,False
5238,26,Fluminense,Jean Raphael Vanderlei Moreira,37,Normal,37,0,1,37.0,31-45,2015,Fluminense,Palmeiras,True
5238,26,Palmeiras,Gabriel Jesus,76,Normal,76,0,2,76.0,76-90,2015,Fluminense,Palmeiras,False
5238,26,Palmeiras,Lucas Barrios,69,Normal,69,0,2,69.0,61-75,2015,Fluminense,Palmeiras,False
5241,26,Gremio,Douglas dos Santos,32,Normal,32,0,1,32.0,31-45,2015,Athletico-PR,Gremio,False
5241,26,Gremio,Luan Guilherme de Jesus Vieira,47,Normal,47,0,2,47.0,46-60,2015,Athletico-PR,Gremio,False
5241,26,Athletico-PR,Ewandro,78,Normal,78,0,2,78.0,76-90,2015,Athletico-PR,Gremio,True
5240,26,Avai,Renan Oliveira,81,Normal,81,0,2,81.0,76-90,2015,Figueirense,Avai,False
5242,26,Santos,Ricardo Oliveira,71,Normal,71,0,2,71.0,61-75,2015,Santos,Atletico-MG,True
5242,26,Santos,Marquinhos,90+2,Normal,90,2,2,90.02,90+,2015,Santos,Atletico-MG,True
5242,26,Santos,Gabriel Barbosa,38,Normal,38,0,1,38.0,31-45,2015,Santos,Atletico-MG,True
5242,26,Santos,Gabriel Barbosa,55,Normal,55,0,2,55.0,46-60,2015,Santos,Atletico-MG,True
5243,26,Corinthians,Malcom Filipe Silva de Oliveira,18,Normal,18,0,1,18.0,16-30,2015,Internacional,Corinthians,False
5243,26,Internacional,Réver,38,Normal,38,0,1,38.0,31-45,2015,Internacional,Corinthians,True
5243,26,Internacional,Valdívia,74,Normal,74,0,2,74.0,61-75,2015,Internacional,Corinthians,True
5244,26,Vasco,Rafael Silva dos Santos,81,Normal,81,0,2,81.0,76-90,2015,Cruzeiro,Vasco,False
5244,26,Cruzeiro,Willian Gomes de Siqueira,27,Normal,27,0,1,27.0,16-30,2015,Cruzeiro,Vasco,True
5244,26,Cruzeiro,Alisson Euler de Freitas Castro,42,Normal,42,0,1,42.0,31-45,2015,Cruzeiro,Vasco,True
5244,26,Vasco,Rafael Silva dos Santos,25,Normal,25,0,1,25.0,16-30,2015,Cruzeiro,Vasco,False
5246,26,Coritiba,Kléber,9,Penalty,9,0,1,9.0,0-15,2015,Flamengo,Coritiba,False
5246,26,Coritiba,Henrique Almeida,25,Normal,25,0,1,25.0,16-30,2015,Flamengo,Coritiba,False
5248,27,Figueirense,Thiago Santos Santana,76,Normal,76,0,2,76.0,76-90,2015,Internacional,Figueirense,False
5248,27,Internacional,Alex Raphael Meschini,37,Penalty,37,0,1,37.0,31-45,2015,Internacional,Figueirense,True
5247,27,Palmeiras,Rafael Marques Mariano,59,Normal,59,0,2,59.0,46-60,2015,Palmeiras,Gremio,True
5247,27,Gremio,Luan Guilherme de Jesus Vieira,20,Normal,20,0,1,20.0,16-30,2015,Palmeiras,Gremio,False
5247,27,Gremio,Luan Guilherme de Jesus Vieira,86,Penalty,86,0,2,86.0,76-90,2015,Palmeiras,Gremio,False
5247,27,Palmeiras,Vitor Hugo Franchescoli de Souza,7,Normal,7,0,1,7.0,0-15,2015,Palmeiras,Gremio,True
5247,27,Palmeiras,Lucas Barrios,32,Normal,32,0,1,32.0,31-45,2015,Palmeiras,Gremio,True
5249,27,Ponte Preta,Fernando Paixão da Silva,26,Penalty,26,0,1,26.0,16-30,2015,Ponte Preta,Fluminense,True
5249,27,Fluminense,Gustavo Scarpa,47,Normal,47,0,2,47.0,46-60,2015,Ponte Preta,Fluminense,False
5249,27,Ponte Preta,Marlon,42,Gol Contra,42,0,1,42.0,31-45,2015,Ponte Preta,Fluminense,True
5249,27,Ponte Preta,Borges,8,Normal,8,0,1,8.0,0-15,2015,Ponte Preta,Fluminense,True
5250,27,Goias,Erik Nascimento de Lima,73,Penalty,73,0,2,73.0,61-75,2015,Goias,Joinville,True
5250,27,Goias,Fred,19,Normal,19,0,1,19.0,16-30,2015,Goias,Joinville,True
5250,27,Goias,Erik Nascimento de Lima,88,Normal,88,0,2,88.0,76-90,2015,Goias,Joinville,True
5251,27,Corinthians,Jadson,86,Penalty,86,0,2,86.0,76-90,2015,Corinthians,Santos,True
5251,27,Corinthians,Jadson,88,Normal,88,0,2,88.0,76-90,2015,Corinthians,Santos,True
5253,27,Atletico-MG,Jemerson de Jesus Nascimento,55,Normal,55,0,2,55.0,46-60,2015,Atletico-MG,Flamengo,True
5253,27,Atletico-MG,Jesús Dátolo,71,Normal,71,0,2,71.0,61-75,2015,Atletico-MG,Flamengo,True
5253,27,Flamengo,Paulinho,19,Normal,19,0,1,19.0,16-30,2015,Atletico-MG,Flamengo,False
5253,27,Atletico-MG,Marcelo Augusto Mathias da Silva,16,Gol Contra,16,0,1,16.0,16-30,2015,Atletico-MG,Flamengo,True
5253,27,Atletico-MG,Jemerson de Jesus Nascimento,26,Normal,26,0,1,26.0,16-30,2015,Atletico-MG,Flamengo,True
5252,27,Vasco,Nenê,2,Normal,2,0,1,2.0,0-15,2015,Vasco,Sport,True
5252,27,Vasco,Rafael Vaz,49,Normal,49,0,2,49.0,46-60,2015,Vasco,Sport,True
5252,27,Sport,José Élber Pimentel da Silva,40,Normal,40,0,1,40.0,31-45,2015,Vasco,Sport,False
5254,27,Avai,Anderson Lopes,71,Normal,71,0,2,71.0,61-75,2015,Avai,Sao Paulo,True
5254,27,Sao Paulo,Breno Vinícius Rodrigues Borges,43,Normal,43,0,1,43.0,31-45,2015,Avai,Sao Paulo,False
5254,27,Avai,Marquinhos Santos,18,Normal,18,0,1,18.0,16-30,2015,Avai,Sao Paulo,True
5256,27,Coritiba,Negueba,45,Normal,45,0,1,45.0,31-45,2015,Coritiba,Athletico-PR,True
5256,27,Coritiba,Henrique Almeida,13,Normal,13,0,1,13.0,0-15,2015,Coritiba,Athletico-PR,True
5255,27,Cruzeiro,Rafael Lima,24,Gol Contra,24,0,1,24.0,16-30,2015,Chapecoense,Cruzeiro,False
5255,27,Cruzeiro,Fabiano,11,Normal,11,0,1,11.0,0-15,2015,Chapecoense,Cruzeiro,False
5257,28,Fluminense,Fred,29,Normal,29,0,1,29.0,16-30,2015,Fluminense,Goias,True
5257,28,Fluminense,Gustavo Scarpa,50,Normal,50,0,2,50.0,46-60,2015,Fluminense,Goias,True
5258,28,Gremio,Giuliano Victor de Paula,24,Normal,24,0,1,24.0,16-30,2015,Gremio,Avai,True
5258,28,Gremio,Maximiliano Rodríguez Maeso,76,Normal,76,0,2,76.0,76-90,2015,Gremio,Avai,True
5258,28,Avai,André Lima,64,Normal,64,0,2,64.0,61-75,2015,Gremio,Avai,False
5258,28,Gremio,Giuliano Victor de Paula,12,Normal,12,0,1,12.0,0-15,2015,Gremio,Avai,True
5259,28,Ponte Preta,Biro-Biro,15,Normal,15,0,1,15.0,0-15,2015,Athletico-PR,Ponte Preta,False
5259,28,Ponte Preta,Biro-Biro,64,Normal,64,0,2,64.0,61-75,2015,Athletico-PR,Ponte Preta,False
5259,28,Athletico-PR,Bruno da Mota,29,Normal,29,0,1,29.0,16-30,2015,Athletico-PR,Ponte Preta,True
5260,28,Internacional,Valdívia,27,Penalty,27,0,1,27.0,16-30,2015,Santos,Internacional,False
5260,28,Santos,Marquinhos,37,Normal,37,0,1,37.0,31-45,2015,Santos,Internacional,True
5260,28,Santos,Gabriel Barbosa,60,Penalty,60,0,2,60.0,46-60,2015,Santos,Internacional,True
5260,28,Santos,Leandro,90,Normal,90,0,2,90.0,76-90,2015,Santos,Internacional,True
5261,28,Flamengo,Emerson Sheik,12,Normal,12,0,1,12.0,0-15,2015,Flamengo,Vasco,True
5261,28,Vasco,Nenê,62,Penalty,62,0,2,62.0,61-75,2015,Flamengo,Vasco,False
5261,28,Vasco,Rodrigo Baldasso da Costa,58,Normal,58,0,2,58.0,46-60,2015,Flamengo,Vasco,False
5262,28,Atletico-MG,Luan Madson Gedeão de Paiva,52,Normal,52,0,2,52.0,46-60,2015,Joinville,Atletico-MG,False
5262,28,Atletico-MG,Thiago Ribeiro,82,Normal,82,0,2,82.0,76-90,2015,Joinville,Atletico-MG,False
5262,28,Joinville,Everton Kempes dos Santos Gonçalves,62,Normal,62,0,2,62.0,61-75,2015,Joinville,Atletico-MG,True
5262,28,Joinville,Willian Popp,83,Normal,83,0,2,83.0,76-90,2015,Joinville,Atletico-MG,True
5263,28,Corinthians,Carlos Gilberto do Nascimento Silva,67,Normal,67,0,2,67.0,61-75,2015,Figueirense,Corinthians,False
5263,28,Corinthians,Renato Augusto,83,Normal,83,0,2,83.0,76-90,2015,Figueirense,Corinthians,False
5263,28,Figueirense,Leandro Silva,90+1,Normal,90,1,2,90.01,90+,2015,Figueirense,Corinthians,True
5263,28,Corinthians,Elias Mendes Trindade,15,Normal,15,0,1,15.0,0-15,2015,Figueirense,Corinthians,False
5264,28,Sao Paulo,Carlos Andrade Souza,60,Normal,60,0,2,60.0,46-60,2015,Sao Paulo,Palmeiras,True
5264,28,Palmeiras,Róbson Michael Signorini,90+3,Normal,90,3,2,90.03,90+,2015,Sao Paulo,Palmeiras,False
5265,28,Sport,Diego Souza,25,Normal,25,0,1,25.0,16-30,2015,Sport,Chapecoense,True
5265,28,Sport,Apodi,78,Gol Contra,78,0,2,78.0,76-90,2015,Sport,Chapecoense,True
5265,28,Sport,Régis,84,Normal,84,0,2,84.0,76-90,2015,Sport,Chapecoense,True
5266,28,Cruzeiro,Ceará,22,Normal,22,0,1,22.0,16-30,2015,Cruzeiro,Coritiba,True
5266,28,Cruzeiro,Willian Gomes de Siqueira,66,Normal,66,0,2,66.0,61-75,2015,Cruzeiro,Coritiba,True
5267,29,Internacional,Lisandro López,65,Normal,65,0,2,65.0,61-75,2015,Internacional,Sport,True
5267,29,Internacional,Rodrigo Dourado,82,Normal,82,0,2,82.0,76-90,2015,Internacional,Sport,True
5267,29,Sport,José Élber Pimentel da Silva,80,Normal,80,0,2,80.0,76-90,2015,Internacional,Sport,False
5268,29,Atletico-MG,Leandro Silva,41,Gol Contra,41,0,1,41.0,31-45,2015,Coritiba,Atletico-MG,False
5268,29,Atletico-MG,Lucas Pratto,85,Penalty,85,0,2,85.0,76-90,2015,Coritiba,Atletico-MG,False
5268,29,Atletico-MG,Giovanni Augusto,66,Normal,66,0,2,66.0,61-75,2015,Coritiba,Atletico-MG,False
5269,29,Sao Paulo,José Rogério de Oliveira Melo,72,Normal,72,0,2,72.0,61-75,2015,Sao Paulo,Athletico-PR,True
5271,29,Flamengo,Ayrton Ganino,57,Normal,57,0,2,57.0,46-60,2015,Flamengo,Joinville,True
5271,29,Flamengo,Gabriel Santana,82,Normal,82,0,2,82.0,76-90,2015,Flamengo,Joinville,True
5270,29,Avai,André Lima,86,Normal,86,0,2,86.0,76-90,2015,Avai,Vasco,True
5270,29,Vasco,Nenê,45,Penalty,45,0,1,45.0,31-45,2015,Avai,Vasco,False
5274,29,Goias,Zé Love,45+5,Penalty,45,5,1,45.05,45+,2015,Goias,Figueirense,True
5274,29,Figueirense,Dudu,57,Normal,57,0,2,57.0,46-60,2015,Goias,Figueirense,False
5274,29,Figueirense,Dudu,60,Normal,60,0,2,60.0,46-60,2015,Goias,Figueirense,False
5274,29,Figueirense,Rafael Bastos,87,Normal,87,0,2,87.0,76-90,2015,Goias,Figueirense,False
5274,29,Goias,Leandro Silva,67,Gol Contra,67,0,2,67.0,61-75,2015,Goias,Figueirense,True
5275,29,Ponte Preta,Felipe Azevedo,64,Normal,64,0,2,64.0,61-75,2015,Ponte Preta,Corinthians,True
5275,29,Corinthians,Jadson,43,Normal,43,0,1,43.0,31-45,2015,Ponte Preta,Corinthians,False
5275,29,Corinthians,Rodrigo Eduardo Costa Marinho,84,Normal,84,0,2,84.0,76-90,2015,Ponte Preta,Corinthians,False
5275,29,Ponte Preta,Elton Junior Melo Ataíde,61,Normal,61,0,2,61.0,61-75,2015,Ponte Preta,Corinthians,True
5272,29,Santos,Lucas Rafael Araújo Lima,5,Normal,5,0,1,5.0,0-15,2015,Santos,Fluminense,True
5272,29,Santos,Marquinhos,11,Normal,11,0,1,11.0,0-15,2015,Santos,Fluminense,True
5272,29,Santos,Neto Berola,84,Normal,84,0,2,84.0,76-90,2015,Santos,Fluminense,True
5272,29,Fluminense,Robert Gonçalves Santos,90+2,Normal,90,2,2,90.02,90+,2015,Santos,Fluminense,False
5276,29,Chapecoense,Camilo,23,Normal,23,0,1,23.0,16-30,2015,Chapecoense,Palmeiras,True
5276,29,Palmeiras,Eduardo Pereira Rodrigues,58,Normal,58,0,2,58.0,46-60,2015,Chapecoense,Palmeiras,False
5276,29,Chapecoense,Túlio de Melo,55,Normal,55,0,2,55.0,46-60,2015,Chapecoense,Palmeiras,True
5276,29,Chapecoense,Apodi,65,Normal,65,0,2,65.0,61-75,2015,Chapecoense,Palmeiras,True
5276,29,Chapecoense,Hélio Hermito Zampier Neto,5,Normal,5,0,1,5.0,0-15,2015,Chapecoense,Palmeiras,True
5276,29,Chapecoense,Ananias Elói Castro Monteiro,86,Normal,86,0,2,86.0,76-90,2015,Chapecoense,Palmeiras,True
5277,30,Atletico-MG,Lucas Pratto,17,Penalty,17,0,1,17.0,16-30,2015,Atletico-MG,Internacional,True
5277,30,Atletico-MG,Marcos Rocha,70,Normal,70,0,2,70.0,61-75,2015,Atletico-MG,Internacional,True
5277,30,Internacional,Paulo Marcos de Jesus Ribeiro,39,Normal,39,0,1,39.0,31-45,2015,Atletico-MG,Internacional,False
5278,30,Sport,André Felipe Ribeiro de Souza,63,Normal,63,0,2,63.0,61-75,2015,Sport,Avai,True
5278,30,Sport,André Felipe Ribeiro de Souza,84,Normal,84,0,2,84.0,76-90,2015,Sport,Avai,True
5278,30,Sport,Régis,61,Normal,61,0,2,61.0,61-75,2015,Sport,Avai,True
5279,30,Joinville,Marcelinho Paraíba,32,Penalty,32,0,1,32.0,31-45,2015,Joinville,Coritiba,True
5279,30,Joinville,Rafael Donato,57,Normal,57,0,2,57.0,46-60,2015,Joinville,Coritiba,True
5279,30,Coritiba,Henrique Almeida,89,Penalty,89,0,2,89.0,76-90,2015,Joinville,Coritiba,False
5279,30,Joinville,Carlos Eduardo Antônio dos Santos,73,Normal,73,0,2,73.0,61-75,2015,Joinville,Coritiba,True
5280,30,Figueirense,Clayton da Silveira da Silva,22,Normal,22,0,1,22.0,16-30,2015,Figueirense,Flamengo,True
5280,30,Figueirense,Clayton da Silveira da Silva,66,Normal,66,0,2,66.0,61-75,2015,Figueirense,Flamengo,True
5280,30,Figueirense,Dudu,89,Normal,89,0,2,89.0,76-90,2015,Figueirense,Flamengo,True
5281,30,Ponte Preta,Fernando Paixão da Silva,28,Penalty,28,0,1,28.0,16-30,2015,Palmeiras,Ponte Preta,False
5282,30,Fluminense,Marcos Júnior,49,Normal,49,0,2,49.0,46-60,2015,Fluminense,Sao Paulo,True
5282,30,Fluminense,Fred,31,Normal,31,0,1,31.0,31-45,2015,Fluminense,Sao Paulo,True
5283,30,Cruzeiro,Giorgian De Arrascaeta,85,Normal,85,0,2,85.0,76-90,2015,Athletico-PR,Cruzeiro,False
5283,30,Athletico-PR,Ewandro,36,Normal,36,0,1,36.0,31-45,2015,Athletico-PR,Cruzeiro,True
5283,30,Athletico-PR,Bruno Pereirinha,79,Normal,79,0,2,79.0,76-90,2015,Athletico-PR,Cruzeiro,True
5283,30,Cruzeiro,Fabrício dos Santos Silva,74,Normal,74,0,2,74.0,61-75,2015,Athletico-PR,Cruzeiro,False
5285,30,Corinthians,Rodrigo Eduardo Costa Marinho,88,Normal,88,0,2,88.0,76-90,2015,Corinthians,Goias,True
5285,30,Corinthians,Edu Dracena,16,Normal,16,0,1,16.0,16-30,2015,Corinthians,Goias,True
5285,30,Corinthians,Malcom Filipe Silva de Oliveira,26,Normal,26,0,1,26.0,16-30,2015,Corinthians,Goias,True
5284,30,Chapecoense,Bruno Rangel,86,Penalty,86,0,2,86.0,76-90,2015,Vasco,Chapecoense,False
5284,30,Vasco,Rodrigo Baldasso da Costa,72,Normal,72,0,2,72.0,61-75,2015,Vasco,Chapecoense,True
5286,30,Gremio,Bressan,27,Normal,27,0,1,27.0,16-30,2015,Gremio,Santos,True
5287,31,Palmeiras,Jonatan Cristaldo,60,Normal,60,0,2,60.0,46-60,2015,Avai,Palmeiras,False
5287,31,Palmeiras,Eduardo Pereira Rodrigues,78,Normal,78,0,2,78.0,76-90,2015,Avai,Palmeiras,False
5287,31,Avai,André Lima,69,Normal,69,0,2,69.0,61-75,2015,Avai,Palmeiras,True
5287,31,Palmeiras,Gabriel Jesus,17,Normal,17,0,1,17.0,16-30,2015,Avai,Palmeiras,False
5288,31,Joinville,Everton Kempes dos Santos Gonçalves,54,Normal,54,0,2,54.0,46-60,2015,Joinville,Figueirense,True
5290,31,Cruzeiro,Willian Gomes de Siqueira,28,Normal,28,0,1,28.0,16-30,2015,Cruzeiro,Fluminense,True
5290,31,Cruzeiro,Willian Gomes de Siqueira,47,Normal,47,0,2,47.0,46-60,2015,Cruzeiro,Fluminense,True
5289,31,Ponte Preta,Alexandro da Silva Batista,88,Normal,88,0,2,88.0,76-90,2015,Ponte Preta,Coritiba,True
5289,31,Ponte Preta,Biro-Biro,90+4,Normal,90,4,2,90.04,90+,2015,Ponte Preta,Coritiba,True
5289,31,Ponte Preta,Alexandro da Silva Batista,50,Normal,50,0,2,50.0,46-60,2015,Ponte Preta,Coritiba,True
5291,31,Athletico-PR,Bruno da Mota,56,Normal,56,0,2,56.0,46-60,2015,Athletico-PR,Corinthians,True
5291,31,Corinthians,Vágner Love,62,Normal,62,0,2,62.0,61-75,2015,Athletico-PR,Corinthians,False
5291,31,Corinthians,Renato Augusto,17,Normal,17,0,1,17.0,16-30,2015,Athletico-PR,Corinthians,False
5291,31,Corinthians,Renato Augusto,45+1,Normal,45,1,1,45.01,45+,2015,Athletico-PR,Corinthians,False
5291,31,Corinthians,Vágner Love,29,Normal,29,0,1,29.0,16-30,2015,Athletico-PR,Corinthians,False
5293,31,Vasco,Rodrigo Baldasso da Costa,63,Normal,63,0,2,63.0,61-75,2015,Sao Paulo,Vasco,False
5293,31,Vasco,Nenê,45+1,Penalty,45,1,1,45.01,45+,2015,Sao Paulo,Vasco,False
5293,31,Sao Paulo,Luís Fabiano,1,Normal,1,0,1,1.0,0-15,2015,Sao Paulo,Vasco,True
5293,31,Sao Paulo,Rodrigo Caio,88,Normal,88,0,2,88.0,76-90,2015,Sao Paulo,Vasco,True
5292,31,Internacional,Ernando Rodrigues Lopes,18,Normal,18,0,1,18.0,16-30,2015,Flamengo,Internacional,False
5294,31,Chapecoense,Apodi,90+5,Normal,90,5,2,90.05,90+,2015,Gremio,Chapecoense,False
5294,31,Gremio,Douglas dos Santos,5,Normal,5,0,1,5.0,0-15,2015,Gremio,Chapecoense,True
5294,31,Gremio,Deyvison Rogério da Silva,34,Normal,34,0,1,34.0,31-45,2015,Gremio,Chapecoense,True
5294,31,Chapecoense,Túlio de Melo,57,Penalty,57,0,2,57.0,46-60,2015,Gremio,Chapecoense,False
5294,31,Chapecoense,Túlio de Melo,78,Normal,78,0,2,78.0,76-90,2015,Gremio,Chapecoense,False
5295,31,Goias,David França Oliveira e Silva,49,Normal,49,0,2,49.0,46-60,2015,Santos,Goias,False
5295,31,Santos,Werley Ananias da Silva,12,Normal,12,0,1,12.0,0-15,2015,Santos,Goias,True
5295,31,Santos,Ricardo Oliveira,15,Normal,15,0,1,15.0,0-15,2015,Santos,Goias,True
5295,31,Santos,Ricardo Oliveira,45+1,Normal,45,1,1,45.01,45+,2015,Santos,Goias,True
5296,31,Atletico-MG,Thiago Ribeiro,84,Penalty,84,0,2,84.0,76-90,2015,Sport,Atletico-MG,False
5296,31,Sport,Maikon Leite,54,Normal,54,0,2,54.0,46-60,2015,Sport,Atletico-MG,True
5296,31,Sport,Matheus Ferraz Pereira,7,Normal,7,0,1,7.0,0-15,2015,Sport,Atletico-MG,True
5296,31,Sport,Diego Souza,23,Normal,23,0,1,23.0,16-30,2015,Sport,Atletico-MG,True
5296,31,Sport,José Élber Pimentel da Silva,27,Normal,27,0,1,27.0,16-30,2015,Sport,Atletico-MG,True
5297,32,Athletico-PR,Walter Henrique da Silva,60,Normal,60,0,2,60.0,46-60,2015,Fluminense,Athletico-PR,False
5298,32,Internacional,Victor Vinícius Coelho Santos,65,Normal,65,0,2,65.0,61-75,2015,Internacional,Joinville,True
5300,32,Sport,André Felipe Ribeiro de Souza,59,Penalty,59,0,2,59.0,46-60,2015,Palmeiras,Sport,False
5300,32,Sport,Jonathan Marlone,16,Normal,16,0,1,16.0,16-30,2015,Palmeiras,Sport,False
5301,32,Corinthians,Vágner Love,45+2,Normal,45,2,1,45.02,45+,2015,Corinthians,Flamengo,True
5302,32,Coritiba,Luis Cáceres,45,Normal,45,0,1,45.0,31-45,2015,Coritiba,Sao Paulo,True
5302,32,Sao Paulo,Alan Kardec,25,Normal,25,0,1,25.0,16-30,2015,Coritiba,Sao Paulo,False
5302,32,Sao Paulo,Alexandre Pato,64,Normal,64,0,2,64.0,61-75,2015,Coritiba,Sao Paulo,False
5305,32,Cruzeiro,Giorgian De Arrascaeta,51,Normal,51,0,2,51.0,46-60,2015,Goias,Cruzeiro,False
5306,32,Atletico-MG,Luan Madson Gedeão de Paiva,51,Normal,51,0,2,51.0,46-60,2015,Atletico-MG,Ponte Preta,True
5306,32,Atletico-MG,Giovanni Augusto,56,Normal,56,0,2,56.0,46-60,2015,Atletico-MG,Ponte Preta,True
5306,32,Ponte Preta,Renato de Araújo Chaves Júnior,90+2,Normal,90,2,2,90.02,90+,2015,Atletico-MG,Ponte Preta,False
5307,33,Sao Paulo,Paulo Henrique Ganso,19,Normal,19,0,1,19.0,16-30,2015,Sao Paulo,Sport,True
5307,33,Sao Paulo,Luís Fabiano,43,Normal,43,0,1,43.0,31-45,2015,Sao Paulo,Sport,True
5307,33,Sao Paulo,Michel Bastos,64,Normal,64,0,2,64.0,61-75,2015,Sao Paulo,Sport,True
5308,33,Cruzeiro,Leandro Damião,75,Normal,75,0,2,75.0,61-75,2015,Avai,Cruzeiro,False
5308,33,Avai,Rômulo,52,Normal,52,0,2,52.0,46-60,2015,Avai,Cruzeiro,True
5309,33,Ponte Preta,Guti,55,Gol Contra,55,0,2,55.0,46-60,2015,Ponte Preta,Joinville,True
5310,33,Coritiba,Juan Maldonado Jaimez Júnior,24,Normal,24,0,1,24.0,16-30,2015,Coritiba,Figueirense,True
5310,33,Figueirense,Yago Rocha,40,Normal,40,0,1,40.0,31-45,2015,Coritiba,Figueirense,False
5313,33,Gremio,Everton Sousa Soares,52,Normal,52,0,2,52.0,46-60,2015,Gremio,Flamengo,True
5313,33,Gremio,Deyvison Rogério da Silva,85,Normal,85,0,2,85.0,76-90,2015,Gremio,Flamengo,True
5314,33,Corinthians,Malcom Filipe Silva de Oliveira,68,Normal,68,0,2,68.0,61-75,2015,Atletico-MG,Corinthians,False
5314,33,Corinthians,Vágner Love,75,Normal,75,0,2,75.0,61-75,2015,Atletico-MG,Corinthians,False
5314,33,Corinthians,Lucca Borges de Brito,85,Normal,85,0,2,85.0,76-90,2015,Atletico-MG,Corinthians,False
5312,33,Santos,Ricardo Oliveira,49,Normal,49,0,2,49.0,46-60,2015,Santos,Palmeiras,True
5312,33,Palmeiras,Eduardo Pereira Rodrigues,75,Normal,75,0,2,75.0,61-75,2015,Santos,Palmeiras,False
5312,33,Santos,Thiago Maia,27,Normal,27,0,1,27.0,16-30,2015,Santos,Palmeiras,True
5315,33,Fluminense,Gerson Santos da Silva,45+3,Normal,45,3,1,45.03,45+,2015,Vasco,Fluminense,False
5316,33,Goias,Zé Love,48,Normal,48,0,2,48.0,46-60,2015,Goias,Internacional,True
5316,33,Goias,Bruno Henrique,51,Normal,51,0,2,51.0,46-60,2015,Goias,Internacional,True
5316,33,Internacional,Valdívia,20,Normal,20,0,1,20.0,16-30,2015,Goias,Internacional,False
5317,34,Internacional,Victor Vinícius Coelho Santos,88,Normal,88,0,2,88.0,76-90,2015,Internacional,Ponte Preta,True
5318,34,Corinthians,Lucca Borges de Brito,88,Normal,88,0,2,88.0,76-90,2015,Corinthians,Coritiba,True
5318,34,Coritiba,Negueba,47,Normal,47,0,2,47.0,46-60,2015,Corinthians,Coritiba,False
5318,34,Corinthians,Jadson,16,Penalty,16,0,1,16.0,16-30,2015,Corinthians,Coritiba,True
5319,34,Avai,Anderson Lopes,59,Normal,59,0,2,59.0,46-60,2015,Athletico-PR,Avai,False
5319,34,Athletico-PR,Walter Henrique da Silva,35,Normal,35,0,1,35.0,31-45,2015,Athletico-PR,Avai,True
5319,34,Athletico-PR,Sidcley Ferreira Pereira,43,Normal,43,0,1,43.0,31-45,2015,Athletico-PR,Avai,True
5320,34,Chapecoense,Camilo,64,Normal,64,0,2,64.0,61-75,2015,Fluminense,Chapecoense,False
5320,34,Fluminense,Gustavo Scarpa,48,Normal,48,0,2,48.0,46-60,2015,Fluminense,Chapecoense,True
5320,34,Chapecoense,Túlio de Melo,30,Normal,30,0,1,30.0,16-30,2015,Fluminense,Chapecoense,False
5320,34,Fluminense,Jean Raphael Vanderlei Moreira,20,Penalty,20,0,1,20.0,16-30,2015,Fluminense,Chapecoense,True
5320,34,Chapecoense,Thiego,34,Normal,34,0,1,34.0,31-45,2015,Fluminense,Chapecoense,False
5322,34,Flamengo,Alan Patrick,48,Normal,48,0,2,48.0,46-60,2015,Flamengo,Goias,True
5322,34,Flamengo,Kayke Moreno,51,Normal,51,0,2,51.0,46-60,2015,Flamengo,Goias,True
5322,34,Flamengo,Kayke Moreno,64,Normal,64,0,2,64.0,61-75,2015,Flamengo,Goias,True
5322,34,Flamengo,Alan Patrick,19,Normal,19,0,1,19.0,16-30,2015,Flamengo,Goias,True
5322,34,Goias,Erik Nascimento de Lima,45+2,Normal,45,2,1,45.02,45+,2015,Flamengo,Goias,False
5323,34,Cruzeiro,Willian Gomes de Siqueira,33,Normal,33,0,1,33.0,31-45,2015,Cruzeiro,Sao Paulo,True
5323,34,Cruzeiro,Leandro Damião,81,Normal,81,0,2,81.0,76-90,2015,Cruzeiro,Sao Paulo,True
5323,34,Sao Paulo,Luís Fabiano,31,Normal,31,0,1,31.0,31-45,2015,Cruzeiro,Sao Paulo,False
5324,34,Atletico-MG,Jesús Dátolo,90,Normal,90,0,2,90.0,76-90,2015,Figueirense,Atletico-MG,False
5321,34,Vasco,Rafael Silva dos Santos,35,Normal,35,0,1,35.0,31-45,2015,Palmeiras,Vasco,False
5321,34,Vasco,Nenê,40,Normal,40,0,1,40.0,31-45,2015,Palmeiras,Vasco,False
5326,34,Sport,André Felipe Ribeiro de Souza,69,Normal,69,0,2,69.0,61-75,2015,Sport,Gremio,True
5327,35,Cruzeiro,Willians Domingos Fernandes,59,Penalty,59,0,2,59.0,46-60,2015,Cruzeiro,Sport,True
5327,35,Cruzeiro,Durval,61,Gol Contra,61,0,2,61.0,61-75,2015,Cruzeiro,Sport,True
5327,35,Cruzeiro,Marcos Vinícius de Jesus Araújo,66,Normal,66,0,2,66.0,61-75,2015,Cruzeiro,Sport,True
5328,35,Coritiba,João Paulo Silva,45+3,Normal,45,3,1,45.03,45+,2015,Goias,Coritiba,False
5328,35,Coritiba,Henrique Almeida,90+3,Normal,90,3,2,90.03,90+,2015,Goias,Coritiba,False
5328,35,Goias,Fred,80,Normal,80,0,2,80.0,76-90,2015,Goias,Coritiba,True
5328,35,Coritiba,Juan Maldonado Jaimez Júnior,1,Normal,1,0,1,1.0,0-15,2015,Goias,Coritiba,False
5329,35,Figueirense,Clayton da Silveira da Silva,14,Penalty,14,0,1,14.0,0-15,2015,Ponte Preta,Figueirense,False
5331,35,Palmeiras,Róbson Michael Signorini,54,Normal,54,0,2,54.0,46-60,2015,Athletico-PR,Palmeiras,False
5331,35,Athletico-PR,Marcos Guilherme,2,Normal,2,0,1,2.0,0-15,2015,Athletico-PR,Palmeiras,True
5331,35,Palmeiras,Jackson de Souza,74,Normal,74,0,2,74.0,61-75,2015,Athletico-PR,Palmeiras,False
5331,35,Athletico-PR,Ewandro,84,Normal,84,0,2,84.0,76-90,2015,Athletico-PR,Palmeiras,True
5331,35,Palmeiras,Alecsandro,90+5,Normal,90,5,2,90.05,90+,2015,Athletico-PR,Palmeiras,False
5331,35,Athletico-PR,Ewandro,86,Normal,86,0,2,86.0,76-90,2015,Athletico-PR,Palmeiras,True
5330,35,Joinville,Fernando Viana,42,Normal,42,0,1,42.0,31-45,2015,Avai,Joinville,False
5330,35,Avai,André Lima,19,Normal,19,0,1,19.0,16-30,2015,Avai,Joinville,True
5330,35,Avai,Éverton Silva,88,Normal,88,0,2,88.0,76-90,2015,Avai,Joinville,True
5332,35,Gremio,Luan Guilherme de Jesus Vieira,60,Penalty,60,0,2,60.0,46-60,2015,Gremio,Fluminense,True
5333,35,Chapecoense,Ananias Elói Castro Monteiro,64,Normal,64,0,2,64.0,61-75,2015,Chapecoense,Internacional,True
5334,35,Sao Paulo,Alan Kardec,69,Normal,69,0,2,69.0,61-75,2015,Sao Paulo,Atletico-MG,True
5334,35,Atletico-MG,Jesús Dátolo,70,Normal,70,0,2,70.0,61-75,2015,Sao Paulo,Atletico-MG,False
5334,35,Sao Paulo,Alan Kardec,85,Normal,85,0,2,85.0,76-90,2015,Sao Paulo,Atletico-MG,True
5334,35,Sao Paulo,Michel Bastos,75,Normal,75,0,2,75.0,61-75,2015,Sao Paulo,Atletico-MG,True
5334,35,Sao Paulo,Luís Fabiano,90+1,Penalty,90,1,2,90.01,90+,2015,Sao Paulo,Atletico-MG,True
5334,35,Atletico-MG,Luan Madson Gedeão de Paiva,57,Normal,57,0,2,57.0,46-60,2015,Sao Paulo,Atletico-MG,False
5336,35,Vasco,Júlio César Coelho Moraes Júnior,72,Normal,72,0,2,72.0,61-75,2015,Vasco,Corinthians,True
5336,35,Corinthians,Vágner Love,82,Normal,82,0,2,82.0,76-90,2015,Vasco,Corinthians,False
5337,36,Cruzeiro,Marcos Vinícius de Jesus Araújo,20,Normal,20,0,1,20.0,16-30,2015,Palmeiras,Cruzeiro,False
5337,36,Palmeiras,Lucas Barrios,71,Normal,71,0,2,71.0,61-75,2015,Palmeiras,Cruzeiro,True
5339,36,Atletico-MG,Luan Madson Gedeão de Paiva,23,Normal,23,0,1,23.0,16-30,2015,Atletico-MG,Goias,True
5339,36,Atletico-MG,Marcos Rocha,57,Normal,57,0,2,57.0,46-60,2015,Atletico-MG,Goias,True
5339,36,Goias,Erik Nascimento de Lima,39,Normal,39,0,1,39.0,31-45,2015,Atletico-MG,Goias,False
5339,36,Goias,Bruno Henrique,60,Normal,60,0,2,60.0,46-60,2015,Atletico-MG,Goias,False
5340,36,Internacional,Victor Vinícius Coelho Santos,53,Normal,53,0,2,53.0,46-60,2015,Internacional,Gremio,True
5342,36,Corinthians,Cristian Baroni,76,Penalty,76,0,2,76.0,76-90,2015,Corinthians,Sao Paulo,True
5342,36,Corinthians,Edu Dracena,45+1,Normal,45,1,1,45.01,45+,2015,Corinthians,Sao Paulo,True
5342,36,Corinthians,Bruno Henrique Corsini,27,Normal,27,0,1,27.0,16-30,2015,Corinthians,Sao Paulo,True
5342,36,Corinthians,Lucca Borges de Brito,61,Normal,61,0,2,61.0,61-75,2015,Corinthians,Sao Paulo,True
5342,36,Corinthians,Ángel Romero,29,Normal,29,0,1,29.0,16-30,2015,Corinthians,Sao Paulo,True
5342,36,Sao Paulo,Carlos Andrade Souza,70,Normal,70,0,2,70.0,61-75,2015,Corinthians,Sao Paulo,False
5342,36,Corinthians,Ángel Romero,64,Normal,64,0,2,64.0,61-75,2015,Corinthians,Sao Paulo,True
5338,36,Joinville,Rafael Donato,81,Normal,81,0,2,81.0,76-90,2015,Joinville,Vasco,True
5338,36,Vasco,Nenê,5,Normal,5,0,1,5.0,0-15,2015,Joinville,Vasco,False
5338,36,Vasco,Duvier Riascos,10,Normal,10,0,1,10.0,0-15,2015,Joinville,Vasco,False
5343,36,Ponte Preta,Diego Oliveira,77,Normal,77,0,2,77.0,76-90,2015,Flamengo,Ponte Preta,False
5343,36,Flamengo,Gabriel Santana,56,Normal,56,0,2,56.0,46-60,2015,Flamengo,Ponte Preta,True
5344,36,Avai,Léo Gamalho,90,Normal,90,0,2,90.0,76-90,2015,Fluminense,Avai,False
5344,36,Fluminense,Gum,21,Normal,21,0,1,21.0,16-30,2015,Fluminense,Avai,True
5344,36,Fluminense,Osvaldo Filho,75,Normal,75,0,2,75.0,61-75,2015,Fluminense,Avai,True
5344,36,Fluminense,Fred,86,Normal,86,0,2,86.0,76-90,2015,Fluminense,Avai,True
5345,36,Coritiba,Henrique Almeida,58,Normal,58,0,2,58.0,46-60,2015,Coritiba,Santos,True
5347,37,Sao Paulo,Thiago Henrique Mendes Ribeiro,90+4,Normal,90,4,2,90.04,90+,2015,Sao Paulo,Figueirense,True
5347,37,Figueirense,Clayton da Silveira da Silva,28,Normal,28,0,1,28.0,16-30,2015,Sao Paulo,Figueirense,False
5347,37,Sao Paulo,Luís Fabiano,11,Normal,11,0,1,11.0,0-15,2015,Sao Paulo,Figueirense,True
5347,37,Figueirense,Carlos Alberto Gomes de Jesus,75,Normal,75,0,2,75.0,61-75,2015,Sao Paulo,Figueirense,False
5347,37,Sao Paulo,Alan Kardec,90+1,Normal,90,1,2,90.01,90+,2015,Sao Paulo,Figueirense,True
5348,37,Fluminense,Cícero Santos,74,Penalty,74,0,2,74.0,61-75,2015,Fluminense,Internacional,True
5348,37,Internacional,Victor Vinícius Coelho Santos,4,Normal,4,0,1,4.0,0-15,2015,Fluminense,Internacional,False
5349,37,Avai,Antonio Carlos Capocasali,66,Normal,66,0,2,66.0,61-75,2015,Avai,Ponte Preta,True
5351,37,Cruzeiro,Charles Fernando Basílio da Silva,40,Normal,40,0,1,40.0,31-45,2015,Cruzeiro,Joinville,True
5351,37,Cruzeiro,Alisson Euler de Freitas Castro,64,Normal,64,0,2,64.0,61-75,2015,Cruzeiro,Joinville,True
5351,37,Cruzeiro,Willian Gomes de Siqueira,35,Normal,35,0,1,35.0,31-45,2015,Cruzeiro,Joinville,True
5352,37,Atletico-MG,Lucas Pratto,42,Penalty,42,0,1,42.0,31-45,2015,Gremio,Atletico-MG,False
5352,37,Gremio,Everton Sousa Soares,30,Normal,30,0,1,30.0,16-30,2015,Gremio,Atletico-MG,True
5352,37,Gremio,Luan Guilherme de Jesus Vieira,69,Normal,69,0,2,69.0,61-75,2015,Gremio,Atletico-MG,True
5350,37,Sport,Matheus Ferraz Pereira,24,Normal,24,0,1,24.0,16-30,2015,Sport,Corinthians,True
5350,37,Sport,André Felipe Ribeiro de Souza,90+1,Normal,90,1,2,90.01,90+,2015,Sport,Corinthians,True
5355,37,Coritiba,Henrique Almeida,90+4,Normal,90,4,2,90.04,90+,2015,Palmeiras,Coritiba,False
5355,37,Coritiba,Juan Maldonado Jaimez Júnior,24,Normal,24,0,1,24.0,16-30,2015,Palmeiras,Coritiba,False
5353,37,Chapecoense,Túlio de Melo,46,Normal,46,0,2,46.0,46-60,2015,Chapecoense,Goias,True
5353,37,Goias,Fred,33,Normal,33,0,1,33.0,31-45,2015,Chapecoense,Goias,False
5353,37,Goias,Fred,78,Normal,78,0,2,78.0,76-90,2015,Chapecoense,Goias,False
5353,37,Goias,Erik Nascimento de Lima,29,Penalty,29,0,1,29.0,16-30,2015,Chapecoense,Goias,False
5354,37,Vasco,Nenê,45,Penalty,45,0,1,45.0,31-45,2015,Vasco,Santos,True
5356,37,Athletico-PR,Roberto Heuchayer,13,Normal,13,0,1,13.0,0-15,2015,Athletico-PR,Flamengo,True
5356,37,Athletico-PR,Cleberson Martins de Souza,33,Normal,33,0,1,33.0,31-45,2015,Athletico-PR,Flamengo,True
5356,37,Athletico-PR,Cleberson Martins de Souza,67,Normal,67,0,2,67.0,61-75,2015,Athletico-PR,Flamengo,True
5365,38,Gremio,Deyvison Rogério da Silva,60,Normal,60,0,2,60.0,46-60,2015,Joinville,Gremio,False
5365,38,Gremio,Marcelo Oliveira Ferreira,6,Normal,6,0,1,6.0,0-15,2015,Joinville,Gremio,False
5358,38,Palmeiras,Vitor Hugo Franchescoli de Souza,90,Normal,90,0,2,90.0,76-90,2015,Flamengo,Palmeiras,False
5358,38,Flamengo,Marcos Rogério Ricci Lopes,76,Normal,76,0,2,76.0,76-90,2015,Flamengo,Palmeiras,True
5358,38,Palmeiras,Eduardo Pereira Rodrigues,72,Normal,72,0,2,72.0,61-75,2015,Flamengo,Palmeiras,False
5360,38,Santos,Gabriel Barbosa,29,Normal,29,0,1,29.0,16-30,2015,Santos,Athletico-PR,True
5360,38,Santos,Gabriel Barbosa,60,Normal,60,0,2,60.0,46-60,2015,Santos,Athletico-PR,True
5360,38,Santos,Geuvânio,14,Normal,14,0,1,14.0,0-15,2015,Santos,Athletico-PR,True
5360,38,Santos,Vitor Bueno,73,Normal,73,0,2,73.0,61-75,2015,Santos,Athletico-PR,True
5360,38,Santos,Geuvânio,80,Normal,80,0,2,80.0,76-90,2015,Santos,Athletico-PR,True
5360,38,Athletico-PR,Cleberson Martins de Souza,12,Normal,12,0,1,12.0,0-15,2015,Santos,Athletico-PR,False
5364,38,Atletico-MG,Thiago Ribeiro,39,Normal,39,0,1,39.0,31-45,2015,Atletico-MG,Chapecoense,True
5364,38,Atletico-MG,Leonardo Silva,51,Normal,51,0,2,51.0,46-60,2015,Atletico-MG,Chapecoense,True
5364,38,Atletico-MG,Patric Cabral Lalau,68,Normal,68,0,2,68.0,61-75,2015,Atletico-MG,Chapecoense,True
5361,38,Sport,Diego Souza,62,Normal,62,0,2,62.0,61-75,2015,Ponte Preta,Sport,False
5357,38,Internacional,Victor Vinícius Coelho Santos,26,Normal,26,0,1,26.0,16-30,2015,Internacional,Cruzeiro,True
5357,38,Internacional,Victor Vinícius Coelho Santos,62,Normal,62,0,2,62.0,61-75,2015,Internacional,Cruzeiro,True
5359,38,Figueirense,Marcos Assis de Santana,49,Normal,49,0,2,49.0,46-60,2015,Figueirense,Fluminense,True
5362,38,Sao Paulo,José Rogério de Oliveira Melo,90+3,Normal,90,3,2,90.03,90+,2015,Goias,Sao Paulo,False
5363,38,Corinthians,Vágner Love,78,Normal,78,0,2,78.0,76-90,2015,Corinthians,Avai,True
5363,38,Avai,Claudinei Junio de Souza,57,Normal,57,0,2,57.0,46-60,2015,Corinthians,Avai,False
5368,1,Flamengo,Éverton Cardoso da Silva,5,Normal,5,0,1,5.0,0-15,2016,Flamengo,Sport,True
5367,1,Palmeiras,Thiago Martins Bueno,52,Normal,52,0,2,52.0,46-60,2016,Palmeiras,Athletico-PR,True
5367,1,Palmeiras,Róger Guedes,19,Normal,19,0,1,19.0,16-30,2016,Palmeiras,Athletico-PR,True
5367,1,Palmeiras,Gabriel Jesus,46,Normal,46,0,2,46.0,46-60,2016,Palmeiras,Athletico-PR,True
5367,1,Palmeiras,Gabriel Jesus,87,Normal,87,0,2,87.0,76-90,2016,Palmeiras,Athletico-PR,True
5369,1,Atletico-MG,Juan Cazares,15,Normal,15,0,1,15.0,0-15,2016,Atletico-MG,Santos,True
5370,1,Coritiba,Kléber,71,Normal,71,0,2,71.0,61-75,2016,Coritiba,Cruzeiro,True
5371,1,Santa Cruz,Grafite,28,Normal,28,0,1,28.0,16-30,2016,Santa Cruz,Vitoria,True
5371,1,Santa Cruz,Keno,87,Penalty,87,0,2,87.0,76-90,2016,Santa Cruz,Vitoria,True
5371,1,Santa Cruz,Grafite,44,Normal,44,0,1,44.0,31-45,2016,Santa Cruz,Vitoria,True
5371,1,Santa Cruz,Fernando Gabriel Vougado Ribeiro,85,Normal,85,0,2,85.0,76-90,2016,Santa Cruz,Vitoria,True
5371,1,Vitoria,Kieza,80,Normal,80,0,2,80.0,76-90,2016,Santa Cruz,Vitoria,False
5372,1,Sao Paulo,Lucas Fernandes,22,Normal,22,0,1,22.0,16-30,2016,Botafogo-RJ,Sao Paulo,False
5375,1,Fluminense,Fred,39,Normal,39,0,1,39.0,31-45,2016,America-MG,Fluminense,False
5377,2,Palmeiras,Moisés Lima Magalhães,90+1,Normal,90,1,2,90.01,90+,2016,Ponte Preta,Palmeiras,False
5377,2,Ponte Preta,Felipe Azevedo,24,Normal,24,0,1,24.0,16-30,2016,Ponte Preta,Palmeiras,True
5377,2,Ponte Preta,Felipe Azevedo,33,Normal,33,0,1,33.0,31-45,2016,Ponte Preta,Palmeiras,True
5378,2,Santa Cruz,Grafite,53,Normal,53,0,2,53.0,46-60,2016,Fluminense,Santa Cruz,False
5378,2,Fluminense,Gustavo Scarpa,57,Normal,57,0,2,57.0,46-60,2016,Fluminense,Santa Cruz,True
5378,2,Santa Cruz,Grafite,83,Penalty,83,0,2,83.0,76-90,2016,Fluminense,Santa Cruz,False
5378,2,Fluminense,Gum,60,Normal,60,0,2,60.0,46-60,2016,Fluminense,Santa Cruz,True
5379,2,Figueirense,Rafael Moura,55,Normal,55,0,2,55.0,46-60,2016,Cruzeiro,Figueirense,False
5379,2,Cruzeiro,José Élber Pimentel da Silva,56,Normal,56,0,2,56.0,46-60,2016,Cruzeiro,Figueirense,True
5379,2,Cruzeiro,Douglas Coutinho,63,Normal,63,0,2,63.0,61-75,2016,Cruzeiro,Figueirense,True
5379,2,Figueirense,Rafael Moura,41,Normal,41,0,1,41.0,31-45,2016,Cruzeiro,Figueirense,False
5380,2,Santos,Vitor Bueno,62,Normal,62,0,2,62.0,61-75,2016,Santos,Coritiba,True
5380,2,Santos,Renato Dirnei Florêncio,90+7,Normal,90,7,2,90.07,90+,2016,Santos,Coritiba,True
5380,2,Coritiba,Kléber,20,Normal,20,0,1,20.0,16-30,2016,Santos,Coritiba,False
5381,2,Athletico-PR,André Lima,10,Normal,10,0,1,10.0,0-15,2016,Athletico-PR,Atletico-MG,True
5381,2,Atletico-MG,Juan Cazares,77,Penalty,77,0,2,77.0,76-90,2016,Athletico-PR,Atletico-MG,False
5382,2,Corinthians,Uendel Pereira Gonçalves,26,Normal,26,0,1,26.0,16-30,2016,Vitoria,Corinthians,False
5382,2,Vitoria,Leandro Domingues,30,Normal,30,0,1,30.0,16-30,2016,Vitoria,Corinthians,True
5382,2,Corinthians,Fagner,39,Normal,39,0,1,39.0,31-45,2016,Vitoria,Corinthians,False
5382,2,Vitoria,Mário Sérgio Santos Costa,56,Normal,56,0,2,56.0,46-60,2016,Vitoria,Corinthians,True
5382,2,Vitoria,Kieza,64,Normal,64,0,2,64.0,61-75,2016,Vitoria,Corinthians,True
5383,2,Chapecoense,Bruno Rangel,48,Penalty,48,0,2,48.0,46-60,2016,Chapecoense,America-MG,True
5383,2,America-MG,Rafael Bastos,20,Penalty,20,0,1,20.0,16-30,2016,Chapecoense,America-MG,False
5383,2,Chapecoense,Bruno Rangel,78,Normal,78,0,2,78.0,76-90,2016,Chapecoense,America-MG,True
5383,2,Chapecoense,Silvinho,77,Normal,77,0,2,77.0,76-90,2016,Chapecoense,America-MG,True
5384,2,Sao Paulo,Diego Lugano,87,Normal,87,0,2,87.0,76-90,2016,Sao Paulo,Internacional,True
5384,2,Internacional,Eduardo Sasha,37,Normal,37,0,1,37.0,31-45,2016,Sao Paulo,Internacional,False
5384,2,Internacional,Eduardo Sasha,89,Normal,89,0,2,89.0,76-90,2016,Sao Paulo,Internacional,False
5385,2,Gremio,Fred,54,Normal,54,0,2,54.0,46-60,2016,Gremio,Flamengo,True
5386,2,Sport,Diego Souza,17,Normal,17,0,1,17.0,16-30,2016,Sport,Botafogo-RJ,True
5386,2,Botafogo-RJ,Fernandes,29,Normal,29,0,1,29.0,16-30,2016,Sport,Botafogo-RJ,False
5387,3,Figueirense,Rafael Moura,38,Normal,38,0,1,38.0,31-45,2016,Figueirense,Santos,True
5387,3,Santos,Vitor Bueno,42,Penalty,42,0,1,42.0,31-45,2016,Figueirense,Santos,False
5387,3,Figueirense,Gustavo Ermel,90+2,Normal,90,2,2,90.02,90+,2016,Figueirense,Santos,True
5387,3,Santos,Joel Tagueu,57,Penalty,57,0,2,57.0,46-60,2016,Figueirense,Santos,False
5388,3,Botafogo-RJ,Ribamar,18,Normal,18,0,1,18.0,16-30,2016,Botafogo-RJ,Athletico-PR,True
5388,3,Botafogo-RJ,Neilton Mestzk,73,Normal,73,0,2,73.0,61-75,2016,Botafogo-RJ,Athletico-PR,True
5388,3,Athletico-PR,Vinícius,58,Normal,58,0,2,58.0,46-60,2016,Botafogo-RJ,Athletico-PR,False
5389,3,Chapecoense,Hyoran,80,Normal,80,0,2,80.0,76-90,2016,Flamengo,Chapecoense,False
5389,3,Flamengo,Alan Patrick,90+6,Penalty,90,6,2,90.06,90+,2016,Flamengo,Chapecoense,True
5389,3,Chapecoense,Bruno Rangel,13,Penalty,13,0,1,13.0,0-15,2016,Flamengo,Chapecoense,False
5389,3,Flamengo,Felipe Vizeu,8,Normal,8,0,1,8.0,0-15,2016,Flamengo,Chapecoense,True
5390,3,America-MG,Victor Rangel,74,Normal,74,0,2,74.0,61-75,2016,America-MG,Vitoria,True
5390,3,Vitoria,Kieza,85,Normal,85,0,2,85.0,76-90,2016,America-MG,Vitoria,False
5391,3,Santa Cruz,Arthur Caike do Nascimento Cruz,77,Normal,77,0,2,77.0,76-90,2016,Santa Cruz,Cruzeiro,True
5391,3,Santa Cruz,Keno,90,Normal,90,0,2,90.0,76-90,2016,Santa Cruz,Cruzeiro,True
5391,3,Cruzeiro,Giorgian De Arrascaeta,53,Normal,53,0,2,53.0,46-60,2016,Santa Cruz,Cruzeiro,False
5391,3,Santa Cruz,Grafite,20,Penalty,20,0,1,20.0,16-30,2016,Santa Cruz,Cruzeiro,True
5391,3,Santa Cruz,Grafite,64,Normal,64,0,2,64.0,61-75,2016,Santa Cruz,Cruzeiro,True
5393,3,Coritiba,Alan Santos da Silva,63,Normal,63,0,2,63.0,61-75,2016,Coritiba,Sao Paulo,True
5393,3,Sao Paulo,José Rogério de Oliveira Melo,79,Normal,79,0,2,79.0,76-90,2016,Coritiba,Sao Paulo,False
5392,3,Palmeiras,Alecsandro,59,Normal,59,0,2,59.0,46-60,2016,Palmeiras,Fluminense,True
5392,3,Palmeiras,Vitor Hugo Franchescoli de Souza,57,Normal,57,0,2,57.0,46-60,2016,Palmeiras,Fluminense,True
5394,3,Corinthians,Guilherme Milhomem Gusmão,79,Normal,79,0,2,79.0,76-90,2016,Corinthians,Ponte Preta,True
5394,3,Corinthians,Kadu,15,Gol Contra,15,0,1,15.0,0-15,2016,Corinthians,Ponte Preta,True
5394,3,Corinthians,Bruno Henrique Corsini,22,Normal,22,0,1,22.0,16-30,2016,Corinthians,Ponte Preta,True
5395,3,Internacional,Renê Rodrigues Martins,58,Gol Contra,58,0,2,58.0,46-60,2016,Internacional,Sport,True
5396,3,Gremio,Marcelo Oliveira Ferreira,18,Normal,18,0,1,18.0,16-30,2016,Atletico-MG,Gremio,False
5396,3,Gremio,Luan Guilherme de Jesus Vieira,26,Normal,26,0,1,26.0,16-30,2016,Atletico-MG,Gremio,False
5396,3,Gremio,Luan Guilherme de Jesus Vieira,45+3,Normal,45,3,1,45.03,45+,2016,Atletico-MG,Gremio,False
5397,4,Cruzeiro,Giorgian De Arrascaeta,82,Normal,82,0,2,82.0,76-90,2016,Cruzeiro,America-MG,True
5397,4,America-MG,Victor Rangel,29,Normal,29,0,1,29.0,16-30,2016,Cruzeiro,America-MG,False
5398,4,Figueirense,Bruno Alves,74,Normal,74,0,2,74.0,61-75,2016,Athletico-PR,Figueirense,False
5398,4,Athletico-PR,Ewandro,23,Normal,23,0,1,23.0,16-30,2016,Athletico-PR,Figueirense,True
5398,4,Athletico-PR,Thiago Heleno,44,Normal,44,0,1,44.0,31-45,2016,Athletico-PR,Figueirense,True
5399,4,Chapecoense,Tiago da Costa Silva,84,Gol Contra,84,0,2,84.0,76-90,2016,Chapecoense,Santa Cruz,True
5399,4,Santa Cruz,Arthur Caike do Nascimento Cruz,38,Normal,38,0,1,38.0,31-45,2016,Chapecoense,Santa Cruz,False
5400,4,Flamengo,Felipe Azevedo,21,Gol Contra,21,0,1,21.0,16-30,2016,Ponte Preta,Flamengo,False
5400,4,Ponte Preta,Wellington Paulista,12,Normal,12,0,1,12.0,0-15,2016,Ponte Preta,Flamengo,True
5400,4,Flamengo,Jorge Marco de Oliveira Moraes,42,Normal,42,0,1,42.0,31-45,2016,Ponte Preta,Flamengo,False
5401,4,Corinthians,Lucca Borges de Brito,70,Normal,70,0,2,70.0,61-75,2016,Sport,Corinthians,False
5401,4,Corinthians,Marquinhos,79,Normal,79,0,2,79.0,76-90,2016,Sport,Corinthians,False
5402,4,Fluminense,Fred,51,Normal,51,0,2,51.0,46-60,2016,Fluminense,Botafogo-RJ,True
5403,4,Atletico-MG,Patric Cabral Lalau,37,Normal,37,0,1,37.0,31-45,2016,Vitoria,Atletico-MG,False
5403,4,Vitoria,Kieza,79,Normal,79,0,2,79.0,76-90,2016,Vitoria,Atletico-MG,True
5404,4,Sao Paulo,Paulo Henrique Ganso,12,Normal,12,0,1,12.0,0-15,2016,Sao Paulo,Palmeiras,True
5405,4,Gremio,Everton Sousa Soares,40,Normal,40,0,1,40.0,31-45,2016,Gremio,Coritiba,True
5405,4,Gremio,Luan Guilherme de Jesus Vieira,68,Penalty,68,0,2,68.0,61-75,2016,Gremio,Coritiba,True
5406,4,Internacional,Aylon,84,Normal,84,0,2,84.0,76-90,2016,Santos,Internacional,False
5407,5,Internacional,Victor Vinícius Coelho Santos,39,Normal,39,0,1,39.0,31-45,2016,Internacional,Athletico-PR,True
5410,5,Coritiba,Jorge Ortega,67,Normal,67,0,2,67.0,61-75,2016,Coritiba,Chapecoense,True
5410,5,Chapecoense,Bruno Rangel,24,Penalty,24,0,1,24.0,16-30,2016,Coritiba,Chapecoense,False
5410,5,Coritiba,José Carlos Ferreira Júnior,90+4,Normal,90,4,2,90.04,90+,2016,Coritiba,Chapecoense,True
5410,5,Chapecoense,Bruno Rangel,40,Penalty,40,0,1,40.0,31-45,2016,Coritiba,Chapecoense,False
5410,5,Chapecoense,Bruno Rangel,82,Normal,82,0,2,82.0,76-90,2016,Coritiba,Chapecoense,False
5410,5,Coritiba,Rafael Marques Pinto,9,Normal,9,0,1,9.0,0-15,2016,Coritiba,Chapecoense,True
5410,5,Chapecoense,Lucas Gomes,89,Normal,89,0,2,89.0,76-90,2016,Coritiba,Chapecoense,False
5409,5,Sport,Edmilson dos Santos Silva,9,Normal,9,0,1,9.0,0-15,2016,Santa Cruz,Sport,False
5408,5,Corinthians,Giovanni Augusto,82,Normal,82,0,2,82.0,76-90,2016,Corinthians,Santos,True
5411,5,Atletico-MG,Tiago Pagnussat,2,Normal,2,0,1,2.0,0-15,2016,Atletico-MG,Fluminense,True
5411,5,Fluminense,Gustavo Scarpa,31,Normal,31,0,1,31.0,31-45,2016,Atletico-MG,Fluminense,False
5413,5,Cruzeiro,José Élber Pimentel da Silva,27,Normal,27,0,1,27.0,16-30,2016,Botafogo-RJ,Cruzeiro,False
5412,5,Figueirense,Rafael Moura,16,Normal,16,0,1,16.0,16-30,2016,Figueirense,Sao Paulo,True
5414,5,America-MG,Danilo Barcelos,24,Normal,24,0,1,24.0,16-30,2016,America-MG,Ponte Preta,True
5414,5,Ponte Preta,Felipe Azevedo,6,Normal,6,0,1,6.0,0-15,2016,America-MG,Ponte Preta,False
5414,5,Ponte Preta,Clayson Henrique da Silva Vieira,19,Normal,19,0,1,19.0,16-30,2016,America-MG,Ponte Preta,False
5416,5,Flamengo,Felipe Vizeu,64,Normal,64,0,2,64.0,61-75,2016,Flamengo,Vitoria,True
5415,5,Palmeiras,Róger Guedes,57,Normal,57,0,2,57.0,46-60,2016,Palmeiras,Gremio,True
5415,5,Gremio,Giuliano Victor de Paula,55,Normal,55,0,2,55.0,46-60,2016,Palmeiras,Gremio,False
5415,5,Palmeiras,Vitor Hugo Franchescoli de Souza,73,Normal,73,0,2,73.0,61-75,2016,Palmeiras,Gremio,True
5415,5,Gremio,Edílson Mendes Guimarães,90+1,Normal,90,1,2,90.01,90+,2016,Palmeiras,Gremio,False
5415,5,Palmeiras,Thiago dos Santos,84,Normal,84,0,2,84.0,76-90,2016,Palmeiras,Gremio,True
5415,5,Palmeiras,Gabriel Jesus,2,Normal,2,0,1,2.0,0-15,2016,Palmeiras,Gremio,True
5415,5,Gremio,Giuliano Victor de Paula,45+5,Normal,45,5,1,45.05,45+,2016,Palmeiras,Gremio,False
5417,6,Athletico-PR,Deivid Willian da Silva,59,Normal,59,0,2,59.0,46-60,2016,Athletico-PR,Santa Cruz,True
5419,6,Corinthians,André Felipe Ribeiro de Souza,89,Normal,89,0,2,89.0,76-90,2016,Corinthians,Coritiba,True
5419,6,Corinthians,Uendel Pereira Gonçalves,90+5,Normal,90,5,2,90.05,90+,2016,Corinthians,Coritiba,True
5419,6,Coritiba,Negueba,45+2,Normal,45,2,1,45.02,45+,2016,Corinthians,Coritiba,False
5420,6,America-MG,Osman,71,Normal,71,0,2,71.0,61-75,2016,America-MG,Figueirense,True
5421,6,Santos,Vitor Bueno,11,Normal,11,0,1,11.0,0-15,2016,Santos,Botafogo-RJ,True
5421,6,Santos,Paulinho,35,Normal,35,0,1,35.0,31-45,2016,Santos,Botafogo-RJ,True
5421,6,Santos,Bruno César Pereira da Silva,70,Gol Contra,70,0,2,70.0,61-75,2016,Santos,Botafogo-RJ,True
5422,6,Vitoria,Mário Sérgio Santos Costa,4,Normal,4,0,1,4.0,0-15,2016,Vitoria,Internacional,True
5423,6,Sport,Gabriel Xavier,45,Normal,45,0,1,45.0,31-45,2016,Sport,Atletico-MG,True
5423,6,Atletico-MG,Patric Cabral Lalau,42,Normal,42,0,1,42.0,31-45,2016,Sport,Atletico-MG,False
5423,6,Sport,Edmilson dos Santos Silva,73,Normal,73,0,2,73.0,61-75,2016,Sport,Atletico-MG,True
5423,6,Sport,Diego Souza,76,Normal,76,0,2,76.0,76-90,2016,Sport,Atletico-MG,True
5423,6,Atletico-MG,Robinho,30,Penalty,30,0,1,30.0,16-30,2016,Sport,Atletico-MG,False
5423,6,Sport,Rithely,26,Normal,26,0,1,26.0,16-30,2016,Sport,Atletico-MG,True
5423,6,Atletico-MG,Júnior Urso,22,Normal,22,0,1,22.0,16-30,2016,Sport,Atletico-MG,False
5423,6,Atletico-MG,Robinho,45+3,Penalty,45,3,1,45.03,45+,2016,Sport,Atletico-MG,False
5425,6,Gremio,Luan Guilherme de Jesus Vieira,90+4,Normal,90,4,2,90.04,90+,2016,Gremio,Ponte Preta,True
5424,6,Palmeiras,Jean Raphael Vanderlei Moreira,72,Penalty,72,0,2,72.0,61-75,2016,Flamengo,Palmeiras,False
5424,6,Flamengo,Alan Patrick,6,Normal,6,0,1,6.0,0-15,2016,Flamengo,Palmeiras,True
5424,6,Palmeiras,Gabriel Jesus,4,Normal,4,0,1,4.0,0-15,2016,Flamengo,Palmeiras,False
5426,6,Sao Paulo,Ytalo José dos Santos,23,Normal,23,0,1,23.0,16-30,2016,Cruzeiro,Sao Paulo,False
5427,7,America-MG,Adalberto dos Santos Rodrigues,20,Normal,20,0,1,20.0,16-30,2016,Internacional,America-MG,False
5427,7,Internacional,Aylon,3,Normal,3,0,1,3.0,0-15,2016,Internacional,America-MG,True
5427,7,Internacional,Aylon,6,Normal,6,0,1,6.0,0-15,2016,Internacional,America-MG,True
5427,7,Internacional,Ernando Rodrigues Lopes,73,Normal,73,0,2,73.0,61-75,2016,Internacional,America-MG,True
5428,7,Ponte Preta,Felipe Azevedo,45+3,Normal,45,3,1,45.03,45+,2016,Ponte Preta,Chapecoense,True
5428,7,Ponte Preta,William Pottker,90,Normal,90,0,2,90.0,76-90,2016,Ponte Preta,Chapecoense,True
5428,7,Chapecoense,Arthur Brasiliano Maia,79,Normal,79,0,2,79.0,76-90,2016,Ponte Preta,Chapecoense,False
5429,7,Fluminense,Marcos Júnior,75,Normal,75,0,2,75.0,61-75,2016,Fluminense,Gremio,True
5429,7,Gremio,Marcelo Hermes,41,Normal,41,0,1,41.0,31-45,2016,Fluminense,Gremio,False
5430,7,Athletico-PR,Hernani Azevedo Junior,88,Normal,88,0,2,88.0,76-90,2016,Sao Paulo,Athletico-PR,False
5430,7,Sao Paulo,Maicon Pereira Roque,41,Normal,41,0,1,41.0,31-45,2016,Sao Paulo,Athletico-PR,True
5430,7,Athletico-PR,Otávio Henrique Santos,66,Normal,66,0,2,66.0,61-75,2016,Sao Paulo,Athletico-PR,False
5432,7,Botafogo-RJ,Luiz Ricardo Alves,52,Normal,52,0,2,52.0,46-60,2016,Botafogo-RJ,Vitoria,True
5432,7,Vitoria,Victor Ramos,90+2,Normal,90,2,2,90.02,90+,2016,Botafogo-RJ,Vitoria,False
5431,7,Sport,Diego Souza,25,Normal,25,0,1,25.0,16-30,2016,Coritiba,Sport,False
5431,7,Coritiba,Ruy Franco de Almeida Junior,37,Normal,37,0,1,37.0,31-45,2016,Coritiba,Sport,True
5431,7,Sport,Diego Souza,52,Normal,52,0,2,52.0,46-60,2016,Coritiba,Sport,False
5431,7,Coritiba,Kléber,48,Normal,48,0,2,48.0,46-60,2016,Coritiba,Sport,True
5431,7,Coritiba,Luccas Claro,70,Normal,70,0,2,70.0,61-75,2016,Coritiba,Sport,True
5433,7,Atletico-MG,Rafael de Souza Pereira,14,Normal,14,0,1,14.0,0-15,2016,Atletico-MG,Cruzeiro,True
5433,7,Cruzeiro,Bruno Rodrigo,62,Normal,62,0,2,62.0,61-75,2016,Atletico-MG,Cruzeiro,False
5433,7,Atletico-MG,Fred,56,Normal,56,0,2,56.0,46-60,2016,Atletico-MG,Cruzeiro,True
5433,7,Cruzeiro,Alisson Euler de Freitas Castro,19,Normal,19,0,1,19.0,16-30,2016,Atletico-MG,Cruzeiro,False
5433,7,Cruzeiro,Duvier Riascos,49,Normal,49,0,2,49.0,46-60,2016,Atletico-MG,Cruzeiro,False
5434,7,Palmeiras,Cleiton Xavier,48,Normal,48,0,2,48.0,46-60,2016,Palmeiras,Corinthians,True
5435,7,Figueirense,Rafael Moura,42,Normal,42,0,1,42.0,31-45,2016,Figueirense,Flamengo,True
5436,7,Santos,Joel Tagueu,65,Normal,65,0,2,65.0,61-75,2016,Santa Cruz,Santos,False
5436,7,Santos,José Carlos Cracco Neto,45,Normal,45,0,1,45.0,31-45,2016,Santa Cruz,Santos,False
5439,8,Ponte Preta,Fábio Ferreira,3,Normal,3,0,1,3.0,0-15,2016,Ponte Preta,Athletico-PR,True
5439,8,Athletico-PR,Walter Henrique da Silva,90+3,Normal,90,3,2,90.03,90+,2016,Ponte Preta,Athletico-PR,False
5439,8,Ponte Preta,Reinaldo Manoel da Silva,62,Normal,62,0,2,62.0,61-75,2016,Ponte Preta,Athletico-PR,True
5439,8,Ponte Preta,Jeferson,69,Normal,69,0,2,69.0,61-75,2016,Ponte Preta,Athletico-PR,True
5439,8,Athletico-PR,Paulo André,11,Normal,11,0,1,11.0,0-15,2016,Ponte Preta,Athletico-PR,False
5438,8,Chapecoense,Thiego,81,Normal,81,0,2,81.0,76-90,2016,Chapecoense,Gremio,True
5438,8,Gremio,Pedro Geromel,3,Normal,3,0,1,3.0,0-15,2016,Chapecoense,Gremio,False
5438,8,Chapecoense,Bruno Rangel,26,Penalty,26,0,1,26.0,16-30,2016,Chapecoense,Gremio,True
5438,8,Gremio,Jailson Marques Siqueira,42,Normal,42,0,1,42.0,31-45,2016,Chapecoense,Gremio,False
5438,8,Chapecoense,Thiego,18,Normal,18,0,1,18.0,16-30,2016,Chapecoense,Gremio,True
5438,8,Gremio,Giuliano Victor de Paula,83,Normal,83,0,2,83.0,76-90,2016,Chapecoense,Gremio,False
5437,8,Sao Paulo,Jonathan Calleri,76,Normal,76,0,2,76.0,76-90,2016,Sao Paulo,Vitoria,True
5437,8,Sao Paulo,Diego Lugano,86,Normal,86,0,2,86.0,76-90,2016,Sao Paulo,Vitoria,True
5442,8,Botafogo-RJ,Luiz Ricardo Alves,32,Normal,32,0,1,32.0,31-45,2016,Botafogo-RJ,America-MG,True
5442,8,America-MG,Bruno Sávio,48,Normal,48,0,2,48.0,46-60,2016,Botafogo-RJ,America-MG,False
5442,8,Botafogo-RJ,Luiz Ricardo Alves,24,Penalty,24,0,1,24.0,16-30,2016,Botafogo-RJ,America-MG,True
5442,8,Botafogo-RJ,Luiz Ricardo Alves,39,Penalty,39,0,1,39.0,31-45,2016,Botafogo-RJ,America-MG,True
5441,8,Santa Cruz,Wesley de Jesus Correia,26,Normal,26,0,1,26.0,16-30,2016,Santa Cruz,Figueirense,True
5440,8,Santos,Gabriel Barbosa,66,Normal,66,0,2,66.0,61-75,2016,Santos,Sport,True
5440,8,Santos,Vitor Bueno,88,Normal,88,0,2,88.0,76-90,2016,Santos,Sport,True
5443,8,Palmeiras,Róger Guedes,7,Normal,7,0,1,7.0,0-15,2016,Coritiba,Palmeiras,False
5443,8,Palmeiras,Jonatan Cristaldo,69,Normal,69,0,2,69.0,61-75,2016,Coritiba,Palmeiras,False
5443,8,Coritiba,João Paulo Silva,20,Normal,20,0,1,20.0,16-30,2016,Coritiba,Palmeiras,True
5443,8,Coritiba,Leandro,90+5,Normal,90,5,2,90.05,90+,2016,Coritiba,Palmeiras,True
5444,8,Flamengo,Réver,43,Normal,43,0,1,43.0,31-45,2016,Cruzeiro,Flamengo,False
5445,8,Internacional,Victor Vinícius Coelho Santos,75,Normal,75,0,2,75.0,61-75,2016,Internacional,Atletico-MG,True
5445,8,Internacional,Eduardo Sasha,35,Normal,35,0,1,35.0,31-45,2016,Internacional,Atletico-MG,True
5446,8,Fluminense,Cícero Santos,63,Normal,63,0,2,63.0,61-75,2016,Fluminense,Corinthians,True
5447,9,Palmeiras,Jean Raphael Vanderlei Moreira,45+2,Normal,45,2,1,45.02,45+,2016,Palmeiras,Santa Cruz,True
5447,9,Santa Cruz,Grafite,51,Normal,51,0,2,51.0,46-60,2016,Palmeiras,Santa Cruz,False
5447,9,Palmeiras,Eduardo Pereira Rodrigues,29,Normal,29,0,1,29.0,16-30,2016,Palmeiras,Santa Cruz,True
5447,9,Palmeiras,Eduardo Pereira Rodrigues,65,Normal,65,0,2,65.0,61-75,2016,Palmeiras,Santa Cruz,True
5448,9,Athletico-PR,Paulo André,88,Normal,88,0,2,88.0,76-90,2016,Athletico-PR,Santos,True
5449,9,America-MG,Borges,58,Normal,58,0,2,58.0,46-60,2016,America-MG,Coritiba,True
5449,9,Coritiba,Kléber,50,Normal,50,0,2,50.0,46-60,2016,America-MG,Coritiba,False
5449,9,America-MG,Adalberto dos Santos Rodrigues,55,Normal,55,0,2,55.0,46-60,2016,America-MG,Coritiba,True
5451,9,Atletico-MG,Leandro Donizete,24,Normal,24,0,1,24.0,16-30,2016,Atletico-MG,Ponte Preta,True
5451,9,Atletico-MG,Juan Cazares,28,Normal,28,0,1,28.0,16-30,2016,Atletico-MG,Ponte Preta,True
5451,9,Atletico-MG,Carlos Júnior,85,Normal,85,0,2,85.0,76-90,2016,Atletico-MG,Ponte Preta,True
5450,9,Chapecoense,Thiego,76,Normal,76,0,2,76.0,76-90,2016,Vitoria,Chapecoense,False
5450,9,Vitoria,Mário Sérgio Santos Costa,73,Normal,73,0,2,73.0,61-75,2016,Vitoria,Chapecoense,True
5450,9,Chapecoense,Sérgio Manoel Barbosa Santos,72,Normal,72,0,2,72.0,61-75,2016,Vitoria,Chapecoense,False
5452,9,Corinthians,Bruno Henrique Corsini,24,Normal,24,0,1,24.0,16-30,2016,Corinthians,Botafogo-RJ,True
5452,9,Corinthians,Bruno Henrique Corsini,89,Normal,89,0,2,89.0,76-90,2016,Corinthians,Botafogo-RJ,True
5452,9,Corinthians,Marquinhos,52,Normal,52,0,2,52.0,46-60,2016,Corinthians,Botafogo-RJ,True
5452,9,Botafogo-RJ,Leandrinho,28,Normal,28,0,1,28.0,16-30,2016,Corinthians,Botafogo-RJ,False
5455,9,Sport,Diego Souza,90,Normal,90,0,2,90.0,76-90,2016,Sport,Fluminense,True
5455,9,Fluminense,Magno Alves,85,Normal,85,0,2,85.0,76-90,2016,Sport,Fluminense,False
5455,9,Sport,Gabriel Xavier,40,Normal,40,0,1,40.0,31-45,2016,Sport,Fluminense,True
5453,9,Flamengo,Willian Arão,59,Normal,59,0,2,59.0,46-60,2016,Flamengo,Sao Paulo,True
5453,9,Sao Paulo,Jonathan Calleri,12,Normal,12,0,1,12.0,0-15,2016,Flamengo,Sao Paulo,False
5453,9,Sao Paulo,Jonathan Calleri,51,Normal,51,0,2,51.0,46-60,2016,Flamengo,Sao Paulo,False
5453,9,Flamengo,Rodrigo Caio,22,Gol Contra,22,0,1,22.0,16-30,2016,Flamengo,Sao Paulo,True
5454,9,Figueirense,Wéverton Almeida Santos,73,Normal,73,0,2,73.0,61-75,2016,Figueirense,Internacional,True
5454,9,Figueirense,Renato Baruffi,41,Penalty,41,0,1,41.0,31-45,2016,Figueirense,Internacional,True
5454,9,Internacional,Victor Vinícius Coelho Santos,65,Normal,65,0,2,65.0,61-75,2016,Figueirense,Internacional,False
5454,9,Internacional,Victor Vinícius Coelho Santos,83,Normal,83,0,2,83.0,76-90,2016,Figueirense,Internacional,False
5454,9,Figueirense,Renato Baruffi,80,Normal,80,0,2,80.0,76-90,2016,Figueirense,Internacional,True
5456,9,Gremio,Luan Guilherme de Jesus Vieira,44,Normal,44,0,1,44.0,31-45,2016,Gremio,Cruzeiro,True
5456,9,Gremio,Douglas dos Santos,52,Normal,52,0,2,52.0,46-60,2016,Gremio,Cruzeiro,True
5457,10,Palmeiras,Gabriel Jesus,19,Normal,19,0,1,19.0,16-30,2016,Palmeiras,America-MG,True
5457,10,Palmeiras,Gabriel Jesus,27,Normal,27,0,1,27.0,16-30,2016,Palmeiras,America-MG,True
5458,10,Cruzeiro,Giorgian De Arrascaeta,55,Penalty,55,0,2,55.0,46-60,2016,Ponte Preta,Cruzeiro,False
5458,10,Cruzeiro,Henrique Pacheco Lima,8,Normal,8,0,1,8.0,0-15,2016,Ponte Preta,Cruzeiro,False
5458,10,Cruzeiro,Alisson Euler de Freitas Castro,78,Penalty,78,0,2,78.0,76-90,2016,Ponte Preta,Cruzeiro,False
5458,10,Cruzeiro,Giorgian De Arrascaeta,21,Normal,21,0,1,21.0,16-30,2016,Ponte Preta,Cruzeiro,False
5460,10,Flamengo,Willian Arão,15,Normal,15,0,1,15.0,0-15,2016,Santa Cruz,Flamengo,False
5461,10,Santos,Gabriel Barbosa,45+3,Normal,45,3,1,45.03,45+,2016,Fluminense,Santos,False
5461,10,Fluminense,Marcos Júnior,14,Normal,14,0,1,14.0,0-15,2016,Fluminense,Santos,True
5461,10,Santos,Gabriel Barbosa,51,Normal,51,0,2,51.0,46-60,2016,Fluminense,Santos,False
5461,10,Fluminense,Marcos Júnior,66,Normal,66,0,2,66.0,61-75,2016,Fluminense,Santos,True
5461,10,Santos,Luiz Felipe,73,Normal,73,0,2,73.0,61-75,2016,Fluminense,Santos,False
5461,10,Santos,Rodrigão,39,Normal,39,0,1,39.0,31-45,2016,Fluminense,Santos,False
5462,10,Atletico-MG,Juan Cazares,83,Normal,83,0,2,83.0,76-90,2016,Atletico-MG,Corinthians,True
5462,10,Corinthians,Lucca Borges de Brito,90,Normal,90,0,2,90.0,76-90,2016,Atletico-MG,Corinthians,False
5462,10,Atletico-MG,Fred,67,Normal,67,0,2,67.0,61-75,2016,Atletico-MG,Corinthians,True
5464,10,Gremio,Victor Ramos,56,Gol Contra,56,0,2,56.0,46-60,2016,Gremio,Vitoria,True
5464,10,Vitoria,Kieza,26,Normal,26,0,1,26.0,16-30,2016,Gremio,Vitoria,False
5464,10,Vitoria,Diego Renan,32,Penalty,32,0,1,32.0,31-45,2016,Gremio,Vitoria,False
5466,10,Internacional,Anderson Luís de Abreu Oliveira,34,Normal,34,0,1,34.0,31-45,2016,Coritiba,Internacional,False
5466,10,Coritiba,Nery Bareiro,70,Normal,70,0,2,70.0,61-75,2016,Coritiba,Internacional,True
5467,11,Cruzeiro,Willian Gomes de Siqueira,15,Normal,15,0,1,15.0,0-15,2016,Cruzeiro,Palmeiras,True
5467,11,Cruzeiro,Willian Gomes de Siqueira,47,Normal,47,0,2,47.0,46-60,2016,Cruzeiro,Palmeiras,True
5467,11,Palmeiras,Gabriel Jesus,11,Normal,11,0,1,11.0,0-15,2016,Cruzeiro,Palmeiras,False
5468,11,Corinthians,Luciano da Rocha Neves,27,Normal,27,0,1,27.0,16-30,2016,Corinthians,Santa Cruz,True
5468,11,Corinthians,Ángel Romero,37,Normal,37,0,1,37.0,31-45,2016,Corinthians,Santa Cruz,True
5468,11,Santa Cruz,Grafite,52,Normal,52,0,2,52.0,46-60,2016,Corinthians,Santa Cruz,False
5469,11,Atletico-MG,Robinho,4,Normal,4,0,1,4.0,0-15,2016,America-MG,Atletico-MG,False
5470,11,Flamengo,Paolo Guerrero,58,Normal,58,0,2,58.0,46-60,2016,Flamengo,Fluminense,True
5470,11,Fluminense,Willian Arão,48,Gol Contra,48,0,2,48.0,46-60,2016,Flamengo,Fluminense,False
5470,11,Fluminense,Richarlison,76,Normal,76,0,2,76.0,76-90,2016,Flamengo,Fluminense,False
5471,11,Vitoria,Kieza,22,Normal,22,0,1,22.0,16-30,2016,Vitoria,Ponte Preta,True
5471,11,Ponte Preta,William Pottker,9,Normal,9,0,1,9.0,0-15,2016,Vitoria,Ponte Preta,False
5473,11,Botafogo-RJ,Fernandes,8,Normal,8,0,1,8.0,0-15,2016,Internacional,Botafogo-RJ,False
5473,11,Botafogo-RJ,Neilton Mestzk,15,Normal,15,0,1,15.0,0-15,2016,Internacional,Botafogo-RJ,False
5473,11,Internacional,Eduardo Sasha,70,Normal,70,0,2,70.0,61-75,2016,Internacional,Botafogo-RJ,True
5473,11,Botafogo-RJ,Camilo,71,Normal,71,0,2,71.0,61-75,2016,Internacional,Botafogo-RJ,False
5473,11,Internacional,Ernando Rodrigues Lopes,74,Normal,74,0,2,74.0,61-75,2016,Internacional,Botafogo-RJ,True
5472,11,Athletico-PR,Hernani Azevedo Junior,54,Normal,54,0,2,54.0,46-60,2016,Athletico-PR,Gremio,True
5472,11,Athletico-PR,André Lima,68,Normal,68,0,2,68.0,61-75,2016,Athletico-PR,Gremio,True
5474,11,Santos,Rodrigão,39,Normal,39,0,1,39.0,31-45,2016,Santos,Sao Paulo,True
5474,11,Santos,Lucas Rafael Araújo Lima,90,Normal,90,0,2,90.0,76-90,2016,Santos,Sao Paulo,True
5474,11,Santos,Vitor Bueno,1,Normal,1,0,1,1.0,0-15,2016,Santos,Sao Paulo,True
5475,11,Sport,Rithely,54,Normal,54,0,2,54.0,46-60,2016,Sport,Chapecoense,True
5475,11,Sport,Diego Souza,64,Normal,64,0,2,64.0,61-75,2016,Sport,Chapecoense,True
5475,11,Sport,Rodney Wallace,10,Normal,10,0,1,10.0,0-15,2016,Sport,Chapecoense,True
5475,11,Sport,Ronaldo,77,Normal,77,0,2,77.0,76-90,2016,Sport,Chapecoense,True
5475,11,Sport,Rodney Wallace,57,Normal,57,0,2,57.0,46-60,2016,Sport,Chapecoense,True
5475,11,Chapecoense,Ananias Elói Castro Monteiro,46,Normal,46,0,2,46.0,46-60,2016,Sport,Chapecoense,False
5478,12,Sport,Matheus Ferraz Pereira,18,Normal,18,0,1,18.0,16-30,2016,Vitoria,Sport,False
5478,12,Vitoria,Vander Luiz Silva Souza,45,Normal,45,0,1,45.0,31-45,2016,Vitoria,Sport,True
5478,12,Sport,Matheus Ferraz Pereira,78,Normal,78,0,2,78.0,76-90,2016,Vitoria,Sport,False
5478,12,Vitoria,Euller,61,Normal,61,0,2,61.0,61-75,2016,Vitoria,Sport,True
5478,12,Vitoria,Nickson Gabriel Reis Silva,64,Normal,64,0,2,64.0,61-75,2016,Vitoria,Sport,True
5477,12,Flamengo,Ederson Honorato Campos,19,Normal,19,0,1,19.0,16-30,2016,Flamengo,Internacional,True
5479,12,Gremio,Marcelo Hermes,89,Normal,89,0,2,89.0,76-90,2016,Gremio,Santos,True
5479,12,Santos,Jonathan Copete,65,Normal,65,0,2,65.0,61-75,2016,Gremio,Santos,False
5479,12,Gremio,Giuliano Victor de Paula,3,Normal,3,0,1,3.0,0-15,2016,Gremio,Santos,True
5479,12,Santos,José Carlos Cracco Neto,83,Normal,83,0,2,83.0,76-90,2016,Gremio,Santos,False
5479,12,Gremio,Douglas dos Santos,45,Normal,45,0,1,45.0,31-45,2016,Gremio,Santos,True
5480,12,Coritiba,Colin Kâzım-Richards,81,Normal,81,0,2,81.0,76-90,2016,Coritiba,Athletico-PR,True
5481,12,Chapecoense,Silvinho,42,Normal,42,0,1,42.0,31-45,2016,Chapecoense,Cruzeiro,True
5481,12,Cruzeiro,Fabrício Bruno,84,Normal,84,0,2,84.0,76-90,2016,Chapecoense,Cruzeiro,False
5481,12,Chapecoense,Arthur Brasiliano Maia,69,Normal,69,0,2,69.0,61-75,2016,Chapecoense,Cruzeiro,True
5481,12,Chapecoense,Everton Kempes dos Santos Gonçalves,89,Normal,89,0,2,89.0,76-90,2016,Chapecoense,Cruzeiro,True
5481,12,Cruzeiro,Matías Pisano,7,Normal,7,0,1,7.0,0-15,2016,Chapecoense,Cruzeiro,False
5483,12,Corinthians,Marquinhos,75,Penalty,75,0,2,75.0,61-75,2016,America-MG,Corinthians,False
5483,12,Corinthians,Ángel Romero,10,Normal,10,0,1,10.0,0-15,2016,America-MG,Corinthians,False
5482,12,Fluminense,Cícero Santos,53,Penalty,53,0,2,53.0,46-60,2016,Sao Paulo,Fluminense,False
5482,12,Sao Paulo,João Schmidt,2,Normal,2,0,1,2.0,0-15,2016,Sao Paulo,Fluminense,True
5482,12,Sao Paulo,Alan Kardec,40,Normal,40,0,1,40.0,31-45,2016,Sao Paulo,Fluminense,True
5485,12,Palmeiras,Eduardo Pereira Rodrigues,43,Normal,43,0,1,43.0,31-45,2016,Palmeiras,Figueirense,True
5485,12,Palmeiras,Gabriel Jesus,56,Normal,56,0,2,56.0,46-60,2016,Palmeiras,Figueirense,True
5485,12,Palmeiras,Gabriel Jesus,90+1,Normal,90,1,2,90.01,90+,2016,Palmeiras,Figueirense,True
5485,12,Palmeiras,Moisés Lima Magalhães,8,Normal,8,0,1,8.0,0-15,2016,Palmeiras,Figueirense,True
5484,12,Ponte Preta,William Pottker,21,Normal,21,0,1,21.0,16-30,2016,Santa Cruz,Ponte Preta,False
5484,12,Ponte Preta,William Pottker,39,Normal,39,0,1,39.0,31-45,2016,Santa Cruz,Ponte Preta,False
5484,12,Ponte Preta,Felipe Azevedo,70,Normal,70,0,2,70.0,61-75,2016,Santa Cruz,Ponte Preta,False
5486,12,Atletico-MG,Juan Cazares,78,Normal,78,0,2,78.0,76-90,2016,Atletico-MG,Botafogo-RJ,True
5486,12,Botafogo-RJ,Gervásio Núñez,89,Normal,89,0,2,89.0,76-90,2016,Atletico-MG,Botafogo-RJ,False
5486,12,Atletico-MG,Robinho,45+2,Normal,45,2,1,45.02,45+,2016,Atletico-MG,Botafogo-RJ,True
5486,12,Botafogo-RJ,Bruno César Pereira da Silva,90+2,Normal,90,2,2,90.02,90+,2016,Atletico-MG,Botafogo-RJ,False
5486,12,Atletico-MG,Fred,48,Normal,48,0,2,48.0,46-60,2016,Atletico-MG,Botafogo-RJ,True
5486,12,Botafogo-RJ,Luiz Ricardo Alves,73,Penalty,73,0,2,73.0,61-75,2016,Atletico-MG,Botafogo-RJ,False
5486,12,Atletico-MG,Juan Cazares,1,Normal,1,0,1,1.0,0-15,2016,Atletico-MG,Botafogo-RJ,True
5486,12,Atletico-MG,Carlos Júnior,89,Normal,89,0,2,89.0,76-90,2016,Atletico-MG,Botafogo-RJ,True
5488,13,Athletico-PR,Nikão,53,Normal,53,0,2,53.0,46-60,2016,Athletico-PR,America-MG,True
5489,13,Cruzeiro,Giorgian De Arrascaeta,54,Normal,54,0,2,54.0,46-60,2016,Cruzeiro,Vitoria,True
5489,13,Vitoria,Vander Luiz Silva Souza,83,Normal,83,0,2,83.0,76-90,2016,Cruzeiro,Vitoria,False
5489,13,Cruzeiro,Alisson Euler de Freitas Castro,24,Normal,24,0,1,24.0,16-30,2016,Cruzeiro,Vitoria,True
5489,13,Vitoria,Diego Renan,65,Penalty,65,0,2,65.0,61-75,2016,Cruzeiro,Vitoria,False
5490,13,Gremio,Douglas dos Santos,20,Normal,20,0,1,20.0,16-30,2016,Internacional,Gremio,False
5493,13,Corinthians,Ángel Romero,89,Normal,89,0,2,89.0,76-90,2016,Corinthians,Flamengo,True
5493,13,Corinthians,Guilherme Milhomem Gusmão,78,Normal,78,0,2,78.0,76-90,2016,Corinthians,Flamengo,True
5493,13,Corinthians,Rildo de Andrade Felicissimo,80,Normal,80,0,2,80.0,76-90,2016,Corinthians,Flamengo,True
5493,13,Corinthians,Ángel Romero,59,Normal,59,0,2,59.0,46-60,2016,Corinthians,Flamengo,True
5491,13,Santos,Jonathan Copete,65,Normal,65,0,2,65.0,61-75,2016,Santos,Chapecoense,True
5491,13,Santos,Yuri Oliveira Lima,87,Normal,87,0,2,87.0,76-90,2016,Santos,Chapecoense,True
5491,13,Santos,Rodrigão,61,Normal,61,0,2,61.0,61-75,2016,Santos,Chapecoense,True
5492,13,Ponte Preta,Clayson Henrique da Silva Vieira,57,Normal,57,0,2,57.0,46-60,2016,Ponte Preta,Sao Paulo,True
5494,13,Botafogo-RJ,Neilton Mestzk,18,Normal,18,0,1,18.0,16-30,2016,Botafogo-RJ,Santa Cruz,True
5494,13,Santa Cruz,João Paulo,49,Normal,49,0,2,49.0,46-60,2016,Botafogo-RJ,Santa Cruz,False
5494,13,Botafogo-RJ,Luiz Ricardo Alves,2,Normal,2,0,1,2.0,0-15,2016,Botafogo-RJ,Santa Cruz,True
5495,13,Figueirense,Gustavo Ermel,52,Normal,52,0,2,52.0,46-60,2016,Figueirense,Atletico-MG,True
5495,13,Atletico-MG,Fred,8,Normal,8,0,1,8.0,0-15,2016,Figueirense,Atletico-MG,False
5496,13,Sport,Gabriel Xavier,59,Normal,59,0,2,59.0,46-60,2016,Sport,Palmeiras,True
5496,13,Palmeiras,Cleiton Xavier,72,Penalty,72,0,2,72.0,61-75,2016,Sport,Palmeiras,False
5496,13,Palmeiras,Erik Nascimento de Lima,11,Normal,11,0,1,11.0,0-15,2016,Sport,Palmeiras,False
5496,13,Palmeiras,Gabriel Jesus,66,Normal,66,0,2,66.0,61-75,2016,Sport,Palmeiras,False
5497,14,Corinthians,Marquinhos,90+2,Normal,90,2,2,90.02,90+,2016,Chapecoense,Corinthians,False
5497,14,Corinthians,Rodrigo Eduardo Costa Marinho,60,Normal,60,0,2,60.0,46-60,2016,Chapecoense,Corinthians,False
5499,14,Ponte Preta,William Pottker,17,Normal,17,0,1,17.0,16-30,2016,Ponte Preta,Sport,True
5499,14,Ponte Preta,Douglas Grolli,79,Normal,79,0,2,79.0,76-90,2016,Ponte Preta,Sport,True
5499,14,Sport,José Rogério de Oliveira Melo,10,Normal,10,0,1,10.0,0-15,2016,Ponte Preta,Sport,False
5500,14,Gremio,Walace,45,Normal,45,0,1,45.0,31-45,2016,Gremio,Figueirense,True
5500,14,Gremio,Deyvison Rogério da Silva,90+3,Normal,90,3,2,90.03,90+,2016,Gremio,Figueirense,True
5500,14,Figueirense,Ayrton Ganino,76,Normal,76,0,2,76.0,76-90,2016,Gremio,Figueirense,False
5501,14,Flamengo,Felipe Vizeu,57,Normal,57,0,2,57.0,46-60,2016,Flamengo,Atletico-MG,True
5501,14,Flamengo,Felipe Vizeu,12,Normal,12,0,1,12.0,0-15,2016,Flamengo,Atletico-MG,True
5503,14,Sao Paulo,Lyanco,43,Normal,43,0,1,43.0,31-45,2016,Sao Paulo,America-MG,True
5503,14,Sao Paulo,Alan Kardec,34,Normal,34,0,1,34.0,31-45,2016,Sao Paulo,America-MG,True
5503,14,Sao Paulo,Alan Kardec,60,Normal,60,0,2,60.0,46-60,2016,Sao Paulo,America-MG,True
5502,14,Santa Cruz,Keno,45+2,Normal,45,2,1,45.02,45+,2016,Santa Cruz,Internacional,True
5505,14,Athletico-PR,Pablo Felipe Teixeira,65,Normal,65,0,2,65.0,61-75,2016,Cruzeiro,Athletico-PR,False
5505,14,Athletico-PR,André Lima,68,Normal,68,0,2,68.0,61-75,2016,Cruzeiro,Athletico-PR,False
5505,14,Athletico-PR,André Lima,82,Normal,82,0,2,82.0,76-90,2016,Cruzeiro,Athletico-PR,False
5506,14,Palmeiras,Yerry Mina,6,Normal,6,0,1,6.0,0-15,2016,Palmeiras,Santos,True
5506,14,Santos,Gabriel Barbosa,56,Normal,56,0,2,56.0,46-60,2016,Palmeiras,Santos,False
5507,15,Botafogo-RJ,Juan Manuel Salgueiro,83,Normal,83,0,2,83.0,76-90,2016,Botafogo-RJ,Flamengo,True
5507,15,Flamengo,Éverton Cardoso da Silva,24,Normal,24,0,1,24.0,16-30,2016,Botafogo-RJ,Flamengo,False
5507,15,Botafogo-RJ,Diogo Barbosa,34,Normal,34,0,1,34.0,31-45,2016,Botafogo-RJ,Flamengo,True
5507,15,Flamengo,Jorge Marco de Oliveira Moraes,57,Normal,57,0,2,57.0,46-60,2016,Botafogo-RJ,Flamengo,False
5507,15,Botafogo-RJ,Neilton Mestzk,80,Normal,80,0,2,80.0,76-90,2016,Botafogo-RJ,Flamengo,True
5507,15,Flamengo,Paolo Guerrero,68,Normal,68,0,2,68.0,61-75,2016,Botafogo-RJ,Flamengo,False
5508,15,Santos,Victor Ferraz,22,Normal,22,0,1,22.0,16-30,2016,Santos,Ponte Preta,True
5508,15,Santos,Vitor Bueno,56,Normal,56,0,2,56.0,46-60,2016,Santos,Ponte Preta,True
5508,15,Santos,Gabriel Barbosa,72,Normal,72,0,2,72.0,61-75,2016,Santos,Ponte Preta,True
5508,15,Ponte Preta,Roger Rodrigues da Silva,84,Normal,84,0,2,84.0,76-90,2016,Santos,Ponte Preta,False
5509,15,Santa Cruz,Tiago da Costa Silva,9,Normal,9,0,1,9.0,0-15,2016,America-MG,Santa Cruz,False
5509,15,Santa Cruz,Marcílio,16,Normal,16,0,1,16.0,16-30,2016,America-MG,Santa Cruz,False
5509,15,Santa Cruz,Arthur Caike do Nascimento Cruz,56,Normal,56,0,2,56.0,46-60,2016,America-MG,Santa Cruz,False
5511,15,Chapecoense,Dener Assunção Braz,71,Normal,71,0,2,71.0,61-75,2016,Figueirense,Chapecoense,False
5511,15,Figueirense,Rafael Moura,45+1,Penalty,45,1,1,45.01,45+,2016,Figueirense,Chapecoense,True
5512,15,Fluminense,Cícero Santos,7,Normal,7,0,1,7.0,0-15,2016,Fluminense,Cruzeiro,True
5512,15,Fluminense,Marcos Júnior,26,Penalty,26,0,1,26.0,16-30,2016,Fluminense,Cruzeiro,True
5514,15,Sao Paulo,Christian Cueva,15,Penalty,15,0,1,15.0,0-15,2016,Corinthians,Sao Paulo,False
5514,15,Corinthians,Bruno Henrique Corsini,22,Normal,22,0,1,22.0,16-30,2016,Corinthians,Sao Paulo,True
5510,15,Palmeiras,Erik Nascimento de Lima,11,Normal,11,0,1,11.0,0-15,2016,Internacional,Palmeiras,False
5513,15,Athletico-PR,Pablo Felipe Teixeira,45,Normal,45,0,1,45.0,31-45,2016,Athletico-PR,Vitoria,True
5513,15,Vitoria,Diego Renan,71,Penalty,71,0,2,71.0,61-75,2016,Athletico-PR,Vitoria,False
5515,15,Sport,Sérgio Antônio Borges Júnior,22,Normal,22,0,1,22.0,16-30,2016,Sport,Gremio,True
5515,15,Gremio,Pedro Geromel,63,Normal,63,0,2,63.0,61-75,2016,Sport,Gremio,False
5515,15,Sport,Diego Souza,39,Normal,39,0,1,39.0,31-45,2016,Sport,Gremio,True
5515,15,Sport,Diego Souza,75,Penalty,75,0,2,75.0,61-75,2016,Sport,Gremio,True
5515,15,Sport,Edmilson dos Santos Silva,68,Normal,68,0,2,68.0,61-75,2016,Sport,Gremio,True
5515,15,Gremio,Pedro Geromel,46,Normal,46,0,2,46.0,46-60,2016,Sport,Gremio,False
5516,15,Atletico-MG,Robinho,41,Normal,41,0,1,41.0,31-45,2016,Atletico-MG,Coritiba,True
5516,15,Atletico-MG,Robinho,85,Normal,85,0,2,85.0,76-90,2016,Atletico-MG,Coritiba,True
5516,15,Coritiba,Carlos Emiliano Pereira,76,Normal,76,0,2,76.0,76-90,2016,Atletico-MG,Coritiba,False
5517,16,Corinthians,Danilo Gabriel de Andrade,84,Normal,84,0,2,84.0,76-90,2016,Corinthians,Figueirense,True
5517,16,Figueirense,Dodô,59,Normal,59,0,2,59.0,46-60,2016,Corinthians,Figueirense,False
5518,16,Coritiba,Kléber,33,Normal,33,0,1,33.0,31-45,2016,Santa Cruz,Coritiba,False
5519,16,Atletico-MG,Leandro Donizete,60,Normal,60,0,2,60.0,46-60,2016,Palmeiras,Atletico-MG,False
5520,16,Ponte Preta,Roger Rodrigues da Silva,43,Normal,43,0,1,43.0,31-45,2016,Ponte Preta,Internacional,True
5520,16,Ponte Preta,Wendel Geraldo Maurício e Silva,46,Normal,46,0,2,46.0,46-60,2016,Ponte Preta,Internacional,True
5520,16,Internacional,Valdívia,26,Normal,26,0,1,26.0,16-30,2016,Ponte Preta,Internacional,False
5520,16,Internacional,Ariel Nahuelpán,82,Normal,82,0,2,82.0,76-90,2016,Ponte Preta,Internacional,False
5524,16,Chapecoense,Hyoran,25,Normal,25,0,1,25.0,16-30,2016,Chapecoense,Botafogo-RJ,True
5524,16,Chapecoense,Lucas Gomes,88,Normal,88,0,2,88.0,76-90,2016,Chapecoense,Botafogo-RJ,True
5524,16,Botafogo-RJ,Camilo,86,Normal,86,0,2,86.0,76-90,2016,Chapecoense,Botafogo-RJ,False
5521,16,Gremio,Douglas dos Santos,53,Normal,53,0,2,53.0,46-60,2016,Gremio,Sao Paulo,True
5523,16,Sport,José Rogério de Oliveira Melo,51,Normal,51,0,2,51.0,46-60,2016,Cruzeiro,Sport,False
5523,16,Cruzeiro,Willian Gomes de Siqueira,90+2,Normal,90,2,2,90.02,90+,2016,Cruzeiro,Sport,True
5523,16,Sport,José Rogério de Oliveira Melo,38,Normal,38,0,1,38.0,31-45,2016,Cruzeiro,Sport,False
5522,16,Athletico-PR,Hernani Azevedo Junior,34,Normal,34,0,1,34.0,31-45,2016,Athletico-PR,Fluminense,True
5525,16,Vitoria,Antônio Eduardo Pereira dos Santos,30,Normal,30,0,1,30.0,16-30,2016,Vitoria,Santos,True
5525,16,Santos,Jean Mota Oliveira de Souza,82,Normal,82,0,2,82.0,76-90,2016,Vitoria,Santos,False
5525,16,Vitoria,Vander Luiz Silva Souza,71,Normal,71,0,2,71.0,61-75,2016,Vitoria,Santos,True
5525,16,Santos,Vitor Bueno,20,Normal,20,0,1,20.0,16-30,2016,Vitoria,Santos,False
5525,16,Santos,Jonathan Copete,32,Normal,32,0,1,32.0,31-45,2016,Vitoria,Santos,False
5526,16,Flamengo,Paolo Guerrero,56,Normal,56,0,2,56.0,46-60,2016,Flamengo,America-MG,True
5526,16,America-MG,Juninho,77,Normal,77,0,2,77.0,76-90,2016,Flamengo,America-MG,False
5526,16,Flamengo,Alan Patrick,60,Penalty,60,0,2,60.0,46-60,2016,Flamengo,America-MG,True
5527,17,Figueirense,Dodô,15,Normal,15,0,1,15.0,0-15,2016,Figueirense,Vitoria,True
5528,17,Sport,Edmilson dos Santos Silva,53,Normal,53,0,2,53.0,46-60,2016,Sport,Athletico-PR,True
5528,17,Sport,Diego Souza,17,Penalty,17,0,1,17.0,16-30,2016,Sport,Athletico-PR,True
5529,17,Atletico-MG,Robinho,22,Normal,22,0,1,22.0,16-30,2016,Atletico-MG,Santa Cruz,True
5529,17,Atletico-MG,Fred,67,Normal,67,0,2,67.0,61-75,2016,Atletico-MG,Santa Cruz,True
5529,17,Atletico-MG,Luan Madson Gedeão de Paiva,71,Normal,71,0,2,71.0,61-75,2016,Atletico-MG,Santa Cruz,True
5531,17,Fluminense,Cícero Santos,55,Normal,55,0,2,55.0,46-60,2016,Fluminense,Ponte Preta,True
5531,17,Fluminense,Wellington Alves da Silva,70,Normal,70,0,2,70.0,61-75,2016,Fluminense,Ponte Preta,True
5531,17,Fluminense,Cícero Santos,20,Normal,20,0,1,20.0,16-30,2016,Fluminense,Ponte Preta,True
5530,17,Sao Paulo,Christian Cueva,61,Normal,61,0,2,61.0,61-75,2016,Sao Paulo,Chapecoense,True
5530,17,Sao Paulo,Christian Cueva,86,Penalty,86,0,2,86.0,76-90,2016,Sao Paulo,Chapecoense,True
5530,17,Chapecoense,Everton Kempes dos Santos Gonçalves,5,Normal,5,0,1,5.0,0-15,2016,Sao Paulo,Chapecoense,False
5530,17,Chapecoense,Thiego,12,Normal,12,0,1,12.0,0-15,2016,Sao Paulo,Chapecoense,False
5532,17,Flamengo,Paolo Guerrero,52,Normal,52,0,2,52.0,46-60,2016,Coritiba,Flamengo,False
5532,17,Flamengo,Marcelo Cirino da Silva,89,Normal,89,0,2,89.0,76-90,2016,Coritiba,Flamengo,False
5533,17,Corinthians,Elias Mendes Trindade,42,Normal,42,0,1,42.0,31-45,2016,Internacional,Corinthians,False
5534,17,Santos,Vitor Bueno,61,Normal,61,0,2,61.0,61-75,2016,Santos,Cruzeiro,True
5534,17,Santos,Lucas Rios Marques,74,Gol Contra,74,0,2,74.0,61-75,2016,Santos,Cruzeiro,True
5535,17,Palmeiras,Erik Nascimento de Lima,78,Normal,78,0,2,78.0,76-90,2016,Botafogo-RJ,Palmeiras,False
5535,17,Botafogo-RJ,Camilo,87,Penalty,87,0,2,87.0,76-90,2016,Botafogo-RJ,Palmeiras,True
5535,17,Botafogo-RJ,Neilton Mestzk,19,Normal,19,0,1,19.0,16-30,2016,Botafogo-RJ,Palmeiras,True
5535,17,Botafogo-RJ,Neilton Mestzk,35,Normal,35,0,1,35.0,31-45,2016,Botafogo-RJ,Palmeiras,True
5537,18,Vitoria,Mário Sérgio Santos Costa,88,Normal,88,0,2,88.0,76-90,2016,Vitoria,Coritiba,True
5537,18,Vitoria,Kieza,90+3,Normal,90,3,2,90.03,90+,2016,Vitoria,Coritiba,True
5537,18,Vitoria,José Carlos Ferreira Júnior,60,Gol Contra,60,0,2,60.0,46-60,2016,Vitoria,Coritiba,True
5537,18,Coritiba,Raphael Cavalcante Veiga,48,Normal,48,0,2,48.0,46-60,2016,Vitoria,Coritiba,False
5538,18,Sport,Mark González,90+3,Normal,90,3,2,90.03,90+,2016,Sport,America-MG,True
5538,18,America-MG,Danilo Barcelos,40,Normal,40,0,1,40.0,31-45,2016,Sport,America-MG,False
5540,18,Athletico-PR,Walter Henrique da Silva,76,Normal,76,0,2,76.0,76-90,2016,Athletico-PR,Corinthians,True
5540,18,Athletico-PR,Walter Henrique da Silva,87,Normal,87,0,2,87.0,76-90,2016,Athletico-PR,Corinthians,True
5541,18,Ponte Preta,William Pottker,30,Normal,30,0,1,30.0,16-30,2016,Ponte Preta,Botafogo-RJ,True
5541,18,Ponte Preta,Reinaldo Manoel da Silva,85,Normal,85,0,2,85.0,76-90,2016,Ponte Preta,Botafogo-RJ,True
5543,18,Atletico-MG,Lucas Pratto,20,Normal,20,0,1,20.0,16-30,2016,Sao Paulo,Atletico-MG,False
5543,18,Sao Paulo,Andrés Chávez,3,Normal,3,0,1,3.0,0-15,2016,Sao Paulo,Atletico-MG,True
5543,18,Atletico-MG,Maicosuel,11,Normal,11,0,1,11.0,0-15,2016,Sao Paulo,Atletico-MG,False
5544,18,Cruzeiro,Ramón Ábila,17,Normal,17,0,1,17.0,16-30,2016,Cruzeiro,Internacional,True
5544,18,Cruzeiro,Rafael Sóbis,14,Normal,14,0,1,14.0,0-15,2016,Cruzeiro,Internacional,True
5544,18,Internacional,Luis Manuel Seijas,2,Normal,2,0,1,2.0,0-15,2016,Cruzeiro,Internacional,False
5544,18,Cruzeiro,Rafael Sóbis,41,Normal,41,0,1,41.0,31-45,2016,Cruzeiro,Internacional,True
5544,18,Internacional,Alex Raphael Meschini,73,Penalty,73,0,2,73.0,61-75,2016,Cruzeiro,Internacional,False
5544,18,Cruzeiro,Rafael Sóbis,53,Normal,53,0,2,53.0,46-60,2016,Cruzeiro,Internacional,True
5545,18,Chapecoense,Everton Kempes dos Santos Gonçalves,30,Normal,30,0,1,30.0,16-30,2016,Chapecoense,Palmeiras,True
5545,18,Palmeiras,Jean Raphael Vanderlei Moreira,85,Penalty,85,0,2,85.0,76-90,2016,Chapecoense,Palmeiras,False
5547,19,Flamengo,Federico Mancuello,61,Normal,61,0,2,61.0,61-75,2016,Flamengo,Athletico-PR,True
5548,19,America-MG,Juninho,90,Normal,90,0,2,90.0,76-90,2016,America-MG,Santos,True
5550,19,Vitoria,Thiago Martins Bueno,75,Gol Contra,75,0,2,75.0,61-75,2016,Palmeiras,Vitoria,False
5550,19,Palmeiras,Lucas Barrios,37,Normal,37,0,1,37.0,31-45,2016,Palmeiras,Vitoria,True
5550,19,Palmeiras,Cleiton Xavier,50,Normal,50,0,2,50.0,46-60,2016,Palmeiras,Vitoria,True
5549,19,Ponte Preta,Rhayner,43,Normal,43,0,1,43.0,31-45,2016,Coritiba,Ponte Preta,False
5549,19,Coritiba,Juan Maldonado Jaimez Júnior,80,Penalty,80,0,2,80.0,76-90,2016,Coritiba,Ponte Preta,True
5549,19,Coritiba,Kléber,40,Normal,40,0,1,40.0,31-45,2016,Coritiba,Ponte Preta,True
5549,19,Coritiba,Luccas Claro,63,Normal,63,0,2,63.0,61-75,2016,Coritiba,Ponte Preta,True
5551,19,Sao Paulo,Andrés Chávez,39,Normal,39,0,1,39.0,31-45,2016,Santa Cruz,Sao Paulo,False
5551,19,Sao Paulo,Andrés Chávez,64,Normal,64,0,2,64.0,61-75,2016,Santa Cruz,Sao Paulo,False
5551,19,Santa Cruz,Keno,84,Normal,84,0,2,84.0,76-90,2016,Santa Cruz,Sao Paulo,True
5552,19,Fluminense,Gustavo Scarpa,3,Normal,3,0,1,3.0,0-15,2016,Internacional,Fluminense,False
5552,19,Fluminense,Gustavo Scarpa,64,Normal,64,0,2,64.0,61-75,2016,Internacional,Fluminense,False
5552,19,Internacional,Luis Manuel Seijas,45+3,Normal,45,3,1,45.03,45+,2016,Internacional,Fluminense,True
5552,19,Internacional,Fernando Paixão da Silva,78,Normal,78,0,2,78.0,76-90,2016,Internacional,Fluminense,True
5553,19,Sport,Túlio de Melo,82,Penalty,82,0,2,82.0,76-90,2016,Figueirense,Sport,False
5553,19,Figueirense,Carlos Alberto Gomes de Jesus,46,Normal,46,0,2,46.0,46-60,2016,Figueirense,Sport,True
5554,19,Atletico-MG,Robinho,43,Normal,43,0,1,43.0,31-45,2016,Atletico-MG,Chapecoense,True
5554,19,Atletico-MG,Maicosuel,79,Normal,79,0,2,79.0,76-90,2016,Atletico-MG,Chapecoense,True
5554,19,Chapecoense,Bruno Rangel,90+1,Normal,90,1,2,90.01,90+,2016,Atletico-MG,Chapecoense,False
5554,19,Atletico-MG,Carlos César Neves,21,Normal,21,0,1,21.0,16-30,2016,Atletico-MG,Chapecoense,True
5555,19,Cruzeiro,Ramón Ábila,66,Normal,66,0,2,66.0,61-75,2016,Corinthians,Cruzeiro,False
5555,19,Corinthians,Giovanni Augusto,2,Normal,2,0,1,2.0,0-15,2016,Corinthians,Cruzeiro,True
5557,20,Sport,Edmilson dos Santos Silva,24,Normal,24,0,1,24.0,16-30,2016,Sport,Flamengo,True
5558,20,Ponte Preta,Wendel Geraldo Maurício e Silva,51,Normal,51,0,2,51.0,46-60,2016,Ponte Preta,Figueirense,True
5558,20,Ponte Preta,Roger Rodrigues da Silva,83,Normal,83,0,2,83.0,76-90,2016,Ponte Preta,Figueirense,True
5559,20,Fluminense,Henrique Dourado,47,Normal,47,0,2,47.0,46-60,2016,Fluminense,America-MG,True
5560,20,Gremio,Pedro Rocha Neves,17,Normal,17,0,1,17.0,16-30,2016,Gremio,Corinthians,True
5560,20,Gremio,Everton Sousa Soares,48,Normal,48,0,2,48.0,46-60,2016,Gremio,Corinthians,True
5560,20,Gremio,Miller Bolaños,61,Normal,61,0,2,61.0,61-75,2016,Gremio,Corinthians,True
5563,20,Santa Cruz,Tiago da Costa Silva,37,Normal,37,0,1,37.0,31-45,2016,Vitoria,Santa Cruz,False
5563,20,Santa Cruz,Matías Pisano,83,Normal,83,0,2,83.0,76-90,2016,Vitoria,Santa Cruz,False
5563,20,Vitoria,Diego Renan,5,Normal,5,0,1,5.0,0-15,2016,Vitoria,Santa Cruz,True
5563,20,Vitoria,Willian Farias,48,Normal,48,0,2,48.0,46-60,2016,Vitoria,Santa Cruz,True
5561,20,Cruzeiro,Ramón Ábila,50,Normal,50,0,2,50.0,46-60,2016,Cruzeiro,Coritiba,True
5561,20,Coritiba,Colin Kâzım-Richards,20,Normal,20,0,1,20.0,16-30,2016,Cruzeiro,Coritiba,False
5561,20,Coritiba,Juan Maldonado Jaimez Júnior,27,Normal,27,0,1,27.0,16-30,2016,Cruzeiro,Coritiba,False
5561,20,Cruzeiro,Rafael da Silva Francisco,3,Normal,3,0,1,3.0,0-15,2016,Cruzeiro,Coritiba,True
5562,20,Santos,Ricardo Oliveira,69,Normal,69,0,2,69.0,61-75,2016,Santos,Atletico-MG,True
5562,20,Santos,Ricardo Oliveira,90+4,Normal,90,4,2,90.04,90+,2016,Santos,Atletico-MG,True
5562,20,Santos,Gustavo Henrique Vernes,12,Normal,12,0,1,12.0,0-15,2016,Santos,Atletico-MG,True
5564,20,Botafogo-RJ,Luiz Ricardo Alves,90+3,Normal,90,3,2,90.03,90+,2016,Sao Paulo,Botafogo-RJ,False
5565,20,Palmeiras,Vitor Hugo Franchescoli de Souza,44,Normal,44,0,1,44.0,31-45,2016,Athletico-PR,Palmeiras,False
5566,20,Chapecoense,Alejandro Martinuccio,90+1,Normal,90,1,2,90.01,90+,2016,Chapecoense,Internacional,True
5567,21,Chapecoense,Alison Wágner Lira Ferreira,90+2,Gol Contra,90,2,2,90.02,90+,2016,America-MG,Chapecoense,False
5567,21,Chapecoense,Lucas Gomes,72,Normal,72,0,2,72.0,61-75,2016,America-MG,Chapecoense,False
5567,21,America-MG,Gilson Gomes do Nascimento,45+1,Penalty,45,1,1,45.01,45+,2016,America-MG,Chapecoense,True
5568,21,Botafogo-RJ,Camilo,90+2,Normal,90,2,2,90.02,90+,2016,Botafogo-RJ,Sport,True
5568,21,Botafogo-RJ,Luiz Ricardo Alves,45+2,Normal,45,2,1,45.02,45+,2016,Botafogo-RJ,Sport,True
5568,21,Botafogo-RJ,Luiz Ricardo Alves,52,Normal,52,0,2,52.0,46-60,2016,Botafogo-RJ,Sport,True
5570,21,Atletico-MG,Robinho,40,Penalty,40,0,1,40.0,31-45,2016,Atletico-MG,Athletico-PR,True
5569,21,Flamengo,Diego Ribas,70,Normal,70,0,2,70.0,61-75,2016,Flamengo,Gremio,True
5569,21,Gremio,Henrique Almeida,72,Normal,72,0,2,72.0,61-75,2016,Flamengo,Gremio,False
5569,21,Flamengo,Leandro Damião,30,Penalty,30,0,1,30.0,16-30,2016,Flamengo,Gremio,True
5573,21,Palmeiras,Rafael Marques Mariano,16,Normal,16,0,1,16.0,16-30,2016,Palmeiras,Ponte Preta,True
5573,21,Palmeiras,Thiago Martins Bueno,70,Normal,70,0,2,70.0,61-75,2016,Palmeiras,Ponte Preta,True
5573,21,Ponte Preta,Wellington Paulista,52,Normal,52,0,2,52.0,46-60,2016,Palmeiras,Ponte Preta,False
5573,21,Ponte Preta,William Pottker,73,Normal,73,0,2,73.0,61-75,2016,Palmeiras,Ponte Preta,False
5572,21,Fluminense,Henrique Dourado,30,Normal,30,0,1,30.0,16-30,2016,Santa Cruz,Fluminense,False
5571,21,Sao Paulo,Christian Cueva,37,Penalty,37,0,1,37.0,31-45,2016,Internacional,Sao Paulo,False
5571,21,Internacional,Eugenio Mena,85,Gol Contra,85,0,2,85.0,76-90,2016,Internacional,Sao Paulo,True
5574,21,Coritiba,Kléber,73,Normal,73,0,2,73.0,61-75,2016,Coritiba,Santos,True
5574,21,Coritiba,Iago Dias,86,Normal,86,0,2,86.0,76-90,2016,Coritiba,Santos,True
5574,21,Santos,Ricardo Oliveira,59,Normal,59,0,2,59.0,46-60,2016,Coritiba,Santos,False
5575,21,Cruzeiro,Henrique Pacheco Lima,3,Normal,3,0,1,3.0,0-15,2016,Figueirense,Cruzeiro,False
5575,21,Cruzeiro,Ramón Ábila,48,Normal,48,0,2,48.0,46-60,2016,Figueirense,Cruzeiro,False
5575,21,Figueirense,Wéverton Almeida Santos,88,Normal,88,0,2,88.0,76-90,2016,Figueirense,Cruzeiro,True
5576,21,Corinthians,Jonathan Marlone,51,Normal,51,0,2,51.0,46-60,2016,Corinthians,Vitoria,True
5576,21,Vitoria,Yago Fernando da Silva,43,Gol Contra,43,0,1,43.0,31-45,2016,Corinthians,Vitoria,False
5576,21,Corinthians,Marquinhos,71,Normal,71,0,2,71.0,61-75,2016,Corinthians,Vitoria,True
5577,22,Ponte Preta,Roger Rodrigues da Silva,36,Normal,36,0,1,36.0,31-45,2016,Ponte Preta,Corinthians,True
5577,22,Ponte Preta,Clayson Henrique da Silva Vieira,50,Normal,50,0,2,50.0,46-60,2016,Ponte Preta,Corinthians,True
5579,22,Figueirense,Rafael Moura,48,Penalty,48,0,2,48.0,46-60,2016,Santos,Figueirense,False
5578,22,Cruzeiro,Róbson Michael Signorini,49,Normal,49,0,2,49.0,46-60,2016,Cruzeiro,Santa Cruz,True
5578,22,Cruzeiro,Ramón Ábila,53,Normal,53,0,2,53.0,46-60,2016,Cruzeiro,Santa Cruz,True
5580,22,Gremio,Luan Guilherme de Jesus Vieira,53,Normal,53,0,2,53.0,46-60,2016,Gremio,Atletico-MG,True
5580,22,Atletico-MG,Robinho,87,Normal,87,0,2,87.0,76-90,2016,Gremio,Atletico-MG,False
5581,22,Palmeiras,Eduardo Pereira Rodrigues,19,Normal,19,0,1,19.0,16-30,2016,Fluminense,Palmeiras,False
5581,22,Palmeiras,Jean Raphael Vanderlei Moreira,25,Normal,25,0,1,25.0,16-30,2016,Fluminense,Palmeiras,False
5582,22,Chapecoense,Everton Kempes dos Santos Gonçalves,42,Normal,42,0,1,42.0,31-45,2016,Chapecoense,Flamengo,True
5582,22,Flamengo,Diego Ribas,9,Normal,9,0,1,9.0,0-15,2016,Chapecoense,Flamengo,False
5582,22,Flamengo,Federico Mancuello,90+1,Normal,90,1,2,90.01,90+,2016,Chapecoense,Flamengo,False
5582,22,Flamengo,Leandro Damião,71,Penalty,71,0,2,71.0,61-75,2016,Chapecoense,Flamengo,False
5584,22,Internacional,Luis Manuel Seijas,9,Penalty,9,0,1,9.0,0-15,2016,Sport,Internacional,False
5584,22,Sport,Vinícius Vasconcelos Araújo,89,Normal,89,0,2,89.0,76-90,2016,Sport,Internacional,True
5585,22,Vitoria,Marcelo Machado dos Santos,37,Normal,37,0,1,37.0,31-45,2016,Vitoria,America-MG,True
5585,22,Vitoria,David Corrêa da Fonseca,64,Normal,64,0,2,64.0,61-75,2016,Vitoria,America-MG,True
5585,22,America-MG,Danilo Barcelos,86,Normal,86,0,2,86.0,76-90,2016,Vitoria,America-MG,False
5586,22,Athletico-PR,Hernani Azevedo Junior,7,Normal,7,0,1,7.0,0-15,2016,Athletico-PR,Botafogo-RJ,True
5546,18,Fluminense,Renato de Araújo Chaves Júnior,20,Normal,20,0,1,20.0,16-30,2016,Fluminense,Figueirense,True
5546,18,Fluminense,Magno Alves,79,Normal,79,0,2,79.0,76-90,2016,Fluminense,Figueirense,True
5546,18,Figueirense,Carlos Alberto Gomes de Jesus,48,Normal,48,0,2,48.0,46-60,2016,Fluminense,Figueirense,False
5546,18,Fluminense,Gustavo Scarpa,14,Normal,14,0,1,14.0,0-15,2016,Fluminense,Figueirense,True
5546,18,Figueirense,Nirley da Silva Fonseca,61,Normal,61,0,2,61.0,61-75,2016,Fluminense,Figueirense,False
5556,19,Botafogo-RJ,Camilo,21,Normal,21,0,1,21.0,16-30,2016,Botafogo-RJ,Gremio,True
5556,19,Botafogo-RJ,Luiz Ricardo Alves,29,Normal,29,0,1,29.0,16-30,2016,Botafogo-RJ,Gremio,True
5556,19,Gremio,Matheus dos Santos Batista,80,Normal,80,0,2,80.0,76-90,2016,Botafogo-RJ,Gremio,False
5587,23,Santa Cruz,Arthur Caike do Nascimento Cruz,57,Normal,57,0,2,57.0,46-60,2016,Santa Cruz,Chapecoense,True
5587,23,Santa Cruz,Bruno Eduardo Moraes,64,Normal,64,0,2,64.0,61-75,2016,Santa Cruz,Chapecoense,True
5587,23,Chapecoense,Bruno Rangel,87,Penalty,87,0,2,87.0,76-90,2016,Santa Cruz,Chapecoense,False
5587,23,Chapecoense,Everton Kempes dos Santos Gonçalves,28,Normal,28,0,1,28.0,16-30,2016,Santa Cruz,Chapecoense,False
5589,23,Botafogo-RJ,Neilton Mestzk,50,Normal,50,0,2,50.0,46-60,2016,Botafogo-RJ,Fluminense,True
5588,23,Figueirense,Lins Lima de Brito,4,Normal,4,0,1,4.0,0-15,2016,Figueirense,Athletico-PR,True
5590,23,Atletico-MG,Fred,45+1,Normal,45,1,1,45.01,45+,2016,Atletico-MG,Vitoria,True
5590,23,Atletico-MG,Fred,63,Normal,63,0,2,63.0,61-75,2016,Atletico-MG,Vitoria,True
5590,23,Vitoria,Antônio Eduardo Pereira dos Santos,59,Normal,59,0,2,59.0,46-60,2016,Atletico-MG,Vitoria,False
5591,23,Palmeiras,Yerry Mina,56,Normal,56,0,2,56.0,46-60,2016,Palmeiras,Sao Paulo,True
5591,23,Palmeiras,Vitor Hugo Franchescoli de Souza,71,Normal,71,0,2,71.0,61-75,2016,Palmeiras,Sao Paulo,True
5591,23,Sao Paulo,Andrés Chávez,48,Normal,48,0,2,48.0,46-60,2016,Palmeiras,Sao Paulo,False
5593,23,Coritiba,Raphael Cavalcante Veiga,35,Normal,35,0,1,35.0,31-45,2016,Coritiba,Gremio,True
5593,23,Coritiba,Neto Berola,39,Normal,39,0,1,39.0,31-45,2016,Coritiba,Gremio,True
5593,23,Coritiba,Walisson,22,Normal,22,0,1,22.0,16-30,2016,Coritiba,Gremio,True
5593,23,Coritiba,Leandro,31,Normal,31,0,1,31.0,31-45,2016,Coritiba,Gremio,True
5592,23,Flamengo,Luiz Fernando Pereira da Silva,90,Normal,90,0,2,90.0,76-90,2016,Flamengo,Ponte Preta,True
5592,23,Ponte Preta,William Pottker,67,Normal,67,0,2,67.0,61-75,2016,Flamengo,Ponte Preta,False
5592,23,Flamengo,Gabriel Santana,14,Normal,14,0,1,14.0,0-15,2016,Flamengo,Ponte Preta,True
5594,23,Corinthians,Vilson Xavier de Menezes Júnior,62,Normal,62,0,2,62.0,61-75,2016,Corinthians,Sport,True
5594,23,Corinthians,Rodrigo Eduardo Costa Marinho,47,Normal,47,0,2,47.0,46-60,2016,Corinthians,Sport,True
5594,23,Corinthians,Léo Príncipe,54,Normal,54,0,2,54.0,46-60,2016,Corinthians,Sport,True
5595,23,Cruzeiro,Giorgian De Arrascaeta,21,Normal,21,0,1,21.0,16-30,2016,America-MG,Cruzeiro,False
5595,23,Cruzeiro,Ramón Ábila,70,Normal,70,0,2,70.0,61-75,2016,America-MG,Cruzeiro,False
5596,23,Internacional,Aylon,62,Normal,62,0,2,62.0,61-75,2016,Internacional,Santos,True
5596,23,Santos,Ricardo Oliveira,28,Normal,28,0,1,28.0,16-30,2016,Internacional,Santos,False
5596,23,Internacional,Luis Manuel Seijas,43,Normal,43,0,1,43.0,31-45,2016,Internacional,Santos,True
5597,24,Flamengo,Gabriel Santana,60,Normal,60,0,2,60.0,46-60,2016,Vitoria,Flamengo,False
5597,24,Vitoria,Zé Love,22,Normal,22,0,1,22.0,16-30,2016,Vitoria,Flamengo,True
5597,24,Flamengo,Luiz Fernando Pereira da Silva,44,Normal,44,0,1,44.0,31-45,2016,Vitoria,Flamengo,False
5599,24,Sao Paulo,Kelvin Mateus de Oliveira,73,Normal,73,0,2,73.0,61-75,2016,Sao Paulo,Figueirense,True
5599,24,Sao Paulo,Andrés Chávez,31,Normal,31,0,1,31.0,31-45,2016,Sao Paulo,Figueirense,True
5599,24,Figueirense,Carlos Alberto Gomes de Jesus,87,Penalty,87,0,2,87.0,76-90,2016,Sao Paulo,Figueirense,False
5599,24,Sao Paulo,Christian Cueva,66,Normal,66,0,2,66.0,61-75,2016,Sao Paulo,Figueirense,True
5598,24,Chapecoense,Everton Kempes dos Santos Gonçalves,71,Normal,71,0,2,71.0,61-75,2016,Chapecoense,Coritiba,True
5600,24,Botafogo-RJ,Gustavo Canales,66,Normal,66,0,2,66.0,61-75,2016,Cruzeiro,Botafogo-RJ,False
5600,24,Botafogo-RJ,Camilo,80,Normal,80,0,2,80.0,76-90,2016,Cruzeiro,Botafogo-RJ,False
5602,24,Athletico-PR,Pablo Felipe Teixeira,46,Normal,46,0,2,46.0,46-60,2016,Athletico-PR,Internacional,True
5602,24,Internacional,Valdívia,2,Normal,2,0,1,2.0,0-15,2016,Athletico-PR,Internacional,False
5602,24,Athletico-PR,Pablo Felipe Teixeira,40,Normal,40,0,1,40.0,31-45,2016,Athletico-PR,Internacional,True
5601,24,Sport,Rodney Wallace,70,Normal,70,0,2,70.0,61-75,2016,Sport,Santa Cruz,True
5601,24,Santa Cruz,Keno,6,Normal,6,0,1,6.0,0-15,2016,Sport,Santa Cruz,False
5601,24,Sport,Luis Carlos Ruiz,80,Normal,80,0,2,80.0,76-90,2016,Sport,Santa Cruz,True
5601,24,Santa Cruz,João Paulo,50,Normal,50,0,2,50.0,46-60,2016,Sport,Santa Cruz,False
5601,24,Sport,Vinícius Vasconcelos Araújo,90,Normal,90,0,2,90.0,76-90,2016,Sport,Santa Cruz,True
5601,24,Santa Cruz,Bruno Eduardo Moraes,72,Normal,72,0,2,72.0,61-75,2016,Sport,Santa Cruz,False
5601,24,Sport,Durval,53,Normal,53,0,2,53.0,46-60,2016,Sport,Santa Cruz,True
5601,24,Sport,Everton Felipe,90+2,Normal,90,2,2,90.02,90+,2016,Sport,Santa Cruz,True
5603,24,Santos,Renato Dirnei Florêncio,85,Normal,85,0,2,85.0,76-90,2016,Santos,Corinthians,True
5603,24,Corinthians,Jonathan Marlone,37,Normal,37,0,1,37.0,31-45,2016,Santos,Corinthians,False
5603,24,Santos,Vitor Bueno,71,Penalty,71,0,2,71.0,61-75,2016,Santos,Corinthians,True
5604,24,Ponte Preta,William Pottker,44,Normal,44,0,1,44.0,31-45,2016,Ponte Preta,America-MG,True
5604,24,America-MG,Jonas Jessué da Silva Júnior,58,Normal,58,0,2,58.0,46-60,2016,Ponte Preta,America-MG,False
5606,24,Fluminense,Gustavo Scarpa,77,Normal,77,0,2,77.0,76-90,2016,Fluminense,Atletico-MG,True
5606,24,Fluminense,Francinilson Santos Meirelles,90+2,Normal,90,2,2,90.02,90+,2016,Fluminense,Atletico-MG,True
5606,24,Fluminense,Douglas Augusto Soares Gomes,49,Normal,49,0,2,49.0,46-60,2016,Fluminense,Atletico-MG,True
5606,24,Atletico-MG,Robinho,28,Normal,28,0,1,28.0,16-30,2016,Fluminense,Atletico-MG,False
5606,24,Fluminense,Marquinho,73,Normal,73,0,2,73.0,61-75,2016,Fluminense,Atletico-MG,True
5606,24,Atletico-MG,Rómulo Otero,88,Normal,88,0,2,88.0,76-90,2016,Fluminense,Atletico-MG,False
5607,25,Santos,José Carlos Cracco Neto,4,Normal,4,0,1,4.0,0-15,2016,Botafogo-RJ,Santos,False
5608,25,Figueirense,Dodô,38,Penalty,38,0,1,38.0,31-45,2016,Figueirense,America-MG,True
5608,25,Figueirense,Lins Lima de Brito,15,Normal,15,0,1,15.0,0-15,2016,Figueirense,America-MG,True
5608,25,America-MG,Jonas Jessué da Silva Júnior,44,Normal,44,0,1,44.0,31-45,2016,Figueirense,America-MG,False
5608,25,America-MG,Osman,80,Normal,80,0,2,80.0,76-90,2016,Figueirense,America-MG,False
5610,25,Santa Cruz,Bruno Eduardo Moraes,90+1,Normal,90,1,2,90.01,90+,2016,Santa Cruz,Athletico-PR,True
5609,25,Ponte Preta,Fábio Ferreira,53,Normal,53,0,2,53.0,46-60,2016,Ponte Preta,Gremio,True
5609,25,Ponte Preta,Roger Rodrigues da Silva,76,Normal,76,0,2,76.0,76-90,2016,Ponte Preta,Gremio,True
5609,25,Ponte Preta,William Pottker,90+5,Penalty,90,5,2,90.05,90+,2016,Ponte Preta,Gremio,True
5611,25,Coritiba,Leandro,28,Penalty,28,0,1,28.0,16-30,2016,Coritiba,Corinthians,True
5611,25,Corinthians,Jonathan Marlone,15,Normal,15,0,1,15.0,0-15,2016,Coritiba,Corinthians,False
5612,25,Palmeiras,Gabriel Jesus,82,Normal,82,0,2,82.0,76-90,2016,Palmeiras,Flamengo,True
5612,25,Flamengo,Alan Patrick,62,Normal,62,0,2,62.0,61-75,2016,Palmeiras,Flamengo,False
5614,25,Chapecoense,Dener Assunção Braz,54,Normal,54,0,2,54.0,46-60,2016,Fluminense,Chapecoense,False
5614,25,Chapecoense,Lourency do Nascimento Rodrigues,89,Normal,89,0,2,89.0,76-90,2016,Fluminense,Chapecoense,False
5614,25,Fluminense,Cícero Santos,4,Normal,4,0,1,4.0,0-15,2016,Fluminense,Chapecoense,True
5613,25,Atletico-MG,Júnior Urso,59,Normal,59,0,2,59.0,46-60,2016,Atletico-MG,Sport,True
5616,25,Vitoria,Antônio Eduardo Pereira dos Santos,47,Normal,47,0,2,47.0,46-60,2016,Internacional,Vitoria,False
5615,25,Sao Paulo,Wesley Lopes Beltrame,43,Normal,43,0,1,43.0,31-45,2016,Sao Paulo,Cruzeiro,True
5617,26,Palmeiras,Moisés Lima Magalhães,5,Normal,5,0,1,5.0,0-15,2016,Corinthians,Palmeiras,False
5617,26,Palmeiras,Yerry Mina,76,Normal,76,0,2,76.0,76-90,2016,Corinthians,Palmeiras,False
5618,26,Flamengo,Willian Arão,37,Normal,37,0,1,37.0,31-45,2016,Flamengo,Figueirense,True
5618,26,Flamengo,Diego Ribas,71,Penalty,71,0,2,71.0,61-75,2016,Flamengo,Figueirense,True
5619,26,Atletico-MG,Clayton da Silveira da Silva,31,Normal,31,0,1,31.0,31-45,2016,Cruzeiro,Atletico-MG,False
5619,26,Cruzeiro,Róbson Michael Signorini,76,Normal,76,0,2,76.0,76-90,2016,Cruzeiro,Atletico-MG,True
5621,26,Fluminense,Gustavo Scarpa,40,Normal,40,0,1,40.0,31-45,2016,Gremio,Fluminense,False
5623,26,Athletico-PR,Pablo Felipe Teixeira,80,Normal,80,0,2,80.0,76-90,2016,Athletico-PR,Sao Paulo,True
5620,26,Coritiba,Willian José de Souza,31,Normal,31,0,1,31.0,31-45,2016,Sport,Coritiba,False
5622,26,Chapecoense,Tiaguinho,43,Normal,43,0,1,43.0,31-45,2016,Chapecoense,Ponte Preta,True
5622,26,Ponte Preta,Fábio Ferreira,33,Normal,33,0,1,33.0,31-45,2016,Chapecoense,Ponte Preta,False
5622,26,Ponte Preta,Roger Rodrigues da Silva,56,Normal,56,0,2,56.0,46-60,2016,Chapecoense,Ponte Preta,False
5622,26,Chapecoense,Tiaguinho,12,Normal,12,0,1,12.0,0-15,2016,Chapecoense,Ponte Preta,True
5624,26,Santos,Jonathan Copete,5,Normal,5,0,1,5.0,0-15,2016,Santos,Santa Cruz,True
5624,26,Santa Cruz,Keno,90+11,Normal,90,11,2,90.11,90+,2016,Santos,Santa Cruz,False
5624,26,Santos,Jean Mota Oliveira de Souza,88,Normal,88,0,2,88.0,76-90,2016,Santos,Santa Cruz,True
5624,26,Santos,Vitor Bueno,90+13,Normal,90,13,2,90.13,90+,2016,Santos,Santa Cruz,True
5624,26,Santa Cruz,Keno,56,Normal,56,0,2,56.0,46-60,2016,Santos,Santa Cruz,False
5625,26,Botafogo-RJ,Rodrigo Pimpão,45,Normal,45,0,1,45.0,31-45,2016,Vitoria,Botafogo-RJ,False
5626,26,America-MG,Michael Vinicius Silva de Morais,90,Normal,90,0,2,90.0,76-90,2016,America-MG,Internacional,True
5627,27,Palmeiras,Yerry Mina,57,Normal,57,0,2,57.0,46-60,2016,Palmeiras,Coritiba,True
5627,27,Coritiba,Iago Dias,76,Normal,76,0,2,76.0,76-90,2016,Palmeiras,Coritiba,False
5627,27,Palmeiras,Leandro,51,Normal,51,0,2,51.0,46-60,2016,Palmeiras,Coritiba,True
5628,27,Sport,José Rogério de Oliveira Melo,11,Normal,11,0,1,11.0,0-15,2016,Sport,Santos,True
5629,27,America-MG,Jonas Jessué da Silva Júnior,65,Normal,65,0,2,65.0,61-75,2016,America-MG,Botafogo-RJ,True
5630,27,Athletico-PR,Thiago Heleno,78,Normal,78,0,2,78.0,76-90,2016,Athletico-PR,Ponte Preta,True
5630,27,Athletico-PR,Thiago Heleno,45+2,Penalty,45,2,1,45.02,45+,2016,Athletico-PR,Ponte Preta,True
5630,27,Athletico-PR,Leonardo Moreira Morais,67,Normal,67,0,2,67.0,61-75,2016,Athletico-PR,Ponte Preta,True
5631,27,Figueirense,Danny Morais,60,Gol Contra,60,0,2,60.0,46-60,2016,Figueirense,Santa Cruz,True
5631,27,Santa Cruz,Keno,66,Normal,66,0,2,66.0,61-75,2016,Figueirense,Santa Cruz,False
5631,27,Figueirense,Ayrton Ganino,1,Normal,1,0,1,1.0,0-15,2016,Figueirense,Santa Cruz,True
5631,27,Figueirense,Lins Lima de Brito,38,Normal,38,0,1,38.0,31-45,2016,Figueirense,Santa Cruz,True
5632,27,Vitoria,Lyanco,72,Gol Contra,72,0,2,72.0,61-75,2016,Vitoria,Sao Paulo,True
5632,27,Vitoria,Mário Sérgio Santos Costa,52,Normal,52,0,2,52.0,46-60,2016,Vitoria,Sao Paulo,True
5633,27,Fluminense,Cícero Santos,90+4,Normal,90,4,2,90.04,90+,2016,Corinthians,Fluminense,False
5635,27,Gremio,Pedro Rocha Neves,10,Normal,10,0,1,10.0,0-15,2016,Gremio,Chapecoense,True
5634,27,Flamengo,Federico Mancuello,89,Normal,89,0,2,89.0,76-90,2016,Flamengo,Cruzeiro,True
5634,27,Cruzeiro,Rafael da Silva Francisco,74,Normal,74,0,2,74.0,61-75,2016,Flamengo,Cruzeiro,False
5634,27,Flamengo,Paolo Guerrero,84,Normal,84,0,2,84.0,76-90,2016,Flamengo,Cruzeiro,True
5636,27,Atletico-MG,Clayton da Silveira da Silva,29,Normal,29,0,1,29.0,16-30,2016,Atletico-MG,Internacional,True
5636,27,Atletico-MG,Lucas Pratto,81,Normal,81,0,2,81.0,76-90,2016,Atletico-MG,Internacional,True
5636,27,Internacional,Gustavo Ferrareis,31,Normal,31,0,1,31.0,31-45,2016,Atletico-MG,Internacional,False
5636,27,Atletico-MG,Fred,15,Normal,15,0,1,15.0,0-15,2016,Atletico-MG,Internacional,True
5637,28,Fluminense,Richarlison,66,Normal,66,0,2,66.0,61-75,2016,Fluminense,Sport,True
5637,28,Fluminense,Gustavo Scarpa,87,Normal,87,0,2,87.0,76-90,2016,Fluminense,Sport,True
5637,28,Sport,Gum,11,Gol Contra,11,0,1,11.0,0-15,2016,Fluminense,Sport,False
5637,28,Fluminense,Marcos Júnior,54,Normal,54,0,2,54.0,46-60,2016,Fluminense,Sport,True
5639,28,Vitoria,Zé Love,26,Normal,26,0,1,26.0,16-30,2016,Chapecoense,Vitoria,False
5639,28,Vitoria,Marcelo Machado dos Santos,16,Normal,16,0,1,16.0,16-30,2016,Chapecoense,Vitoria,False
5639,28,Chapecoense,Tiaguinho,55,Normal,55,0,2,55.0,46-60,2016,Chapecoense,Vitoria,True
5639,28,Vitoria,Kieza,40,Normal,40,0,1,40.0,31-45,2016,Chapecoense,Vitoria,False
5639,28,Vitoria,Zé Love,9,Normal,9,0,1,9.0,0-15,2016,Chapecoense,Vitoria,False
5640,28,Santos,Ricardo Oliveira,31,Penalty,31,0,1,31.0,31-45,2016,Santos,Athletico-PR,True
5640,28,Santos,Paulinho,83,Normal,83,0,2,83.0,76-90,2016,Santos,Athletico-PR,True
5641,28,Botafogo-RJ,Neilton Mestzk,24,Normal,24,0,1,24.0,16-30,2016,Botafogo-RJ,Corinthians,True
5641,28,Botafogo-RJ,Diogo Barbosa,38,Normal,38,0,1,38.0,31-45,2016,Botafogo-RJ,Corinthians,True
5642,28,Atletico-MG,Clayton da Silveira da Silva,38,Normal,38,0,1,38.0,31-45,2016,Ponte Preta,Atletico-MG,False
5642,28,Ponte Preta,Roger Rodrigues da Silva,79,Normal,79,0,2,79.0,76-90,2016,Ponte Preta,Atletico-MG,True
5642,28,Atletico-MG,Júnior Urso,16,Normal,16,0,1,16.0,16-30,2016,Ponte Preta,Atletico-MG,False
5643,28,Cruzeiro,Henrique Pacheco Lima,72,Normal,72,0,2,72.0,61-75,2016,Cruzeiro,Gremio,True
5644,28,Internacional,Victor Vinícius Coelho Santos,5,Normal,5,0,1,5.0,0-15,2016,Internacional,Figueirense,True
5645,28,Palmeiras,Zé Roberto,33,Normal,33,0,1,33.0,31-45,2016,Santa Cruz,Palmeiras,False
5645,28,Palmeiras,Leandro,66,Normal,66,0,2,66.0,61-75,2016,Santa Cruz,Palmeiras,False
5645,28,Palmeiras,Róger Guedes,80,Normal,80,0,2,80.0,76-90,2016,Santa Cruz,Palmeiras,False
5645,28,Santa Cruz,Grafite,70,Penalty,70,0,2,70.0,61-75,2016,Santa Cruz,Palmeiras,True
5645,28,Santa Cruz,Arthur Caike do Nascimento Cruz,56,Normal,56,0,2,56.0,46-60,2016,Santa Cruz,Palmeiras,True
5646,28,Coritiba,Juan Maldonado Jaimez Júnior,49,Normal,49,0,2,49.0,46-60,2016,Coritiba,America-MG,True
5646,28,Coritiba,Juan Maldonado Jaimez Júnior,73,Normal,73,0,2,73.0,61-75,2016,Coritiba,America-MG,True
5646,28,Coritiba,Colin Kâzım-Richards,13,Normal,13,0,1,13.0,0-15,2016,Coritiba,America-MG,True
5648,29,Gremio,Jailson Marques Siqueira,53,Normal,53,0,2,53.0,46-60,2016,Vitoria,Gremio,False
5647,29,Chapecoense,Filipe Machado,19,Normal,19,0,1,19.0,16-30,2016,Athletico-PR,Chapecoense,False
5647,29,Athletico-PR,Pablo Felipe Teixeira,84,Normal,84,0,2,84.0,76-90,2016,Athletico-PR,Chapecoense,True
5647,29,Athletico-PR,Matheus Rossetto,88,Normal,88,0,2,88.0,76-90,2016,Athletico-PR,Chapecoense,True
5647,29,Athletico-PR,Hernani Azevedo Junior,42,Penalty,42,0,1,42.0,31-45,2016,Athletico-PR,Chapecoense,True
5650,29,Fluminense,Wellington do Nascimento Silva,64,Normal,64,0,2,64.0,61-75,2016,Santos,Fluminense,False
5650,29,Santos,Jonathan Copete,48,Normal,48,0,2,48.0,46-60,2016,Santos,Fluminense,True
5650,29,Santos,Ricardo Oliveira,80,Normal,80,0,2,80.0,76-90,2016,Santos,Fluminense,True
5651,29,Sport,Diego Souza,43,Normal,43,0,1,43.0,31-45,2016,Sport,Sao Paulo,True
5651,29,Sao Paulo,Thiago Henrique Mendes Ribeiro,25,Normal,25,0,1,25.0,16-30,2016,Sport,Sao Paulo,False
5652,29,Internacional,Victor Vinícius Coelho Santos,87,Penalty,87,0,2,87.0,76-90,2016,Internacional,Coritiba,True
5653,29,Cruzeiro,Róbson Michael Signorini,81,Normal,81,0,2,81.0,76-90,2016,Cruzeiro,Ponte Preta,True
5653,29,Cruzeiro,Ramón Ábila,12,Normal,12,0,1,12.0,0-15,2016,Cruzeiro,Ponte Preta,True
5654,29,Flamengo,Felipe Vizeu,6,Normal,6,0,1,6.0,0-15,2016,Flamengo,Santa Cruz,True
5654,29,Flamengo,Willian Arão,57,Normal,57,0,2,57.0,46-60,2016,Flamengo,Santa Cruz,True
5654,29,Flamengo,Marcelo Cirino da Silva,87,Normal,87,0,2,87.0,76-90,2016,Flamengo,Santa Cruz,True
5655,29,Palmeiras,Danilo Neves,3,Normal,3,0,1,3.0,0-15,2016,America-MG,Palmeiras,False
5655,29,Palmeiras,Alecsandro,88,Normal,88,0,2,88.0,76-90,2016,America-MG,Palmeiras,False
5656,29,Botafogo-RJ,Bruno César Pereira da Silva,90+2,Normal,90,2,2,90.02,90+,2016,Figueirense,Botafogo-RJ,False
5657,30,Chapecoense,Ananias Elói Castro Monteiro,57,Normal,57,0,2,57.0,46-60,2016,Chapecoense,Sport,True
5657,30,Chapecoense,Everton Kempes dos Santos Gonçalves,90,Normal,90,0,2,90.0,76-90,2016,Chapecoense,Sport,True
5657,30,Chapecoense,Thiego,44,Normal,44,0,1,44.0,31-45,2016,Chapecoense,Sport,True
5659,30,Corinthians,Guilherme Milhomem Gusmão,38,Normal,38,0,1,38.0,31-45,2016,Santa Cruz,Corinthians,False
5659,30,Corinthians,Guilherme Milhomem Gusmão,55,Normal,55,0,2,55.0,46-60,2016,Santa Cruz,Corinthians,False
5659,30,Santa Cruz,Grafite,30,Normal,30,0,1,30.0,16-30,2016,Santa Cruz,Corinthians,True
5659,30,Corinthians,Jonathan Marlone,48,Normal,48,0,2,48.0,46-60,2016,Santa Cruz,Corinthians,False
5659,30,Santa Cruz,Keno,81,Normal,81,0,2,81.0,76-90,2016,Santa Cruz,Corinthians,True
5659,30,Corinthians,Lucca Borges de Brito,90+2,Normal,90,2,2,90.02,90+,2016,Santa Cruz,Corinthians,False
5660,30,Botafogo-RJ,Luiz Ricardo Alves,85,Penalty,85,0,2,85.0,76-90,2016,Botafogo-RJ,Internacional,True
5662,30,Ponte Preta,Rhayner,24,Normal,24,0,1,24.0,16-30,2016,Ponte Preta,Vitoria,True
5662,30,Ponte Preta,Wendel Geraldo Maurício e Silva,37,Normal,37,0,1,37.0,31-45,2016,Ponte Preta,Vitoria,True
5663,30,Atletico-MG,Lucas Pratto,85,Normal,85,0,2,85.0,76-90,2016,Atletico-MG,America-MG,True
5663,30,Atletico-MG,Fred,36,Normal,36,0,1,36.0,31-45,2016,Atletico-MG,America-MG,True
5663,30,Atletico-MG,Carlos César Neves,65,Normal,65,0,2,65.0,61-75,2016,Atletico-MG,America-MG,True
5666,30,Gremio,Pedro Rocha Neves,45+2,Normal,45,2,1,45.02,45+,2016,Gremio,Athletico-PR,True
5664,30,Fluminense,Marcos Júnior,47,Normal,47,0,2,47.0,46-60,2016,Fluminense,Flamengo,True
5664,30,Flamengo,Luiz Fernando Pereira da Silva,54,Normal,54,0,2,54.0,46-60,2016,Fluminense,Flamengo,False
5664,30,Flamengo,William Matheus,12,Gol Contra,12,0,1,12.0,0-15,2016,Fluminense,Flamengo,False
5665,30,Santos,Jonathan Copete,46,Normal,46,0,2,46.0,46-60,2016,Sao Paulo,Santos,False
5667,31,Atletico-MG,Fred,51,Normal,51,0,2,51.0,46-60,2016,Botafogo-RJ,Atletico-MG,False
5667,31,Botafogo-RJ,Bruno César Pereira da Silva,5,Normal,5,0,1,5.0,0-15,2016,Botafogo-RJ,Atletico-MG,True
5667,31,Atletico-MG,Leonardo Silva,70,Normal,70,0,2,70.0,61-75,2016,Botafogo-RJ,Atletico-MG,False
5667,31,Botafogo-RJ,Rodrigo Pimpão,35,Normal,35,0,1,35.0,31-45,2016,Botafogo-RJ,Atletico-MG,True
5667,31,Botafogo-RJ,Dudu Cearense,90+1,Normal,90,1,2,90.01,90+,2016,Botafogo-RJ,Atletico-MG,True
5669,31,Athletico-PR,Matheus Rossetto,20,Normal,20,0,1,20.0,16-30,2016,Athletico-PR,Coritiba,True
5669,31,Athletico-PR,Pablo Felipe Teixeira,68,Normal,68,0,2,68.0,61-75,2016,Athletico-PR,Coritiba,True
5670,31,Internacional,Eduardo Sasha,66,Normal,66,0,2,66.0,61-75,2016,Internacional,Flamengo,True
5670,31,Internacional,Victor Vinícius Coelho Santos,81,Normal,81,0,2,81.0,76-90,2016,Internacional,Flamengo,True
5670,31,Flamengo,Réver,57,Normal,57,0,2,57.0,46-60,2016,Internacional,Flamengo,False
5671,31,Palmeiras,Jean Raphael Vanderlei Moreira,84,Normal,84,0,2,84.0,76-90,2016,Figueirense,Palmeiras,False
5671,31,Palmeiras,Jean Raphael Vanderlei Moreira,57,Penalty,57,0,2,57.0,46-60,2016,Figueirense,Palmeiras,False
5671,31,Figueirense,Rafael Silva dos Santos,86,Normal,86,0,2,86.0,76-90,2016,Figueirense,Palmeiras,True
5672,31,Corinthians,Ángel Romero,17,Normal,17,0,1,17.0,16-30,2016,Corinthians,America-MG,True
5672,31,Corinthians,Rodrigo Eduardo Costa Marinho,39,Normal,39,0,1,39.0,31-45,2016,Corinthians,America-MG,True
5673,31,Ponte Preta,Maycon de Andrade Barberan,70,Normal,70,0,2,70.0,61-75,2016,Ponte Preta,Santa Cruz,True
5673,31,Ponte Preta,William Pottker,74,Normal,74,0,2,74.0,61-75,2016,Ponte Preta,Santa Cruz,True
5673,31,Ponte Preta,Roger Rodrigues da Silva,51,Normal,51,0,2,51.0,46-60,2016,Ponte Preta,Santa Cruz,True
5675,31,Sport,Diego Souza,6,Normal,6,0,1,6.0,0-15,2016,Sport,Vitoria,True
5674,31,Santos,Fabián Noguera,21,Normal,21,0,1,21.0,16-30,2016,Santos,Gremio,True
5674,31,Gremio,Everton Sousa Soares,10,Normal,10,0,1,10.0,0-15,2016,Santos,Gremio,False
5676,31,Sao Paulo,Thiago Henrique Mendes Ribeiro,72,Normal,72,0,2,72.0,61-75,2016,Fluminense,Sao Paulo,False
5676,31,Sao Paulo,Rodrigo Caio,81,Normal,81,0,2,81.0,76-90,2016,Fluminense,Sao Paulo,False
5676,31,Fluminense,Wellington Alves da Silva,31,Penalty,31,0,1,31.0,31-45,2016,Fluminense,Sao Paulo,True
5677,32,Botafogo-RJ,Rodrigo Pimpão,87,Normal,87,0,2,87.0,76-90,2016,Santa Cruz,Botafogo-RJ,False
5678,32,Sao Paulo,David Neres Campos,82,Normal,82,0,2,82.0,76-90,2016,Sao Paulo,Ponte Preta,True
5678,32,Sao Paulo,Christian Cueva,11,Penalty,11,0,1,11.0,0-15,2016,Sao Paulo,Ponte Preta,True
5679,32,Corinthians,Rodrigo Eduardo Costa Marinho,45+1,Normal,45,1,1,45.01,45+,2016,Flamengo,Corinthians,False
5679,32,Flamengo,Paolo Guerrero,15,Normal,15,0,1,15.0,0-15,2016,Flamengo,Corinthians,True
5679,32,Flamengo,Paolo Guerrero,59,Normal,59,0,2,59.0,46-60,2016,Flamengo,Corinthians,True
5679,32,Corinthians,Guilherme Milhomem Gusmão,6,Normal,6,0,1,6.0,0-15,2016,Flamengo,Corinthians,False
5680,32,Cruzeiro,Ariel Cabral,40,Normal,40,0,1,40.0,31-45,2016,Vitoria,Cruzeiro,False
5681,32,Sport,José Rogério de Oliveira Melo,32,Normal,32,0,1,32.0,31-45,2016,Palmeiras,Sport,False
5681,32,Palmeiras,Eduardo Pereira Rodrigues,21,Normal,21,0,1,21.0,16-30,2016,Palmeiras,Sport,True
5681,32,Palmeiras,Danilo Neves,45+1,Normal,45,1,1,45.01,45+,2016,Palmeiras,Sport,True
5683,32,Coritiba,Leandro,64,Normal,64,0,2,64.0,61-75,2016,Coritiba,Fluminense,True
5683,32,Fluminense,Gum,15,Normal,15,0,1,15.0,0-15,2016,Coritiba,Fluminense,False
5684,32,Atletico-MG,Júnior Urso,88,Normal,88,0,2,88.0,76-90,2016,Atletico-MG,Figueirense,True
5684,32,Atletico-MG,Fred,90,Normal,90,0,2,90.0,76-90,2016,Atletico-MG,Figueirense,True
5684,32,Atletico-MG,Rómulo Otero,16,Normal,16,0,1,16.0,16-30,2016,Atletico-MG,Figueirense,True
5685,32,Santos,Lucas Rafael Araújo Lima,4,Normal,4,0,1,4.0,0-15,2016,Chapecoense,Santos,False
5686,32,America-MG,Éder Lima dos Santos,85,Normal,85,0,2,85.0,76-90,2016,America-MG,Athletico-PR,True
5687,33,Sport,José Rogério de Oliveira Melo,54,Normal,54,0,2,54.0,46-60,2016,Sport,Ponte Preta,True
5688,33,Fluminense,Cícero Santos,45+3,Normal,45,3,1,45.03,45+,2016,Fluminense,Vitoria,True
5688,33,Fluminense,Richarlison,37,Penalty,37,0,1,37.0,31-45,2016,Fluminense,Vitoria,True
5688,33,Vitoria,Marcelo Machado dos Santos,31,Normal,31,0,1,31.0,31-45,2016,Fluminense,Vitoria,False
5688,33,Vitoria,Mário Sérgio Santos Costa,88,Normal,88,0,2,88.0,76-90,2016,Fluminense,Vitoria,False
5689,33,Atletico-MG,Lucas Pratto,87,Normal,87,0,2,87.0,76-90,2016,Atletico-MG,Flamengo,True
5689,33,Flamengo,Diego Ribas,33,Normal,33,0,1,33.0,31-45,2016,Atletico-MG,Flamengo,False
5689,33,Flamengo,Paolo Guerrero,90,Normal,90,0,2,90.0,76-90,2016,Atletico-MG,Flamengo,False
5689,33,Atletico-MG,Robinho,82,Penalty,82,0,2,82.0,76-90,2016,Atletico-MG,Flamengo,True
5691,33,Chapecoense,Bruno Rangel,84,Penalty,84,0,2,84.0,76-90,2016,Corinthians,Chapecoense,False
5691,33,Corinthians,Giovanni Augusto,74,Penalty,74,0,2,74.0,61-75,2016,Corinthians,Chapecoense,True
5690,33,Athletico-PR,Manoel Messias Silva Carvalho,14,Gol Contra,14,0,1,14.0,0-15,2016,Athletico-PR,Cruzeiro,True
5693,33,Santa Cruz,Léo Moura,32,Normal,32,0,1,32.0,31-45,2016,Internacional,Santa Cruz,False
5693,33,Internacional,Victor Vinícius Coelho Santos,7,Normal,7,0,1,7.0,0-15,2016,Internacional,Santa Cruz,True
5695,33,Santos,Jonathan Copete,67,Normal,67,0,2,67.0,61-75,2016,Santos,Palmeiras,True
5696,33,America-MG,Michael Vinicius Silva de Morais,27,Normal,27,0,1,27.0,16-30,2016,America-MG,Sao Paulo,True
5698,34,Sao Paulo,Andrés Chávez,67,Normal,67,0,2,67.0,61-75,2016,Sao Paulo,Corinthians,True
5698,34,Sao Paulo,Luiz Araújo,90+3,Normal,90,3,2,90.03,90+,2016,Sao Paulo,Corinthians,True
5698,34,Sao Paulo,Christian Cueva,14,Penalty,14,0,1,14.0,0-15,2016,Sao Paulo,Corinthians,True
5698,34,Sao Paulo,David Neres Campos,61,Normal,61,0,2,61.0,61-75,2016,Sao Paulo,Corinthians,True
5699,34,Santos,Ricardo Oliveira,67,Normal,67,0,2,67.0,61-75,2016,Ponte Preta,Santos,False
5699,34,Ponte Preta,William Pottker,22,Penalty,22,0,1,22.0,16-30,2016,Ponte Preta,Santos,True
5699,34,Santos,Jonathan Copete,89,Normal,89,0,2,89.0,76-90,2016,Ponte Preta,Santos,False
5700,34,Santa Cruz,Léo Moura,33,Normal,33,0,1,33.0,31-45,2016,Santa Cruz,America-MG,True
5702,34,Palmeiras,Cleiton Xavier,17,Normal,17,0,1,17.0,16-30,2016,Palmeiras,Internacional,True
5703,34,Vitoria,Mário Sérgio Santos Costa,82,Normal,82,0,2,82.0,76-90,2016,Vitoria,Athletico-PR,True
5703,34,Vitoria,David Corrêa da Fonseca,69,Normal,69,0,2,69.0,61-75,2016,Vitoria,Athletico-PR,True
5703,34,Athletico-PR,Pablo Felipe Teixeira,30,Normal,30,0,1,30.0,16-30,2016,Vitoria,Athletico-PR,False
5703,34,Vitoria,Mário Sérgio Santos Costa,5,Normal,5,0,1,5.0,0-15,2016,Vitoria,Athletico-PR,True
5703,34,Athletico-PR,Pablo Felipe Teixeira,43,Normal,43,0,1,43.0,31-45,2016,Vitoria,Athletico-PR,False
5701,34,Cruzeiro,Alisson Euler de Freitas Castro,51,Normal,51,0,2,51.0,46-60,2016,Cruzeiro,Fluminense,True
5701,34,Fluminense,Ramón Ábila,90+3,Gol Contra,90,3,2,90.03,90+,2016,Cruzeiro,Fluminense,False
5701,34,Cruzeiro,Rafael Sóbis,26,Normal,26,0,1,26.0,16-30,2016,Cruzeiro,Fluminense,True
5701,34,Fluminense,Richarlison,9,Normal,9,0,1,9.0,0-15,2016,Cruzeiro,Fluminense,False
5701,34,Cruzeiro,Willian Gomes de Siqueira,45,Normal,45,0,1,45.0,31-45,2016,Cruzeiro,Fluminense,True
5701,34,Cruzeiro,Giorgian De Arrascaeta,46,Normal,46,0,2,46.0,46-60,2016,Cruzeiro,Fluminense,True
5704,34,Coritiba,Raphael Cavalcante Veiga,53,Normal,53,0,2,53.0,46-60,2016,Coritiba,Atletico-MG,True
5704,34,Coritiba,Kléber,90+3,Penalty,90,3,2,90.03,90+,2016,Coritiba,Atletico-MG,True
5705,34,Chapecoense,Everton Kempes dos Santos Gonçalves,76,Normal,76,0,2,76.0,76-90,2016,Chapecoense,Figueirense,True
5706,34,Sport,José Rogério de Oliveira Melo,47,Normal,47,0,2,47.0,46-60,2016,Gremio,Sport,False
5706,34,Sport,Diego Souza,45,Normal,45,0,1,45.0,31-45,2016,Gremio,Sport,False
5706,34,Sport,Diego Souza,90,Normal,90,0,2,90.0,76-90,2016,Gremio,Sport,False
5707,35,Athletico-PR,Hernani Azevedo Junior,62,Penalty,62,0,2,62.0,61-75,2016,Fluminense,Athletico-PR,False
5707,35,Fluminense,Cícero Santos,29,Normal,29,0,1,29.0,16-30,2016,Fluminense,Athletico-PR,True
5708,35,Chapecoense,Everton Kempes dos Santos Gonçalves,33,Normal,33,0,1,33.0,31-45,2016,Botafogo-RJ,Chapecoense,False
5708,35,Chapecoense,Sérgio Manoel Barbosa Santos,65,Normal,65,0,2,65.0,61-75,2016,Botafogo-RJ,Chapecoense,False
5709,35,Coritiba,Leandro,75,Normal,75,0,2,75.0,61-75,2016,Coritiba,Santa Cruz,True
5710,35,Cruzeiro,Henrique Pacheco Lima,43,Normal,43,0,1,43.0,31-45,2016,Sport,Cruzeiro,False
5711,35,Flamengo,Éverton Cardoso da Silva,33,Normal,33,0,1,33.0,31-45,2016,America-MG,Flamengo,False
5712,35,Corinthians,Guilherme Camacho,44,Normal,44,0,1,44.0,31-45,2016,Figueirense,Corinthians,False
5712,35,Figueirense,Rafael Moura,90+3,Normal,90,3,2,90.03,90+,2016,Figueirense,Corinthians,True
5713,35,Santos,Jonathan Copete,35,Normal,35,0,1,35.0,31-45,2016,Santos,Vitoria,True
5713,35,Santos,Ricardo Oliveira,68,Penalty,68,0,2,68.0,61-75,2016,Santos,Vitoria,True
5713,35,Santos,Jonathan Copete,84,Normal,84,0,2,84.0,76-90,2016,Santos,Vitoria,True
5713,35,Vitoria,Mário Sérgio Santos Costa,62,Penalty,62,0,2,62.0,61-75,2016,Santos,Vitoria,False
5713,35,Vitoria,Serginho,90+3,Normal,90,3,2,90.03,90+,2016,Santos,Vitoria,False
5714,35,Sao Paulo,Andrés Chávez,12,Normal,12,0,1,12.0,0-15,2016,Sao Paulo,Gremio,True
5714,35,Gremio,Ramiro Moschen Benetti,66,Normal,66,0,2,66.0,61-75,2016,Sao Paulo,Gremio,False
5715,35,Internacional,Valdívia,13,Normal,13,0,1,13.0,0-15,2016,Internacional,Ponte Preta,True
5715,35,Ponte Preta,Antonio Carlos Capocasali,57,Normal,57,0,2,57.0,46-60,2016,Internacional,Ponte Preta,False
5716,35,Atletico-MG,Lucas Pratto,59,Normal,59,0,2,59.0,46-60,2016,Atletico-MG,Palmeiras,True
5716,35,Palmeiras,Gabriel Jesus,27,Normal,27,0,1,27.0,16-30,2016,Atletico-MG,Palmeiras,False
5717,36,Vitoria,Kieza,57,Normal,57,0,2,57.0,46-60,2016,Vitoria,Figueirense,True
5717,36,Vitoria,Mário Sérgio Santos Costa,61,Normal,61,0,2,61.0,61-75,2016,Vitoria,Figueirense,True
5717,36,Vitoria,Willian Farias,23,Normal,23,0,1,23.0,16-30,2016,Vitoria,Figueirense,True
5717,36,Vitoria,Zé Love,46,Normal,46,0,2,46.0,46-60,2016,Vitoria,Figueirense,True
5718,36,Santos,Ricardo Oliveira,48,Normal,48,0,2,48.0,46-60,2016,Cruzeiro,Santos,False
5718,36,Cruzeiro,Giorgian De Arrascaeta,22,Normal,22,0,1,22.0,16-30,2016,Cruzeiro,Santos,True
5718,36,Cruzeiro,Manoel Messias Silva Carvalho,89,Normal,89,0,2,89.0,76-90,2016,Cruzeiro,Santos,True
5718,36,Santos,Ricardo Oliveira,62,Penalty,62,0,2,62.0,61-75,2016,Cruzeiro,Santos,False
5719,36,Palmeiras,Eduardo Pereira Rodrigues,63,Normal,63,0,2,63.0,61-75,2016,Palmeiras,Botafogo-RJ,True
5721,36,Gremio,Negueba,25,Normal,25,0,1,25.0,16-30,2016,Gremio,America-MG,True
5721,36,Gremio,Miller Bolaños,65,Normal,65,0,2,65.0,61-75,2016,Gremio,America-MG,True
5721,36,Gremio,Fred,11,Normal,11,0,1,11.0,0-15,2016,Gremio,America-MG,True
5722,36,Ponte Preta,Wendel Geraldo Maurício e Silva,42,Normal,42,0,1,42.0,31-45,2016,Ponte Preta,Fluminense,True
5720,36,Athletico-PR,Thiago Heleno,35,Penalty,35,0,1,35.0,31-45,2016,Athletico-PR,Sport,True
5720,36,Athletico-PR,André Lima,22,Normal,22,0,1,22.0,16-30,2016,Athletico-PR,Sport,True
5723,36,Flamengo,Diego Ribas,29,Normal,29,0,1,29.0,16-30,2016,Flamengo,Coritiba,True
5723,36,Coritiba,Willian José de Souza,43,Normal,43,0,1,43.0,31-45,2016,Flamengo,Coritiba,False
5723,36,Coritiba,Kléber,88,Normal,88,0,2,88.0,76-90,2016,Flamengo,Coritiba,False
5723,36,Flamengo,Gabriel Santana,2,Normal,2,0,1,2.0,0-15,2016,Flamengo,Coritiba,True
5724,36,Chapecoense,Tiaguinho,45+1,Normal,45,1,1,45.01,45+,2016,Chapecoense,Sao Paulo,True
5724,36,Chapecoense,Dener Assunção Braz,39,Normal,39,0,1,39.0,31-45,2016,Chapecoense,Sao Paulo,True
5725,36,Atletico-MG,Clayton da Silveira da Silva,55,Normal,55,0,2,55.0,46-60,2016,Santa Cruz,Atletico-MG,False
5725,36,Santa Cruz,Keno,31,Normal,31,0,1,31.0,31-45,2016,Santa Cruz,Atletico-MG,True
5725,36,Atletico-MG,Hyuri,80,Normal,80,0,2,80.0,76-90,2016,Santa Cruz,Atletico-MG,False
5725,36,Santa Cruz,Grafite,14,Penalty,14,0,1,14.0,0-15,2016,Santa Cruz,Atletico-MG,True
5725,36,Santa Cruz,Cícero Vítor dos Santos Júnior,59,Normal,59,0,2,59.0,46-60,2016,Santa Cruz,Atletico-MG,True
5725,36,Atletico-MG,Fred,6,Normal,6,0,1,6.0,0-15,2016,Santa Cruz,Atletico-MG,False
5726,36,Corinthians,Jonathan Marlone,56,Penalty,56,0,2,56.0,46-60,2016,Corinthians,Internacional,True
5728,37,Botafogo-RJ,Luiz Ricardo Alves,17,Normal,17,0,1,17.0,16-30,2016,Botafogo-RJ,Ponte Preta,True
5728,37,Ponte Preta,William Pottker,66,Normal,66,0,2,66.0,61-75,2016,Botafogo-RJ,Ponte Preta,False
5727,37,Sport,Rodney Wallace,12,Normal,12,0,1,12.0,0-15,2016,America-MG,Sport,False
5727,37,Sport,Ronaldo Alves,80,Normal,80,0,2,80.0,76-90,2016,America-MG,Sport,False
5727,37,America-MG,Danilo Barcelos,53,Normal,53,0,2,53.0,46-60,2016,America-MG,Sport,True
5727,37,America-MG,Michael Vinicius Silva de Morais,64,Normal,64,0,2,64.0,61-75,2016,America-MG,Sport,True
5733,37,Internacional,Valdívia,75,Normal,75,0,2,75.0,61-75,2016,Internacional,Cruzeiro,True
5730,37,Atletico-MG,Hyuri,23,Normal,23,0,1,23.0,16-30,2016,Atletico-MG,Sao Paulo,True
5730,37,Sao Paulo,Maicon Pereira Roque,25,Normal,25,0,1,25.0,16-30,2016,Atletico-MG,Sao Paulo,False
5730,37,Sao Paulo,Gilberto Oliveira Souza Junior,90+1,Normal,90,1,2,90.01,90+,2016,Atletico-MG,Sao Paulo,False
5732,37,Flamengo,Paolo Guerrero,5,Normal,5,0,1,5.0,0-15,2016,Flamengo,Santos,True
5732,37,Flamengo,Diego Ribas,87,Normal,87,0,2,87.0,76-90,2016,Flamengo,Santos,True
5731,37,Palmeiras,Fabiano,26,Normal,26,0,1,26.0,16-30,2016,Palmeiras,Chapecoense,True
5735,37,Santa Cruz,Grafite,49,Normal,49,0,2,49.0,46-60,2016,Santa Cruz,Gremio,True
5735,37,Santa Cruz,Arthur Caike do Nascimento Cruz,90,Normal,90,0,2,90.0,76-90,2016,Santa Cruz,Gremio,True
5735,37,Santa Cruz,Grafite,88,Normal,88,0,2,88.0,76-90,2016,Santa Cruz,Gremio,True
5735,37,Gremio,Miller Bolaños,53,Normal,53,0,2,53.0,46-60,2016,Santa Cruz,Gremio,False
5735,37,Santa Cruz,Léo Moura,61,Normal,61,0,2,61.0,61-75,2016,Santa Cruz,Gremio,True
5735,37,Santa Cruz,Roberto Heuchayer,86,Normal,86,0,2,86.0,76-90,2016,Santa Cruz,Gremio,True
5734,37,Figueirense,Marcos Roberto da Silva Barbosa,18,Normal,18,0,1,18.0,16-30,2016,Figueirense,Fluminense,True
5736,37,Vitoria,Mário Sérgio Santos Costa,11,Normal,11,0,1,11.0,0-15,2016,Coritiba,Vitoria,False
5741,38,Cruzeiro,Giorgian De Arrascaeta,24,Normal,24,0,1,24.0,16-30,2016,Cruzeiro,Corinthians,True
5741,38,Corinthians,Jonathan Marlone,55,Normal,55,0,2,55.0,46-60,2016,Cruzeiro,Corinthians,False
5741,38,Cruzeiro,Ezequiel,57,Normal,57,0,2,57.0,46-60,2016,Cruzeiro,Corinthians,True
5741,38,Cruzeiro,Róbson Michael Signorini,59,Normal,59,0,2,59.0,46-60,2016,Cruzeiro,Corinthians,True
5741,38,Corinthians,Guilherme Milhomem Gusmão,8,Normal,8,0,1,8.0,0-15,2016,Cruzeiro,Corinthians,False
5738,38,Fluminense,Douglas Augusto Soares Gomes,72,Normal,72,0,2,72.0,61-75,2016,Fluminense,Internacional,True
5738,38,Internacional,Gustavo Ferrareis,88,Normal,88,0,2,88.0,76-90,2016,Fluminense,Internacional,False
5739,38,Botafogo-RJ,Bruno César Pereira da Silva,17,Normal,17,0,1,17.0,16-30,2016,Gremio,Botafogo-RJ,False
5740,38,Sao Paulo,Gilberto Oliveira Souza Junior,30,Normal,30,0,1,30.0,16-30,2016,Sao Paulo,Santa Cruz,True
5740,38,Sao Paulo,Andrés Chávez,58,Normal,58,0,2,58.0,46-60,2016,Sao Paulo,Santa Cruz,True
5740,38,Sao Paulo,Andrés Chávez,73,Normal,73,0,2,73.0,61-75,2016,Sao Paulo,Santa Cruz,True
5740,38,Sao Paulo,David Neres Campos,1,Normal,1,0,1,1.0,0-15,2016,Sao Paulo,Santa Cruz,True
5740,38,Sao Paulo,Luiz Araújo,82,Normal,82,0,2,82.0,76-90,2016,Sao Paulo,Santa Cruz,True
5744,38,Palmeiras,Gabriel Girotto Franco,16,Normal,16,0,1,16.0,16-30,2016,Vitoria,Palmeiras,False
5744,38,Palmeiras,Alecsandro,45+1,Normal,45,1,1,45.01,45+,2016,Vitoria,Palmeiras,False
5744,38,Vitoria,Mário Sérgio Santos Costa,13,Normal,13,0,1,13.0,0-15,2016,Vitoria,Palmeiras,True
5745,38,Ponte Preta,Ravanelli Ferreira dos Santos,65,Normal,65,0,2,65.0,61-75,2016,Ponte Preta,Coritiba,True
5745,38,Ponte Preta,William Pottker,60,Penalty,60,0,2,60.0,46-60,2016,Ponte Preta,Coritiba,True
5737,38,Santos,Ricardo Oliveira,49,Normal,49,0,2,49.0,46-60,2016,Santos,America-MG,True
5742,38,Sport,José Rogério de Oliveira Melo,47,Normal,47,0,2,47.0,46-60,2016,Sport,Figueirense,True
5742,38,Sport,Diego Souza,89,Normal,89,0,2,89.0,76-90,2016,Sport,Figueirense,True
5746,1,Atletico-MG,Elias Mendes Trindade,59,Normal,59,0,2,59.0,46-60,2017,Flamengo,Atletico-MG,False
5746,1,Flamengo,Matheus Sávio,24,Normal,24,0,1,24.0,16-30,2017,Flamengo,Atletico-MG,True
5747,1,Corinthians,Jô,22,Normal,22,0,1,22.0,16-30,2017,Corinthians,Chapecoense,True
5747,1,Chapecoense,Wellington Paulista,56,Normal,56,0,2,56.0,46-60,2017,Corinthians,Chapecoense,False
5748,1,Fluminense,Junior Sornoza,58,Normal,58,0,2,58.0,46-60,2017,Fluminense,Santos,True
5748,1,Fluminense,Henrique Dourado,45+3,Penalty,45,3,1,45.03,45+,2017,Fluminense,Santos,True
5748,1,Santos,Victor Ferraz,39,Normal,39,0,1,39.0,31-45,2017,Fluminense,Santos,False
5748,1,Santos,Vladimir Hernández,87,Normal,87,0,2,87.0,76-90,2017,Fluminense,Santos,False
5748,1,Fluminense,Henrique Dourado,4,Normal,4,0,1,4.0,0-15,2017,Fluminense,Santos,True
5749,1,Cruzeiro,Ramón Ábila,48,Normal,48,0,2,48.0,46-60,2017,Cruzeiro,Sao Paulo,True
5751,1,Ponte Preta,Lucca Borges de Brito,40,Normal,40,0,1,40.0,31-45,2017,Ponte Preta,Sport,True
5751,1,Ponte Preta,Clayson Henrique da Silva Vieira,73,Penalty,73,0,2,73.0,61-75,2017,Ponte Preta,Sport,True
5751,1,Ponte Preta,Nino Paraíba,45,Normal,45,0,1,45.0,31-45,2017,Ponte Preta,Sport,True
5751,1,Ponte Preta,Clayson Henrique da Silva Vieira,90+2,Normal,90,2,2,90.02,90+,2017,Ponte Preta,Sport,True
5750,1,Bahia,Tiago Pagnussat,33,Normal,33,0,1,33.0,31-45,2017,Bahia,Athletico-PR,True
5750,1,Bahia,Edigar Junio,44,Normal,44,0,1,44.0,31-45,2017,Bahia,Athletico-PR,True
5750,1,Bahia,José Rafael Vivian,40,Normal,40,0,1,40.0,31-45,2017,Bahia,Athletico-PR,True
5750,1,Bahia,Edson Felipe da Cruz,72,Normal,72,0,2,72.0,61-75,2017,Bahia,Athletico-PR,True
5750,1,Bahia,Régis,42,Normal,42,0,1,42.0,31-45,2017,Bahia,Athletico-PR,True
5750,1,Athletico-PR,Guilherme Milhomem Gusmão,15,Normal,15,0,1,15.0,0-15,2017,Bahia,Athletico-PR,False
5750,1,Bahia,Régis,45+2,Normal,45,2,1,45.02,45+,2017,Bahia,Athletico-PR,True
5750,1,Athletico-PR,Marcos do Nascimento Teixeira,38,Normal,38,0,1,38.0,31-45,2017,Bahia,Athletico-PR,False
5753,1,Palmeiras,Miguel Borja,46,Normal,46,0,2,46.0,46-60,2017,Palmeiras,Vasco,True
5753,1,Palmeiras,Jean Raphael Vanderlei Moreira,6,Penalty,6,0,1,6.0,0-15,2017,Palmeiras,Vasco,True
5753,1,Palmeiras,Miguel Borja,80,Penalty,80,0,2,80.0,76-90,2017,Palmeiras,Vasco,True
5753,1,Palmeiras,Alejandro Guerra,41,Normal,41,0,1,41.0,31-45,2017,Palmeiras,Vasco,True
5754,1,Gremio,Ramiro Moschen Benetti,45+1,Normal,45,1,1,45.01,45+,2017,Gremio,Botafogo-RJ,True
5754,1,Gremio,Ramiro Moschen Benetti,54,Normal,54,0,2,54.0,46-60,2017,Gremio,Botafogo-RJ,True
5755,1,Coritiba,Neto Berola,35,Normal,35,0,1,35.0,31-45,2017,Coritiba,Atletico-GO,True
5755,1,Coritiba,Tomas Almino da Silva Bastos,66,Normal,66,0,2,66.0,61-75,2017,Coritiba,Atletico-GO,True
5755,1,Coritiba,Tomas Almino da Silva Bastos,71,Normal,71,0,2,71.0,61-75,2017,Coritiba,Atletico-GO,True
5755,1,Coritiba,Henrique Almeida,32,Normal,32,0,1,32.0,31-45,2017,Coritiba,Atletico-GO,True
5755,1,Atletico-GO,Walter Henrique da Silva,63,Normal,63,0,2,63.0,61-75,2017,Coritiba,Atletico-GO,False
5756,2,Santos,David Braz,7,Normal,7,0,1,7.0,0-15,2017,Santos,Coritiba,True
5757,2,Flamengo,Éverton Cardoso da Silva,40,Normal,40,0,1,40.0,31-45,2017,Atletico-GO,Flamengo,False
5757,2,Flamengo,Leandro Damião,50,Normal,50,0,2,50.0,46-60,2017,Atletico-GO,Flamengo,False
5757,2,Flamengo,Rodinei de Almeida,64,Normal,64,0,2,64.0,61-75,2017,Atletico-GO,Flamengo,False
5758,2,Chapecoense,Luiz Antônio de Souza Soares,73,Normal,73,0,2,73.0,61-75,2017,Chapecoense,Palmeiras,True
5759,2,Vasco,Yago Pikachu,54,Normal,54,0,2,54.0,46-60,2017,Vasco,Bahia,True
5759,2,Vasco,Luís Fabiano,75,Normal,75,0,2,75.0,61-75,2017,Vasco,Bahia,True
5759,2,Bahia,Gustavo,83,Normal,83,0,2,83.0,76-90,2017,Vasco,Bahia,False
5761,2,Corinthians,Jô,75,Normal,75,0,2,75.0,61-75,2017,Vitoria,Corinthians,False
5760,2,Gremio,Luan Guilherme de Jesus Vieira,46,Normal,46,0,2,46.0,46-60,2017,Athletico-PR,Gremio,False
5760,2,Gremio,Lucas Barrios,59,Normal,59,0,2,59.0,46-60,2017,Athletico-PR,Gremio,False
5762,2,Fluminense,Henrique Dourado,36,Penalty,36,0,1,36.0,31-45,2017,Atletico-MG,Fluminense,False
5762,2,Fluminense,Richarlison,38,Normal,38,0,1,38.0,31-45,2017,Atletico-MG,Fluminense,False
5762,2,Atletico-MG,Gabriel Costa França,40,Normal,40,0,1,40.0,31-45,2017,Atletico-MG,Fluminense,True
5763,2,Botafogo-RJ,Bruno César Pereira da Silva,21,Normal,21,0,1,21.0,16-30,2017,Botafogo-RJ,Ponte Preta,True
5763,2,Botafogo-RJ,Rodrigo Lindoso,65,Normal,65,0,2,65.0,61-75,2017,Botafogo-RJ,Ponte Preta,True
5764,2,Sport,Diego Souza,34,Penalty,34,0,1,34.0,31-45,2017,Sport,Cruzeiro,True
5764,2,Cruzeiro,Alisson Euler de Freitas Castro,20,Normal,20,0,1,20.0,16-30,2017,Sport,Cruzeiro,False
5765,2,Sao Paulo,Lucas Pratto,11,Normal,11,0,1,11.0,0-15,2017,Sao Paulo,Avai,True
5765,2,Sao Paulo,Luiz Araújo,90+1,Normal,90,1,2,90.01,90+,2017,Sao Paulo,Avai,True
5766,3,Vasco,Nenê,90+3,Normal,90,3,2,90.03,90+,2017,Vasco,Fluminense,True
5766,3,Fluminense,Henrique Dourado,59,Penalty,59,0,2,59.0,46-60,2017,Vasco,Fluminense,False
5766,3,Vasco,Luís Fabiano,26,Normal,26,0,1,26.0,16-30,2017,Vasco,Fluminense,True
5766,3,Fluminense,Henrique Dourado,65,Penalty,65,0,2,65.0,61-75,2017,Vasco,Fluminense,False
5766,3,Vasco,Andrés Escobar,75,Normal,75,0,2,75.0,61-75,2017,Vasco,Fluminense,True
5767,3,Sao Paulo,Lucas Pratto,62,Normal,62,0,2,62.0,61-75,2017,Sao Paulo,Palmeiras,True
5767,3,Sao Paulo,Luiz Araújo,83,Normal,83,0,2,83.0,76-90,2017,Sao Paulo,Palmeiras,True
5768,3,Coritiba,Rildo de Andrade Felicissimo,71,Normal,71,0,2,71.0,61-75,2017,Vitoria,Coritiba,False
5769,3,Atletico-MG,Robinho,36,Normal,36,0,1,36.0,31-45,2017,Atletico-MG,Ponte Preta,True
5769,3,Atletico-MG,Rafael Moura,80,Normal,80,0,2,80.0,76-90,2017,Atletico-MG,Ponte Preta,True
5769,3,Ponte Preta,Lucca Borges de Brito,48,Normal,48,0,2,48.0,46-60,2017,Atletico-MG,Ponte Preta,False
5769,3,Ponte Preta,Lucca Borges de Brito,50,Normal,50,0,2,50.0,46-60,2017,Atletico-MG,Ponte Preta,False
5770,3,Athletico-PR,Thiago Heleno,56,Normal,56,0,2,56.0,46-60,2017,Athletico-PR,Flamengo,True
5770,3,Flamengo,Federico Mancuello,25,Normal,25,0,1,25.0,16-30,2017,Athletico-PR,Flamengo,False
5772,3,Corinthians,Rodrigo Eduardo Costa Marinho,27,Normal,27,0,1,27.0,16-30,2017,Atletico-GO,Corinthians,False
5771,3,Cruzeiro,Thiago Neves,83,Normal,83,0,2,83.0,76-90,2017,Santos,Cruzeiro,False
5773,3,Gremio,Luiz Fernando Pereira da Silva,87,Penalty,87,0,2,87.0,76-90,2017,Sport,Gremio,False
5773,3,Sport,André Felipe Ribeiro de Souza,34,Normal,34,0,1,34.0,31-45,2017,Sport,Gremio,True
5773,3,Gremio,Luiz Fernando Pereira da Silva,5,Normal,5,0,1,5.0,0-15,2017,Sport,Gremio,False
5773,3,Sport,André Felipe Ribeiro de Souza,74,Normal,74,0,2,74.0,61-75,2017,Sport,Gremio,True
5773,3,Gremio,Rafael Thyere de Albuquerque Marques,17,Normal,17,0,1,17.0,16-30,2017,Sport,Gremio,False
5773,3,Sport,André Felipe Ribeiro de Souza,84,Normal,84,0,2,84.0,76-90,2017,Sport,Gremio,True
5773,3,Sport,Matheus Ferraz Pereira,64,Normal,64,0,2,64.0,61-75,2017,Sport,Gremio,True
5774,3,Botafogo-RJ,Bruno César Pereira da Silva,44,Normal,44,0,1,44.0,31-45,2017,Botafogo-RJ,Bahia,True
5775,3,Chapecoense,Reinaldo Manoel da Silva,38,Normal,38,0,1,38.0,31-45,2017,Chapecoense,Avai,True
5775,3,Chapecoense,Wellington Paulista,17,Normal,17,0,1,17.0,16-30,2017,Chapecoense,Avai,True
5776,4,Coritiba,Marcio,61,Normal,61,0,2,61.0,61-75,2017,Coritiba,Athletico-PR,True
5777,4,Vitoria,Kieza,65,Normal,65,0,2,65.0,61-75,2017,Fluminense,Vitoria,False
5777,4,Fluminense,Richarlison,32,Normal,32,0,1,32.0,31-45,2017,Fluminense,Vitoria,True
5777,4,Fluminense,Henrique Dourado,49,Normal,49,0,2,49.0,46-60,2017,Fluminense,Vitoria,True
5778,4,Corinthians,Ángel Romero,69,Normal,69,0,2,69.0,61-75,2017,Corinthians,Santos,True
5778,4,Corinthians,Jô,75,Normal,75,0,2,75.0,61-75,2017,Corinthians,Santos,True
5780,4,Avai,Rômulo,33,Normal,33,0,1,33.0,31-45,2017,Avai,Sport,True
5783,4,Gremio,Luan Guilherme de Jesus Vieira,90+3,Normal,90,3,2,90.03,90+,2017,Gremio,Vasco,True
5783,4,Gremio,Lucas Barrios,38,Penalty,38,0,1,38.0,31-45,2017,Gremio,Vasco,True
5782,4,Ponte Preta,Lucca Borges de Brito,51,Normal,51,0,2,51.0,46-60,2017,Ponte Preta,Sao Paulo,True
5784,4,Chapecoense,Wellington Paulista,27,Normal,27,0,1,27.0,16-30,2017,Cruzeiro,Chapecoense,False
5784,4,Chapecoense,Douglas Grolli,47,Normal,47,0,2,47.0,46-60,2017,Cruzeiro,Chapecoense,False
5785,4,Bahia,Renê Júnior,16,Normal,16,0,1,16.0,16-30,2017,Bahia,Atletico-GO,True
5785,4,Bahia,Vinícius,41,Normal,41,0,1,41.0,31-45,2017,Bahia,Atletico-GO,True
5785,4,Bahia,Gustavo Ferrareis,73,Normal,73,0,2,73.0,61-75,2017,Bahia,Atletico-GO,True
5786,5,Athletico-PR,Pablo Felipe Teixeira,8,Normal,8,0,1,8.0,0-15,2017,Fluminense,Athletico-PR,False
5786,5,Fluminense,Reginaldo Manoel da Silva Junior,33,Normal,33,0,1,33.0,31-45,2017,Fluminense,Athletico-PR,True
5787,5,Atletico-MG,Fred,16,Normal,16,0,1,16.0,16-30,2017,Atletico-MG,Avai,True
5788,5,Coritiba,Matheus Galdezani,51,Normal,51,0,2,51.0,46-60,2017,Coritiba,Palmeiras,True
5789,5,Santos,Victor Ferraz,90+6,Normal,90,6,2,90.06,90+,2017,Santos,Botafogo-RJ,True
5790,5,Vasco,Luís Fabiano,46,Normal,46,0,2,46.0,46-60,2017,Vasco,Corinthians,True
5790,5,Corinthians,Maycon de Andrade Barberan,58,Normal,58,0,2,58.0,46-60,2017,Vasco,Corinthians,False
5790,5,Vasco,Luís Fabiano,48,Normal,48,0,2,48.0,46-60,2017,Vasco,Corinthians,True
5790,5,Corinthians,Clayton da Silveira da Silva,84,Normal,84,0,2,84.0,76-90,2017,Vasco,Corinthians,False
5790,5,Corinthians,Marquinhos,3,Normal,3,0,1,3.0,0-15,2017,Vasco,Corinthians,False
5790,5,Corinthians,Clayton da Silveira da Silva,90+2,Normal,90,2,2,90.02,90+,2017,Vasco,Corinthians,False
5790,5,Corinthians,Jô,39,Normal,39,0,1,39.0,31-45,2017,Vasco,Corinthians,False
5791,5,Sport,Thomás Jaguaribe Bedinelli,84,Normal,84,0,2,84.0,76-90,2017,Sport,Flamengo,True
5791,5,Sport,Osvaldo Filho,56,Normal,56,0,2,56.0,46-60,2017,Sport,Flamengo,True
5792,5,Atletico-GO,Everaldo Stum,37,Normal,37,0,1,37.0,31-45,2017,Atletico-GO,Ponte Preta,True
5792,5,Atletico-GO,Luiz Fernando Moraes dos Santos,77,Normal,77,0,2,77.0,76-90,2017,Atletico-GO,Ponte Preta,True
5792,5,Atletico-GO,Everaldo Stum,45,Penalty,45,0,1,45.0,31-45,2017,Atletico-GO,Ponte Preta,True
5793,5,Sao Paulo,Lucas Pratto,90+3,Normal,90,3,2,90.03,90+,2017,Sao Paulo,Vitoria,True
5793,5,Sao Paulo,Antonio Thomaz Santos de Barros,64,Normal,64,0,2,64.0,61-75,2017,Sao Paulo,Vitoria,True
5794,5,Gremio,Michel Ferreira dos Santos,27,Normal,27,0,1,27.0,16-30,2017,Chapecoense,Gremio,False
5794,5,Gremio,Luan Guilherme de Jesus Vieira,90+1,Normal,90,1,2,90.01,90+,2017,Chapecoense,Gremio,False
5794,5,Chapecoense,Luiz Antônio de Souza Soares,34,Normal,34,0,1,34.0,31-45,2017,Chapecoense,Gremio,True
5794,5,Gremio,Everton Sousa Soares,60,Normal,60,0,2,60.0,46-60,2017,Chapecoense,Gremio,False
5794,5,Chapecoense,Arthur Caike do Nascimento Cruz,90,Normal,90,0,2,90.0,76-90,2017,Chapecoense,Gremio,True
5794,5,Gremio,Everton Sousa Soares,61,Normal,61,0,2,61.0,61-75,2017,Chapecoense,Gremio,False
5794,5,Gremio,Michel Ferreira dos Santos,21,Normal,21,0,1,21.0,16-30,2017,Chapecoense,Gremio,False
5794,5,Gremio,Everton Sousa Soares,81,Normal,81,0,2,81.0,76-90,2017,Chapecoense,Gremio,False
5794,5,Chapecoense,Reinaldo Manoel da Silva,73,Penalty,73,0,2,73.0,61-75,2017,Chapecoense,Gremio,True
5795,5,Bahia,Edigar Junio,18,Normal,18,0,1,18.0,16-30,2017,Bahia,Cruzeiro,True
5796,6,Palmeiras,Róger Guedes,90+4,Normal,90,4,2,90.04,90+,2017,Palmeiras,Fluminense,True
5796,6,Fluminense,Henrique Dourado,18,Normal,18,0,1,18.0,16-30,2017,Palmeiras,Fluminense,False
5796,6,Palmeiras,Alejandro Guerra,10,Normal,10,0,1,10.0,0-15,2017,Palmeiras,Fluminense,True
5796,6,Palmeiras,Keno,41,Normal,41,0,1,41.0,31-45,2017,Palmeiras,Fluminense,True
5797,6,Sport,André Felipe Ribeiro de Souza,90+4,Penalty,90,4,2,90.04,90+,2017,Vasco,Sport,False
5797,6,Vasco,Luís Fabiano,63,Normal,63,0,2,63.0,61-75,2017,Vasco,Sport,True
5797,6,Vasco,Douglas Luiz,90+1,Normal,90,1,2,90.01,90+,2017,Vasco,Sport,True
5798,6,Botafogo-RJ,Roger Rodrigues da Silva,23,Normal,23,0,1,23.0,16-30,2017,Botafogo-RJ,Coritiba,True
5798,6,Botafogo-RJ,Joel Carli,66,Normal,66,0,2,66.0,61-75,2017,Botafogo-RJ,Coritiba,True
5798,6,Coritiba,Kléber,7,Penalty,7,0,1,7.0,0-15,2017,Botafogo-RJ,Coritiba,False
5798,6,Coritiba,Henrique Almeida,55,Penalty,55,0,2,55.0,46-60,2017,Botafogo-RJ,Coritiba,False
5799,6,Ponte Preta,Marinaldo dos Santos Oliveira,61,Normal,61,0,2,61.0,61-75,2017,Ponte Preta,Chapecoense,True
5799,6,Chapecoense,Osman,71,Normal,71,0,2,71.0,61-75,2017,Ponte Preta,Chapecoense,False
5799,6,Ponte Preta,Renato Cajá,16,Normal,16,0,1,16.0,16-30,2017,Ponte Preta,Chapecoense,True
5799,6,Chapecoense,Rossicley Pereira da Silva,73,Normal,73,0,2,73.0,61-75,2017,Ponte Preta,Chapecoense,False
5799,6,Ponte Preta,Lucca Borges de Brito,26,Normal,26,0,1,26.0,16-30,2017,Ponte Preta,Chapecoense,True
5802,6,Sao Paulo,Gilberto Oliveira Souza Junior,18,Normal,18,0,1,18.0,16-30,2017,Corinthians,Sao Paulo,False
5802,6,Corinthians,Jadson,63,Penalty,63,0,2,63.0,61-75,2017,Corinthians,Sao Paulo,True
5802,6,Sao Paulo,Wellington Nem,84,Normal,84,0,2,84.0,76-90,2017,Corinthians,Sao Paulo,False
5802,6,Corinthians,Ángel Romero,7,Normal,7,0,1,7.0,0-15,2017,Corinthians,Sao Paulo,True
5802,6,Corinthians,Gabriel Girotto Franco,41,Normal,41,0,1,41.0,31-45,2017,Corinthians,Sao Paulo,True
5801,6,Vitoria,Neilton Mestzk,65,Normal,65,0,2,65.0,61-75,2017,Vitoria,Atletico-MG,True
5801,6,Vitoria,Kieza,20,Penalty,20,0,1,20.0,16-30,2017,Vitoria,Atletico-MG,True
5800,6,Flamengo,Leandro Damião,61,Normal,61,0,2,61.0,61-75,2017,Avai,Flamengo,False
5800,6,Avai,Rômulo,56,Normal,56,0,2,56.0,46-60,2017,Avai,Flamengo,True
5803,6,Cruzeiro,Ramón Ábila,80,Penalty,80,0,2,80.0,76-90,2017,Cruzeiro,Atletico-GO,True
5803,6,Cruzeiro,Ramón Ábila,62,Normal,62,0,2,62.0,61-75,2017,Cruzeiro,Atletico-GO,True
5804,6,Santos,Kayke Moreno,36,Normal,36,0,1,36.0,31-45,2017,Athletico-PR,Santos,False
5804,6,Santos,Kayke Moreno,27,Normal,27,0,1,27.0,16-30,2017,Athletico-PR,Santos,False
5805,6,Gremio,Bruno Cortês,86,Normal,86,0,2,86.0,76-90,2017,Gremio,Bahia,True
5807,7,Avai,Juan Maldonado Jaimez Júnior,25,Normal,25,0,1,25.0,16-30,2017,Atletico-GO,Avai,False
5807,7,Atletico-GO,Everaldo Stum,45+3,Penalty,45,3,1,45.03,45+,2017,Atletico-GO,Avai,True
5807,7,Atletico-GO,Jorginho,17,Normal,17,0,1,17.0,16-30,2017,Atletico-GO,Avai,True
5807,7,Atletico-GO,Everaldo Stum,90+2,Penalty,90,2,2,90.02,90+,2017,Atletico-GO,Avai,True
5806,7,Athletico-PR,Sidcley Ferreira Pereira,90,Normal,90,0,2,90.0,76-90,2017,Atletico-MG,Athletico-PR,False
5808,7,Botafogo-RJ,Bruno César Pereira da Silva,42,Normal,42,0,1,42.0,31-45,2017,Vitoria,Botafogo-RJ,False
5808,7,Vitoria,Gabriel Xavier,50,Normal,50,0,2,50.0,46-60,2017,Vitoria,Botafogo-RJ,True
5808,7,Vitoria,Kieza,76,Normal,76,0,2,76.0,76-90,2017,Vitoria,Botafogo-RJ,True
5808,7,Botafogo-RJ,Bruno César Pereira da Silva,30,Normal,30,0,1,30.0,16-30,2017,Vitoria,Botafogo-RJ,False
5810,7,Flamengo,Réver,45+3,Normal,45,3,1,45.03,45+,2017,Flamengo,Ponte Preta,True
5810,7,Flamengo,Leandro Damião,59,Normal,59,0,2,59.0,46-60,2017,Flamengo,Ponte Preta,True
5812,7,Chapecoense,Andrei Girotto,29,Normal,29,0,1,29.0,16-30,2017,Chapecoense,Vasco,True
5812,7,Chapecoense,Arthur Caike do Nascimento Cruz,61,Normal,61,0,2,61.0,61-75,2017,Chapecoense,Vasco,True
5812,7,Vasco,Jean Carlos de Souza Irmer,41,Normal,41,0,1,41.0,31-45,2017,Chapecoense,Vasco,False
5811,7,Santos,Kayke Moreno,51,Normal,51,0,2,51.0,46-60,2017,Santos,Palmeiras,True
5813,7,Corinthians,Fabián Balbuena,43,Normal,43,0,1,43.0,31-45,2017,Corinthians,Cruzeiro,True
5815,7,Gremio,Edílson Mendes Guimarães,8,Normal,8,0,1,8.0,0-15,2017,Fluminense,Gremio,False
5815,7,Gremio,Luan Guilherme de Jesus Vieira,80,Normal,80,0,2,80.0,76-90,2017,Fluminense,Gremio,False
5816,8,Athletico-PR,Sidcley Ferreira Pereira,4,Normal,4,0,1,4.0,0-15,2017,Atletico-GO,Athletico-PR,False
5817,8,Vasco,Yago Pikachu,20,Normal,20,0,1,20.0,16-30,2017,Vasco,Avai,True
5822,8,Botafogo-RJ,Roger Rodrigues da Silva,29,Normal,29,0,1,29.0,16-30,2017,Chapecoense,Botafogo-RJ,False
5822,8,Botafogo-RJ,Rodrigo Pimpão,54,Normal,54,0,2,54.0,46-60,2017,Chapecoense,Botafogo-RJ,False
5823,8,Atletico-MG,Rafael Moura,81,Normal,81,0,2,81.0,76-90,2017,Sao Paulo,Atletico-MG,False
5823,8,Sao Paulo,Marcio Antonio de Sousa Junior,46,Normal,46,0,2,46.0,46-60,2017,Sao Paulo,Atletico-MG,True
5823,8,Atletico-MG,Juan Cazares,8,Normal,8,0,1,8.0,0-15,2017,Sao Paulo,Atletico-MG,False
5820,8,Bahia,Vinícius,45,Normal,45,0,1,45.0,31-45,2017,Bahia,Palmeiras,True
5820,8,Palmeiras,Willian Gomes de Siqueira,90+2,Normal,90,2,2,90.02,90+,2017,Bahia,Palmeiras,False
5820,8,Palmeiras,Róger Guedes,18,Penalty,18,0,1,18.0,16-30,2017,Bahia,Palmeiras,False
5820,8,Bahia,João Paulo,84,Normal,84,0,2,84.0,76-90,2017,Bahia,Palmeiras,True
5820,8,Palmeiras,Keno,48,Normal,48,0,2,48.0,46-60,2017,Bahia,Palmeiras,False
5820,8,Palmeiras,Yerry Mina,82,Normal,82,0,2,82.0,76-90,2017,Bahia,Palmeiras,False
5821,8,Fluminense,Wendel,36,Normal,36,0,1,36.0,31-45,2017,Fluminense,Flamengo,True
5821,8,Fluminense,Henrique Dourado,81,Penalty,81,0,2,81.0,76-90,2017,Fluminense,Flamengo,True
5821,8,Flamengo,Diego Ribas,55,Normal,55,0,2,55.0,46-60,2017,Fluminense,Flamengo,False
5821,8,Flamengo,Miguel Trauco,90+5,Normal,90,5,2,90.05,90+,2017,Fluminense,Flamengo,False
5824,8,Vitoria,André Lima,79,Normal,79,0,2,79.0,76-90,2017,Sport,Vitoria,False
5824,8,Sport,Diego Souza,45+1,Normal,45,1,1,45.01,45+,2017,Sport,Vitoria,True
5824,8,Vitoria,Uillian Correia,17,Normal,17,0,1,17.0,16-30,2017,Sport,Vitoria,False
5824,8,Vitoria,Antônio Eduardo Pereira dos Santos,38,Normal,38,0,1,38.0,31-45,2017,Sport,Vitoria,False
5825,8,Gremio,Everton Sousa Soares,16,Normal,16,0,1,16.0,16-30,2017,Cruzeiro,Gremio,False
5825,8,Cruzeiro,Thiago Neves,45+1,Normal,45,1,1,45.01,45+,2017,Cruzeiro,Gremio,True
5825,8,Gremio,Michel Ferreira dos Santos,42,Normal,42,0,1,42.0,31-45,2017,Cruzeiro,Gremio,False
5825,8,Cruzeiro,Rafael Sóbis,48,Normal,48,0,2,48.0,46-60,2017,Cruzeiro,Gremio,True
5825,8,Gremio,Ramiro Moschen Benetti,60,Normal,60,0,2,60.0,46-60,2017,Cruzeiro,Gremio,False
5825,8,Cruzeiro,Róbson Michael Signorini,63,Normal,63,0,2,63.0,61-75,2017,Cruzeiro,Gremio,True
5826,9,Santos,Jonathan Copete,77,Normal,77,0,2,77.0,76-90,2017,Vitoria,Santos,False
5826,9,Santos,Jonathan Copete,34,Normal,34,0,1,34.0,31-45,2017,Vitoria,Santos,False
5828,9,Botafogo-RJ,Victor Luis,45+5,Normal,45,5,1,45.05,45+,2017,Botafogo-RJ,Vasco,True
5828,9,Vasco,Caio Monteiro,84,Normal,84,0,2,84.0,76-90,2017,Botafogo-RJ,Vasco,False
5828,9,Botafogo-RJ,Roger Rodrigues da Silva,5,Normal,5,0,1,5.0,0-15,2017,Botafogo-RJ,Vasco,True
5828,9,Botafogo-RJ,Roger Rodrigues da Silva,61,Normal,61,0,2,61.0,61-75,2017,Botafogo-RJ,Vasco,True
5827,9,Palmeiras,Miguel Borja,45+1,Normal,45,1,1,45.01,45+,2017,Palmeiras,Atletico-GO,True
5830,9,Athletico-PR,Wanderson,4,Normal,4,0,1,4.0,0-15,2017,Athletico-PR,Sao Paulo,True
5831,9,Atletico-MG,Felipe Santana,21,Normal,21,0,1,21.0,16-30,2017,Atletico-MG,Sport,True
5831,9,Atletico-MG,Fred,39,Normal,39,0,1,39.0,31-45,2017,Atletico-MG,Sport,True
5831,9,Sport,Diego Souza,64,Penalty,64,0,2,64.0,61-75,2017,Atletico-MG,Sport,False
5831,9,Sport,Osvaldo Filho,16,Normal,16,0,1,16.0,16-30,2017,Atletico-MG,Sport,False
5829,9,Fluminense,Maicon,33,Gol Contra,33,0,1,33.0,31-45,2017,Avai,Fluminense,False
5829,9,Fluminense,Henrique Dourado,29,Normal,29,0,1,29.0,16-30,2017,Avai,Fluminense,False
5829,9,Fluminense,Matheus Mascarenhas,59,Normal,59,0,2,59.0,46-60,2017,Avai,Fluminense,False
5833,9,Ponte Preta,Lucca Borges de Brito,37,Penalty,37,0,1,37.0,31-45,2017,Ponte Preta,Cruzeiro,True
5832,9,Corinthians,Jô,25,Normal,25,0,1,25.0,16-30,2017,Corinthians,Bahia,True
5832,9,Corinthians,Fabián Balbuena,79,Normal,79,0,2,79.0,76-90,2017,Corinthians,Bahia,True
5832,9,Corinthians,Marquinhos,90+3,Normal,90,3,2,90.03,90+,2017,Corinthians,Bahia,True
5834,9,Gremio,Luiz Fernando Pereira da Silva,85,Normal,85,0,2,85.0,76-90,2017,Gremio,Coritiba,True
5834,9,Gremio,Pedro Rocha Neves,10,Normal,10,0,1,10.0,0-15,2017,Gremio,Coritiba,True
5835,9,Flamengo,Paolo Guerrero,75,Normal,75,0,2,75.0,61-75,2017,Flamengo,Chapecoense,True
5835,9,Flamengo,Diego Ribas,14,Normal,14,0,1,14.0,0-15,2017,Flamengo,Chapecoense,True
5835,9,Flamengo,Paolo Guerrero,82,Normal,82,0,2,82.0,76-90,2017,Flamengo,Chapecoense,True
5835,9,Flamengo,Diego Ribas,79,Normal,79,0,2,79.0,76-90,2017,Flamengo,Chapecoense,True
5835,9,Chapecoense,Victor Ramos,56,Normal,56,0,2,56.0,46-60,2017,Flamengo,Chapecoense,False
5835,9,Flamengo,Paolo Guerrero,19,Normal,19,0,1,19.0,16-30,2017,Flamengo,Chapecoense,True
5836,10,Sport,Osvaldo Filho,81,Normal,81,0,2,81.0,76-90,2017,Santos,Sport,False
5837,10,Vasco,Nenê,28,Normal,28,0,1,28.0,16-30,2017,Vasco,Atletico-GO,True
5841,10,Cruzeiro,Thiago Neves,38,Normal,38,0,1,38.0,31-45,2017,Cruzeiro,Coritiba,True
5841,10,Cruzeiro,Rafael Sóbis,65,Normal,65,0,2,65.0,61-75,2017,Cruzeiro,Coritiba,True
5838,10,Corinthians,Jadson,52,Normal,52,0,2,52.0,46-60,2017,Gremio,Corinthians,False
5839,10,Sao Paulo,Jucilei,7,Normal,7,0,1,7.0,0-15,2017,Sao Paulo,Fluminense,True
5839,10,Fluminense,Wendel,51,Normal,51,0,2,51.0,46-60,2017,Sao Paulo,Fluminense,False
5840,10,Athletico-PR,Wanderson,43,Normal,43,0,1,43.0,31-45,2017,Athletico-PR,Vitoria,True
5840,10,Vitoria,Fred,17,Normal,17,0,1,17.0,16-30,2017,Athletico-PR,Vitoria,False
5840,10,Athletico-PR,Nikão,54,Normal,54,0,2,54.0,46-60,2017,Athletico-PR,Vitoria,True
5840,10,Athletico-PR,Éderson Alves Ribeiro Silva,57,Normal,57,0,2,57.0,46-60,2017,Athletico-PR,Vitoria,True
5840,10,Athletico-PR,Matheus Rossetto,81,Normal,81,0,2,81.0,76-90,2017,Athletico-PR,Vitoria,True
5842,10,Palmeiras,Alejandro Guerra,38,Normal,38,0,1,38.0,31-45,2017,Ponte Preta,Palmeiras,False
5842,10,Palmeiras,Alejandro Guerra,45,Normal,45,0,1,45.0,31-45,2017,Ponte Preta,Palmeiras,False
5842,10,Ponte Preta,Lucca Borges de Brito,40,Normal,40,0,1,40.0,31-45,2017,Ponte Preta,Palmeiras,True
5843,10,Flamengo,Orlando Berrío,73,Normal,73,0,2,73.0,61-75,2017,Bahia,Flamengo,False
5844,10,Atletico-MG,Jonathan Marlone,11,Normal,11,0,1,11.0,0-15,2017,Chapecoense,Atletico-MG,False
5845,10,Avai,Joel Tagueu,6,Normal,6,0,1,6.0,0-15,2017,Botafogo-RJ,Avai,False
5845,10,Avai,Joel Tagueu,17,Normal,17,0,1,17.0,16-30,2017,Botafogo-RJ,Avai,False
5846,11,Palmeiras,Machado,78,Gol Contra,78,0,2,78.0,76-90,2017,Palmeiras,Gremio,True
5847,11,Atletico-GO,Andrigo,11,Normal,11,0,1,11.0,0-15,2017,Atletico-GO,Santos,True
5847,11,Santos,Thiago Maia,68,Normal,68,0,2,68.0,61-75,2017,Atletico-GO,Santos,False
5850,11,Atletico-MG,Juan Cazares,45+3,Normal,45,3,1,45.03,45+,2017,Atletico-MG,Cruzeiro,True
5850,11,Atletico-MG,Fred,45+5,Normal,45,5,1,45.05,45+,2017,Atletico-MG,Cruzeiro,True
5850,11,Atletico-MG,Fred,79,Normal,79,0,2,79.0,76-90,2017,Atletico-MG,Cruzeiro,True
5850,11,Cruzeiro,Thiago Neves,6,Normal,6,0,1,6.0,0-15,2017,Atletico-MG,Cruzeiro,False
5848,11,Sport,Diego Souza,76,Penalty,76,0,2,76.0,76-90,2017,Sport,Athletico-PR,True
5852,11,Corinthians,Jô,79,Normal,79,0,2,79.0,76-90,2017,Corinthians,Botafogo-RJ,True
5851,11,Flamengo,Paolo Guerrero,38,Normal,38,0,1,38.0,31-45,2017,Flamengo,Sao Paulo,True
5851,11,Flamengo,Diego Ribas,42,Normal,42,0,1,42.0,31-45,2017,Flamengo,Sao Paulo,True
5854,11,Coritiba,Kléber,88,Normal,88,0,2,88.0,76-90,2017,Coritiba,Vasco,True
5854,11,Vasco,Thalles Lima de Conceição Penha,21,Normal,21,0,1,21.0,16-30,2017,Coritiba,Vasco,False
5854,11,Vasco,Wagner Ferreira dos Santos,90+1,Normal,90,1,2,90.01,90+,2017,Coritiba,Vasco,False
5854,11,Coritiba,Kléber,67,Normal,67,0,2,67.0,61-75,2017,Coritiba,Vasco,True
5855,11,Fluminense,Pedro,70,Normal,70,0,2,70.0,61-75,2017,Fluminense,Chapecoense,True
5855,11,Chapecoense,Arthur Caike do Nascimento Cruz,82,Normal,82,0,2,82.0,76-90,2017,Fluminense,Chapecoense,False
5855,11,Fluminense,Marcos Júnior,90+3,Normal,90,3,2,90.03,90+,2017,Fluminense,Chapecoense,True
5855,11,Chapecoense,Rossicley Pereira da Silva,13,Normal,13,0,1,13.0,0-15,2017,Fluminense,Chapecoense,False
5855,11,Fluminense,Richarlison,2,Normal,2,0,1,2.0,0-15,2017,Fluminense,Chapecoense,True
5855,11,Chapecoense,Arthur Caike do Nascimento Cruz,42,Normal,42,0,1,42.0,31-45,2017,Fluminense,Chapecoense,False
5856,12,Atletico-GO,Andrigo,69,Normal,69,0,2,69.0,61-75,2017,Atletico-GO,Vitoria,True
5856,12,Vitoria,André Lima,37,Normal,37,0,1,37.0,31-45,2017,Atletico-GO,Vitoria,False
5856,12,Vitoria,Uillian Correia,88,Normal,88,0,2,88.0,76-90,2017,Atletico-GO,Vitoria,False
5857,12,Flamengo,Éverton Cardoso da Silva,64,Normal,64,0,2,64.0,61-75,2017,Vasco,Flamengo,False
5858,12,Corinthians,Jadson,45+1,Normal,45,1,1,45.01,45+,2017,Corinthians,Ponte Preta,True
5858,12,Corinthians,Jô,46,Normal,46,0,2,46.0,46-60,2017,Corinthians,Ponte Preta,True
5859,12,Athletico-PR,Sidcley Ferreira Pereira,2,Normal,2,0,1,2.0,0-15,2017,Chapecoense,Athletico-PR,False
5859,12,Chapecoense,Lucas Marques,17,Normal,17,0,1,17.0,16-30,2017,Chapecoense,Athletico-PR,True
5860,12,Bahia,João Paulo,84,Normal,84,0,2,84.0,76-90,2017,Bahia,Fluminense,True
5860,12,Fluminense,Wellington Alves da Silva,12,Normal,12,0,1,12.0,0-15,2017,Bahia,Fluminense,False
5861,12,Avai,Junior Dutra,85,Normal,85,0,2,85.0,76-90,2017,Gremio,Avai,False
5861,12,Avai,Wellington Simião,73,Normal,73,0,2,73.0,61-75,2017,Gremio,Avai,False
5862,12,Palmeiras,Willian Gomes de Siqueira,62,Normal,62,0,2,62.0,61-75,2017,Cruzeiro,Palmeiras,False
5862,12,Cruzeiro,Thiago Neves,32,Normal,32,0,1,32.0,31-45,2017,Cruzeiro,Palmeiras,True
5862,12,Cruzeiro,Hudson,42,Normal,42,0,1,42.0,31-45,2017,Cruzeiro,Palmeiras,True
5862,12,Cruzeiro,José Élber Pimentel da Silva,90+2,Normal,90,2,2,90.02,90+,2017,Cruzeiro,Palmeiras,True
5863,12,Sao Paulo,Shaylon,75,Normal,75,0,2,75.0,61-75,2017,Santos,Sao Paulo,False
5863,12,Santos,Jonathan Copete,44,Normal,44,0,1,44.0,31-45,2017,Santos,Sao Paulo,True
5863,12,Sao Paulo,Robert Arboleda,87,Normal,87,0,2,87.0,76-90,2017,Santos,Sao Paulo,False
5863,12,Santos,Jonathan Copete,54,Normal,54,0,2,54.0,46-60,2017,Santos,Sao Paulo,True
5863,12,Santos,Jonathan Copete,67,Normal,67,0,2,67.0,61-75,2017,Santos,Sao Paulo,True
5864,12,Botafogo-RJ,Roger Rodrigues da Silva,90+3,Normal,90,3,2,90.03,90+,2017,Botafogo-RJ,Atletico-MG,True
5864,12,Atletico-MG,Jonathan Marlone,22,Normal,22,0,1,22.0,16-30,2017,Botafogo-RJ,Atletico-MG,False
5865,12,Sport,Walisson,90+2,Gol Contra,90,2,2,90.02,90+,2017,Coritiba,Sport,False
5865,12,Sport,Eugenio Mena,18,Normal,18,0,1,18.0,16-30,2017,Coritiba,Sport,False
5865,12,Sport,José Rogério de Oliveira Melo,85,Normal,85,0,2,85.0,76-90,2017,Coritiba,Sport,False
5866,13,Bahia,Renê Júnior,85,Normal,85,0,2,85.0,76-90,2017,Ponte Preta,Bahia,False
5866,13,Bahia,Rodrigão,4,Normal,4,0,1,4.0,0-15,2017,Ponte Preta,Bahia,False
5866,13,Bahia,Rodrigão,54,Normal,54,0,2,54.0,46-60,2017,Ponte Preta,Bahia,False
5867,13,Santos,Daniel Guedes,90+3,Normal,90,3,2,90.03,90+,2017,Atletico-MG,Santos,False
5868,13,Botafogo-RJ,Roger Rodrigues da Silva,39,Normal,39,0,1,39.0,31-45,2017,Fluminense,Botafogo-RJ,False
5869,13,Corinthians,Jadson,23,Penalty,23,0,1,23.0,16-30,2017,Palmeiras,Corinthians,False
5869,13,Corinthians,Guilherme Arana,65,Normal,65,0,2,65.0,61-75,2017,Palmeiras,Corinthians,False
5870,13,Cruzeiro,Lucas Romero,28,Normal,28,0,1,28.0,16-30,2017,Athletico-PR,Cruzeiro,False
5870,13,Cruzeiro,Rafael Marques Mariano,86,Normal,86,0,2,86.0,76-90,2017,Athletico-PR,Cruzeiro,False
5871,13,Vasco,Paulo Vitor Fernandes Pereira,90+1,Normal,90,1,2,90.01,90+,2017,Vitoria,Vasco,False
5871,13,Vasco,Antônio Eduardo Pereira dos Santos,14,Gol Contra,14,0,1,14.0,0-15,2017,Vitoria,Vasco,False
5871,13,Vasco,Guilherme Costa Machado Silveira,90+5,Normal,90,5,2,90.05,90+,2017,Vitoria,Vasco,False
5871,13,Vitoria,Antônio Eduardo Pereira dos Santos,70,Normal,70,0,2,70.0,61-75,2017,Vitoria,Vasco,True
5871,13,Vasco,Thalles Lima de Conceição Penha,75,Normal,75,0,2,75.0,61-75,2017,Vitoria,Vasco,False
5872,13,Atletico-GO,Nilton Soares Rodrigues,66,Normal,66,0,2,66.0,61-75,2017,Sao Paulo,Atletico-GO,False
5872,13,Atletico-GO,Everaldo Stum,86,Normal,86,0,2,86.0,76-90,2017,Sao Paulo,Atletico-GO,False
5872,13,Sao Paulo,Lucas Pratto,58,Normal,58,0,2,58.0,46-60,2017,Sao Paulo,Atletico-GO,True
5872,13,Sao Paulo,Marcio Antonio de Sousa Junior,84,Normal,84,0,2,84.0,76-90,2017,Sao Paulo,Atletico-GO,True
5873,13,Sport,Diego Souza,90+2,Normal,90,2,2,90.02,90+,2017,Sport,Chapecoense,True
5873,13,Sport,André Felipe Ribeiro de Souza,63,Normal,63,0,2,63.0,61-75,2017,Sport,Chapecoense,True
5873,13,Sport,André Felipe Ribeiro de Souza,90+5,Normal,90,5,2,90.05,90+,2017,Sport,Chapecoense,True
5874,13,Gremio,Luan Guilherme de Jesus Vieira,26,Normal,26,0,1,26.0,16-30,2017,Flamengo,Gremio,False
5875,13,Coritiba,Rildo de Andrade Felicissimo,80,Normal,80,0,2,80.0,76-90,2017,Avai,Coritiba,False
5875,13,Coritiba,Henrique Almeida,90+3,Normal,90,3,2,90.03,90+,2017,Avai,Coritiba,False
5875,13,Avai,Marquinhos Santos,19,Normal,19,0,1,19.0,16-30,2017,Avai,Coritiba,True
5875,13,Coritiba,Kléber,11,Penalty,11,0,1,11.0,0-15,2017,Avai,Coritiba,False
5875,13,Coritiba,Rildo de Andrade Felicissimo,20,Normal,20,0,1,20.0,16-30,2017,Avai,Coritiba,False
5876,14,Athletico-PR,Jonathan Cícero Moreira,38,Normal,38,0,1,38.0,31-45,2017,Corinthians,Athletico-PR,False
5876,14,Athletico-PR,Otávio Henrique Santos,82,Normal,82,0,2,82.0,76-90,2017,Corinthians,Athletico-PR,False
5876,14,Corinthians,Jô,45,Normal,45,0,1,45.0,31-45,2017,Corinthians,Athletico-PR,True
5876,14,Corinthians,Jô,51,Normal,51,0,2,51.0,46-60,2017,Corinthians,Athletico-PR,True
5877,14,Palmeiras,Mayke,71,Normal,71,0,2,71.0,61-75,2017,Palmeiras,Vitoria,True
5877,14,Vitoria,Uillian Correia,10,Normal,10,0,1,10.0,0-15,2017,Palmeiras,Vitoria,False
5877,14,Palmeiras,Eduardo Pereira Rodrigues,45+1,Normal,45,1,1,45.01,45+,2017,Palmeiras,Vitoria,True
5877,14,Vitoria,David Corrêa da Fonseca,85,Normal,85,0,2,85.0,76-90,2017,Palmeiras,Vitoria,False
5877,14,Palmeiras,Eduardo Pereira Rodrigues,77,Normal,77,0,2,77.0,76-90,2017,Palmeiras,Vitoria,True
5877,14,Palmeiras,Róger Guedes,37,Penalty,37,0,1,37.0,31-45,2017,Palmeiras,Vitoria,True
5879,14,Atletico-MG,Fred,57,Normal,57,0,2,57.0,46-60,2017,Atletico-GO,Atletico-MG,False
5879,14,Atletico-MG,Elias Mendes Trindade,73,Normal,73,0,2,73.0,61-75,2017,Atletico-GO,Atletico-MG,False
5879,14,Atletico-GO,Igor Henrique,26,Normal,26,0,1,26.0,16-30,2017,Atletico-GO,Atletico-MG,True
5880,14,Chapecoense,Túlio de Melo,62,Normal,62,0,2,62.0,61-75,2017,Chapecoense,Sao Paulo,True
5880,14,Chapecoense,Lucas Marques,90+1,Normal,90,1,2,90.01,90+,2017,Chapecoense,Sao Paulo,True
5881,14,Cruzeiro,Luiz Ricardo Alves,60,Normal,60,0,2,60.0,46-60,2017,Cruzeiro,Flamengo,True
5881,14,Flamengo,Éverton Cardoso da Silva,54,Normal,54,0,2,54.0,46-60,2017,Cruzeiro,Flamengo,False
5882,14,Gremio,Lucas Barrios,71,Penalty,71,0,2,71.0,61-75,2017,Gremio,Ponte Preta,True
5882,14,Ponte Preta,Rafael Thyere de Albuquerque Marques,35,Gol Contra,35,0,1,35.0,31-45,2017,Gremio,Ponte Preta,False
5882,14,Gremio,Lucas Barrios,57,Normal,57,0,2,57.0,46-60,2017,Gremio,Ponte Preta,True
5882,14,Gremio,Everton Sousa Soares,88,Normal,88,0,2,88.0,76-90,2017,Gremio,Ponte Preta,True
5883,14,Bahia,Renê Júnior,75,Normal,75,0,2,75.0,61-75,2017,Bahia,Avai,True
5883,14,Avai,Junior Dutra,83,Normal,83,0,2,83.0,76-90,2017,Bahia,Avai,False
5884,14,Fluminense,Léo Pelé,38,Normal,38,0,1,38.0,31-45,2017,Coritiba,Fluminense,False
5884,14,Coritiba,Henrique Almeida,45+2,Normal,45,2,1,45.02,45+,2017,Coritiba,Fluminense,True
5884,14,Fluminense,Richarlison,32,Normal,32,0,1,32.0,31-45,2017,Coritiba,Fluminense,False
5885,14,Botafogo-RJ,Rodrigo Lindoso,2,Normal,2,0,1,2.0,0-15,2017,Botafogo-RJ,Sport,True
5885,14,Botafogo-RJ,Guilherme,70,Normal,70,0,2,70.0,61-75,2017,Botafogo-RJ,Sport,True
5885,14,Sport,Rithely,9,Normal,9,0,1,9.0,0-15,2017,Botafogo-RJ,Sport,False
5887,15,Santos,Emiliano Vecchio,61,Normal,61,0,2,61.0,61-75,2017,Santos,Chapecoense,True
5886,15,Vitoria,David Corrêa da Fonseca,58,Normal,58,0,2,58.0,46-60,2017,Vitoria,Gremio,True
5886,15,Gremio,Luiz Fernando Pereira da Silva,8,Normal,8,0,1,8.0,0-15,2017,Vitoria,Gremio,False
5886,15,Gremio,Arthur,44,Normal,44,0,1,44.0,31-45,2017,Vitoria,Gremio,False
5886,15,Gremio,Ramiro Moschen Benetti,63,Normal,63,0,2,63.0,61-75,2017,Vitoria,Gremio,False
5889,15,Ponte Preta,Lucca Borges de Brito,83,Normal,83,0,2,83.0,76-90,2017,Ponte Preta,Coritiba,True
5889,15,Ponte Preta,Leonardo Artur de Melo,15,Normal,15,0,1,15.0,0-15,2017,Ponte Preta,Coritiba,True
5889,15,Ponte Preta,Emerson Sheik,60,Normal,60,0,2,60.0,46-60,2017,Ponte Preta,Coritiba,True
5889,15,Ponte Preta,Emerson Sheik,87,Normal,87,0,2,87.0,76-90,2017,Ponte Preta,Coritiba,True
5890,15,Bahia,Paulo Roberto Valoura Junior,88,Normal,88,0,2,88.0,76-90,2017,Atletico-MG,Bahia,False
5890,15,Bahia,Paulo Roberto Valoura Junior,13,Penalty,13,0,1,13.0,0-15,2017,Atletico-MG,Bahia,False
5891,15,Sao Paulo,Lucas Pratto,2,Normal,2,0,1,2.0,0-15,2017,Sao Paulo,Vasco,True
5892,15,Flamengo,Paolo Guerrero,44,Normal,44,0,1,44.0,31-45,2017,Flamengo,Palmeiras,True
5892,15,Palmeiras,Willian Gomes de Siqueira,32,Normal,32,0,1,32.0,31-45,2017,Flamengo,Palmeiras,False
5892,15,Palmeiras,Róger Guedes,43,Normal,43,0,1,43.0,31-45,2017,Flamengo,Palmeiras,False
5892,15,Flamengo,Marcos Rogério Ricci Lopes,8,Normal,8,0,1,8.0,0-15,2017,Flamengo,Palmeiras,True
5893,15,Fluminense,Richarlison,42,Penalty,42,0,1,42.0,31-45,2017,Fluminense,Cruzeiro,True
5893,15,Cruzeiro,Luiz Ricardo Alves,36,Normal,36,0,1,36.0,31-45,2017,Fluminense,Cruzeiro,False
5894,15,Sport,Patrick,7,Normal,7,0,1,7.0,0-15,2017,Sport,Atletico-GO,True
5894,15,Sport,Diego Souza,19,Normal,19,0,1,19.0,16-30,2017,Sport,Atletico-GO,True
5894,15,Sport,André Felipe Ribeiro de Souza,41,Normal,41,0,1,41.0,31-45,2017,Sport,Atletico-GO,True
5894,15,Sport,André Felipe Ribeiro de Souza,81,Normal,81,0,2,81.0,76-90,2017,Sport,Atletico-GO,True
5896,16,Chapecoense,Lourency do Nascimento Rodrigues,64,Normal,64,0,2,64.0,61-75,2017,Vitoria,Chapecoense,False
5896,16,Chapecoense,Reinaldo Manoel da Silva,28,Penalty,28,0,1,28.0,16-30,2017,Vitoria,Chapecoense,False
5896,16,Vitoria,Neilton Mestzk,61,Penalty,61,0,2,61.0,61-75,2017,Vitoria,Chapecoense,True
5897,16,Flamengo,Orlando Berrío,7,Normal,7,0,1,7.0,0-15,2017,Flamengo,Coritiba,True
5897,16,Flamengo,Éverton Ribeiro,90+1,Penalty,90,1,2,90.01,90+,2017,Flamengo,Coritiba,True
5897,16,Coritiba,Henrique Almeida,46,Normal,46,0,2,46.0,46-60,2017,Flamengo,Coritiba,False
5898,16,Santos,Bruno Henrique,45+1,Normal,45,1,1,45.01,45+,2017,Santos,Bahia,True
5898,16,Santos,Bruno Henrique,76,Normal,76,0,2,76.0,76-90,2017,Santos,Bahia,True
5898,16,Santos,Bruno Henrique,29,Normal,29,0,1,29.0,16-30,2017,Santos,Bahia,True
5899,16,Avai,Junior Dutra,21,Normal,21,0,1,21.0,16-30,2017,Avai,Cruzeiro,True
5901,16,Corinthians,Fabián Balbuena,50,Normal,50,0,2,50.0,46-60,2017,Fluminense,Corinthians,False
5900,16,Palmeiras,Keno,45+3,Normal,45,3,1,45.03,45+,2017,Sport,Palmeiras,False
5900,16,Palmeiras,Bruno Henrique Corsini,35,Normal,35,0,1,35.0,31-45,2017,Sport,Palmeiras,False
5903,16,Botafogo-RJ,Vinícius Tanque,68,Normal,68,0,2,68.0,61-75,2017,Atletico-GO,Botafogo-RJ,False
5903,16,Atletico-GO,Paulinho,76,Normal,76,0,2,76.0,76-90,2017,Atletico-GO,Botafogo-RJ,True
5902,16,Ponte Preta,Lucca Borges de Brito,51,Normal,51,0,2,51.0,46-60,2017,Athletico-PR,Ponte Preta,False
5902,16,Ponte Preta,Lucca Borges de Brito,90+3,Penalty,90,3,2,90.03,90+,2017,Athletico-PR,Ponte Preta,False
5904,16,Atletico-MG,Yago Henrique Severino dos Santos,18,Normal,18,0,1,18.0,16-30,2017,Atletico-MG,Vasco,True
5904,16,Vasco,Paulinho,14,Normal,14,0,1,14.0,0-15,2017,Atletico-MG,Vasco,False
5904,16,Vasco,Paulinho,68,Normal,68,0,2,68.0,61-75,2017,Atletico-MG,Vasco,False
5905,16,Sao Paulo,Lucas Fernandes,64,Normal,64,0,2,64.0,61-75,2017,Sao Paulo,Gremio,True
5905,16,Gremio,Pedro Rocha Neves,19,Normal,19,0,1,19.0,16-30,2017,Sao Paulo,Gremio,False
5906,17,Botafogo-RJ,Guilherme,68,Normal,68,0,2,68.0,61-75,2017,Botafogo-RJ,Sao Paulo,True
5906,17,Sao Paulo,Hernanes,85,Normal,85,0,2,85.0,76-90,2017,Botafogo-RJ,Sao Paulo,False
5906,17,Sao Paulo,Christian Cueva,17,Normal,17,0,1,17.0,16-30,2017,Botafogo-RJ,Sao Paulo,False
5906,17,Botafogo-RJ,Marcos Vinícius de Jesus Araújo,18,Normal,18,0,1,18.0,16-30,2017,Botafogo-RJ,Sao Paulo,True
5906,17,Sao Paulo,Marcos Guilherme,83,Normal,83,0,2,83.0,76-90,2017,Botafogo-RJ,Sao Paulo,False
5906,17,Botafogo-RJ,Marcos Vinícius de Jesus Araújo,24,Normal,24,0,1,24.0,16-30,2017,Botafogo-RJ,Sao Paulo,True
5906,17,Sao Paulo,Marcos Guilherme,90+1,Normal,90,1,2,90.01,90+,2017,Botafogo-RJ,Sao Paulo,False
5907,17,Palmeiras,Eduardo Pereira Rodrigues,11,Normal,11,0,1,11.0,0-15,2017,Palmeiras,Avai,True
5907,17,Palmeiras,Deyverson,35,Normal,35,0,1,35.0,31-45,2017,Palmeiras,Avai,True
5908,17,Atletico-GO,Diego Rosa,68,Normal,68,0,2,68.0,61-75,2017,Chapecoense,Atletico-GO,False
5908,17,Atletico-GO,Gilvan,84,Normal,84,0,2,84.0,76-90,2017,Chapecoense,Atletico-GO,False
5908,17,Chapecoense,Luiz Otávio da Silva Santos,40,Normal,40,0,1,40.0,31-45,2017,Chapecoense,Atletico-GO,True
5909,17,Atletico-MG,Rafael Moura,73,Normal,73,0,2,73.0,61-75,2017,Coritiba,Atletico-MG,False
5909,17,Atletico-MG,Fábio Santos,13,Penalty,13,0,1,13.0,0-15,2017,Coritiba,Atletico-MG,False
5910,17,Sport,Everton Felipe,18,Normal,18,0,1,18.0,16-30,2017,Bahia,Sport,False
5910,17,Sport,Ronaldo Alves,65,Normal,65,0,2,65.0,61-75,2017,Bahia,Sport,False
5910,17,Sport,Reinaldo Lenis,90+2,Normal,90,2,2,90.02,90+,2017,Bahia,Sport,False
5910,17,Bahia,Rodrigão,59,Normal,59,0,2,59.0,46-60,2017,Bahia,Sport,True
5911,17,Flamengo,Réver,71,Normal,71,0,2,71.0,61-75,2017,Corinthians,Flamengo,False
5911,17,Corinthians,Jô,22,Normal,22,0,1,22.0,16-30,2017,Corinthians,Flamengo,True
5912,17,Gremio,Luiz Fernando Pereira da Silva,45+2,Normal,45,2,1,45.02,45+,2017,Gremio,Santos,True
5912,17,Santos,David Braz,45,Normal,45,0,1,45.0,31-45,2017,Gremio,Santos,False
5914,17,Athletico-PR,Ribamar,61,Normal,61,0,2,61.0,61-75,2017,Vasco,Athletico-PR,False
5917,18,Chapecoense,Túlio de Melo,20,Normal,20,0,1,20.0,16-30,2017,Chapecoense,Bahia,True
5917,18,Bahia,Rodrigão,39,Normal,39,0,1,39.0,31-45,2017,Chapecoense,Bahia,False
5916,18,Sport,André Felipe Ribeiro de Souza,32,Normal,32,0,1,32.0,31-45,2017,Sport,Fluminense,True
5916,18,Sport,Patrick,49,Normal,49,0,2,49.0,46-60,2017,Sport,Fluminense,True
5916,18,Fluminense,Gustavo Scarpa,9,Normal,9,0,1,9.0,0-15,2017,Sport,Fluminense,False
5916,18,Fluminense,Renato de Araújo Chaves Júnior,13,Normal,13,0,1,13.0,0-15,2017,Sport,Fluminense,False
5918,18,Corinthians,Jô,31,Normal,31,0,1,31.0,31-45,2017,Atletico-MG,Corinthians,False
5918,18,Corinthians,Rodrigo Eduardo Costa Marinho,83,Normal,83,0,2,83.0,76-90,2017,Atletico-MG,Corinthians,False
5919,18,Vitoria,Santiago Tréllez,2,Normal,2,0,1,2.0,0-15,2017,Vitoria,Ponte Preta,True
5919,18,Vitoria,Santiago Tréllez,36,Normal,36,0,1,36.0,31-45,2017,Vitoria,Ponte Preta,True
5919,18,Vitoria,Neilton Mestzk,13,Normal,13,0,1,13.0,0-15,2017,Vitoria,Ponte Preta,True
5919,18,Ponte Preta,Elton Junior Melo Ataíde,49,Normal,49,0,2,49.0,46-60,2017,Vitoria,Ponte Preta,False
5921,18,Gremio,Michel Ferreira dos Santos,83,Normal,83,0,2,83.0,76-90,2017,Atletico-GO,Gremio,False
5922,18,Botafogo-RJ,Rodrigo Pimpão,55,Normal,55,0,2,55.0,46-60,2017,Botafogo-RJ,Palmeiras,True
5922,18,Palmeiras,Igor Rabello,45+1,Gol Contra,45,1,1,45.01,45+,2017,Botafogo-RJ,Palmeiras,False
5922,18,Palmeiras,Deyverson,86,Normal,86,0,2,86.0,76-90,2017,Botafogo-RJ,Palmeiras,False
5920,18,Santos,Bruno Henrique,54,Normal,54,0,2,54.0,46-60,2017,Santos,Flamengo,True
5920,18,Flamengo,Felipe Vizeu,67,Normal,67,0,2,67.0,61-75,2017,Santos,Flamengo,False
5920,18,Santos,Alison Lopes Ferreira,85,Normal,85,0,2,85.0,76-90,2017,Santos,Flamengo,True
5920,18,Santos,Ricardo Oliveira,88,Normal,88,0,2,88.0,76-90,2017,Santos,Flamengo,True
5920,18,Flamengo,Éverton Ribeiro,56,Normal,56,0,2,56.0,46-60,2017,Santos,Flamengo,False
5923,18,Athletico-PR,Capa,58,Gol Contra,58,0,2,58.0,46-60,2017,Athletico-PR,Avai,True
5923,18,Athletico-PR,Guilherme Milhomem Gusmão,34,Normal,34,0,1,34.0,31-45,2017,Athletico-PR,Avai,True
5923,18,Athletico-PR,Guilherme Milhomem Gusmão,56,Normal,56,0,2,56.0,46-60,2017,Athletico-PR,Avai,True
5923,18,Athletico-PR,Eduardo Henrique,71,Normal,71,0,2,71.0,61-75,2017,Athletico-PR,Avai,True
5923,18,Athletico-PR,Eduardo Henrique,78,Normal,78,0,2,78.0,76-90,2017,Athletico-PR,Avai,True
5924,18,Coritiba,Thiago Carleto,57,Penalty,57,0,2,57.0,46-60,2017,Sao Paulo,Coritiba,False
5924,18,Sao Paulo,Denílson Pereira Júnior,88,Normal,88,0,2,88.0,76-90,2017,Sao Paulo,Coritiba,True
5924,18,Coritiba,Yilmar Filigrana,67,Normal,67,0,2,67.0,61-75,2017,Sao Paulo,Coritiba,False
5925,18,Cruzeiro,Luiz Ricardo Alves,19,Penalty,19,0,1,19.0,16-30,2017,Vasco,Cruzeiro,False
5925,18,Cruzeiro,Thiago Neves,3,Normal,3,0,1,3.0,0-15,2017,Vasco,Cruzeiro,False
5925,18,Cruzeiro,Róbson Michael Signorini,88,Normal,88,0,2,88.0,76-90,2017,Vasco,Cruzeiro,False
5926,19,Corinthians,Guilherme Arana,9,Normal,9,0,1,9.0,0-15,2017,Corinthians,Sport,True
5926,19,Corinthians,Rodrigo Eduardo Costa Marinho,46,Normal,46,0,2,46.0,46-60,2017,Corinthians,Sport,True
5926,19,Corinthians,Pedro Henrique Ribeiro Gonçalves,66,Normal,66,0,2,66.0,61-75,2017,Corinthians,Sport,True
5926,19,Sport,Thallyson,83,Normal,83,0,2,83.0,76-90,2017,Corinthians,Sport,False
5927,19,Fluminense,Wendel,15,Normal,15,0,1,15.0,0-15,2017,Fluminense,Atletico-GO,True
5927,19,Fluminense,Wellington Alves da Silva,33,Normal,33,0,1,33.0,31-45,2017,Fluminense,Atletico-GO,True
5927,19,Fluminense,Henrique Dourado,58,Normal,58,0,2,58.0,46-60,2017,Fluminense,Atletico-GO,True
5927,19,Atletico-GO,Paulinho,23,Normal,23,0,1,23.0,16-30,2017,Fluminense,Atletico-GO,False
5928,19,Vitoria,Yago Rocha,45,Normal,45,0,1,45.0,31-45,2017,Flamengo,Vitoria,False
5928,19,Vitoria,Neilton Mestzk,66,Penalty,66,0,2,66.0,61-75,2017,Flamengo,Vitoria,False
5930,19,Gremio,Pedro Rocha Neves,5,Normal,5,0,1,5.0,0-15,2017,Gremio,Atletico-MG,True
5930,19,Gremio,Luiz Fernando Pereira da Silva,27,Normal,27,0,1,27.0,16-30,2017,Gremio,Atletico-MG,True
5933,19,Bahia,Régis,40,Normal,40,0,1,40.0,31-45,2017,Bahia,Sao Paulo,True
5933,19,Sao Paulo,Hernanes,45+4,Penalty,45,4,1,45.04,45+,2017,Bahia,Sao Paulo,False
5933,19,Bahia,Stiven Mendoza,43,Normal,43,0,1,43.0,31-45,2017,Bahia,Sao Paulo,True
5932,19,Athletico-PR,Thiago Heleno,18,Normal,18,0,1,18.0,16-30,2017,Palmeiras,Athletico-PR,False
5931,19,Coritiba,Rildo de Andrade Felicissimo,43,Normal,43,0,1,43.0,31-45,2017,Coritiba,Chapecoense,True
5931,19,Coritiba,Alecsandro,22,Normal,22,0,1,22.0,16-30,2017,Coritiba,Chapecoense,True
5936,20,Atletico-GO,Jorginho,63,Normal,63,0,2,63.0,61-75,2017,Atletico-GO,Coritiba,True
5937,20,Avai,Junior Dutra,73,Normal,73,0,2,73.0,61-75,2017,Vitoria,Avai,False
5938,20,Sao Paulo,Hernanes,82,Penalty,82,0,2,82.0,76-90,2017,Sao Paulo,Cruzeiro,True
5938,20,Cruzeiro,Luiz Ricardo Alves,51,Normal,51,0,2,51.0,46-60,2017,Sao Paulo,Cruzeiro,False
5938,20,Cruzeiro,Luiz Ricardo Alves,57,Normal,57,0,2,57.0,46-60,2017,Sao Paulo,Cruzeiro,False
5938,20,Sao Paulo,Hernanes,45+2,Normal,45,2,1,45.02,45+,2017,Sao Paulo,Cruzeiro,True
5938,20,Sao Paulo,Robert Arboleda,71,Normal,71,0,2,71.0,61-75,2017,Sao Paulo,Cruzeiro,True
5940,20,Atletico-MG,Fábio Santos,16,Penalty,16,0,1,16.0,16-30,2017,Atletico-MG,Flamengo,True
5940,20,Atletico-MG,Rafael Moura,54,Normal,54,0,2,54.0,46-60,2017,Atletico-MG,Flamengo,True
5941,20,Palmeiras,Alejandro Guerra,77,Normal,77,0,2,77.0,76-90,2017,Vasco,Palmeiras,False
5941,20,Vasco,Andrés Escobar,88,Normal,88,0,2,88.0,76-90,2017,Vasco,Palmeiras,True
5943,20,Botafogo-RJ,Leandrinho,7,Normal,7,0,1,7.0,0-15,2017,Botafogo-RJ,Gremio,True
5942,20,Athletico-PR,Éder,59,Gol Contra,59,0,2,59.0,46-60,2017,Athletico-PR,Bahia,True
5942,20,Athletico-PR,Thiago Heleno,52,Normal,52,0,2,52.0,46-60,2017,Athletico-PR,Bahia,True
5942,20,Athletico-PR,Nikão,25,Penalty,25,0,1,25.0,16-30,2017,Athletico-PR,Bahia,True
5942,20,Athletico-PR,Sidcley Ferreira Pereira,86,Normal,86,0,2,86.0,76-90,2017,Athletico-PR,Bahia,True
5942,20,Bahia,Stiven Mendoza,20,Normal,20,0,1,20.0,16-30,2017,Athletico-PR,Bahia,False
5946,21,Vitoria,Santiago Tréllez,12,Normal,12,0,1,12.0,0-15,2017,Corinthians,Vitoria,False
5947,21,Flamengo,Vinícius Júnior,75,Normal,75,0,2,75.0,61-75,2017,Flamengo,Atletico-GO,True
5947,21,Flamengo,Vinícius Júnior,56,Normal,56,0,2,56.0,46-60,2017,Flamengo,Atletico-GO,True
5951,21,Cruzeiro,Luiz Ricardo Alves,34,Normal,34,0,1,34.0,31-45,2017,Cruzeiro,Sport,True
5951,21,Cruzeiro,Raniel,87,Normal,87,0,2,87.0,76-90,2017,Cruzeiro,Sport,True
5952,21,Botafogo-RJ,Brenner Marlos Varanda de Oliveira,21,Penalty,21,0,1,21.0,16-30,2017,Ponte Preta,Botafogo-RJ,False
5952,21,Ponte Preta,Emerson Sheik,13,Normal,13,0,1,13.0,0-15,2017,Ponte Preta,Botafogo-RJ,True
5952,21,Ponte Preta,Emerson Sheik,88,Normal,88,0,2,88.0,76-90,2017,Ponte Preta,Botafogo-RJ,True
5949,21,Sao Paulo,Hernanes,79,Penalty,79,0,2,79.0,76-90,2017,Avai,Sao Paulo,False
5949,21,Avai,Junior Dutra,70,Penalty,70,0,2,70.0,61-75,2017,Avai,Sao Paulo,True
5950,21,Bahia,Tiago Pagnussat,23,Normal,23,0,1,23.0,16-30,2017,Bahia,Vasco,True
5950,21,Bahia,Stiven Mendoza,47,Normal,47,0,2,47.0,46-60,2017,Bahia,Vasco,True
5950,21,Bahia,Stiven Mendoza,45+4,Normal,45,4,1,45.04,45+,2017,Bahia,Vasco,True
5954,21,Chapecoense,Fabrício Bruno,39,Normal,39,0,1,39.0,31-45,2017,Palmeiras,Chapecoense,False
5954,21,Chapecoense,Túlio de Melo,90+5,Normal,90,5,2,90.05,90+,2017,Palmeiras,Chapecoense,False
5955,21,Atletico-MG,Valdívia,57,Normal,57,0,2,57.0,46-60,2017,Fluminense,Atletico-MG,False
5955,21,Fluminense,Henrique Dourado,38,Normal,38,0,1,38.0,31-45,2017,Fluminense,Atletico-MG,True
5955,21,Fluminense,Henrique Dourado,87,Normal,87,0,2,87.0,76-90,2017,Fluminense,Atletico-MG,True
5945,20,Corinthians,Jô,90,Normal,90,0,2,90.0,76-90,2017,Chapecoense,Corinthians,False
5956,22,Vasco,Ramon de Morais Motta,31,Normal,31,0,1,31.0,31-45,2017,Fluminense,Vasco,False
5957,22,Atletico-GO,Gilvan,47,Normal,47,0,2,47.0,46-60,2017,Corinthians,Atletico-GO,False
5959,22,Palmeiras,Keno,79,Normal,79,0,2,79.0,76-90,2017,Palmeiras,Sao Paulo,True
5959,22,Palmeiras,Hyoran,90+1,Normal,90,1,2,90.01,90+,2017,Palmeiras,Sao Paulo,True
5959,22,Palmeiras,Willian Gomes de Siqueira,36,Normal,36,0,1,36.0,31-45,2017,Palmeiras,Sao Paulo,True
5959,22,Sao Paulo,Marcos Guilherme,13,Normal,13,0,1,13.0,0-15,2017,Palmeiras,Sao Paulo,False
5959,22,Palmeiras,Willian Gomes de Siqueira,39,Normal,39,0,1,39.0,31-45,2017,Palmeiras,Sao Paulo,True
5959,22,Sao Paulo,Hernanes,45+7,Normal,45,7,1,45.07,45+,2017,Palmeiras,Sao Paulo,False
5961,22,Flamengo,Willian Arão,31,Normal,31,0,1,31.0,31-45,2017,Flamengo,Athletico-PR,True
5961,22,Flamengo,Diego Ribas,17,Normal,17,0,1,17.0,16-30,2017,Flamengo,Athletico-PR,True
5958,22,Atletico-MG,Elias Mendes Trindade,61,Normal,61,0,2,61.0,61-75,2017,Ponte Preta,Atletico-MG,False
5958,22,Atletico-MG,Rómulo Otero,89,Normal,89,0,2,89.0,76-90,2017,Ponte Preta,Atletico-MG,False
5958,22,Ponte Preta,Léo Gamalho,45,Normal,45,0,1,45.0,31-45,2017,Ponte Preta,Atletico-MG,True
5960,22,Bahia,Renê Júnior,16,Normal,16,0,1,16.0,16-30,2017,Bahia,Botafogo-RJ,True
5960,22,Botafogo-RJ,Roger Rodrigues da Silva,13,Normal,13,0,1,13.0,0-15,2017,Bahia,Botafogo-RJ,False
5960,22,Botafogo-RJ,Bruno César Pereira da Silva,90+2,Normal,90,2,2,90.02,90+,2017,Bahia,Botafogo-RJ,False
5962,22,Cruzeiro,Rafael da Silva Francisco,56,Normal,56,0,2,56.0,46-60,2017,Cruzeiro,Santos,True
5962,22,Santos,Bruno Henrique,21,Normal,21,0,1,21.0,16-30,2017,Cruzeiro,Santos,False
5963,22,Avai,Joel Tagueu,32,Normal,32,0,1,32.0,31-45,2017,Avai,Chapecoense,True
5964,22,Vitoria,Antônio Eduardo Pereira dos Santos,68,Normal,68,0,2,68.0,61-75,2017,Coritiba,Vitoria,False
5965,22,Gremio,Dionathã,83,Normal,83,0,2,83.0,76-90,2017,Gremio,Sport,True
5965,22,Gremio,Edílson Mendes Guimarães,20,Normal,20,0,1,20.0,16-30,2017,Gremio,Sport,True
5965,22,Gremio,Luiz Fernando Pereira da Silva,68,Penalty,68,0,2,68.0,61-75,2017,Gremio,Sport,True
5965,22,Gremio,Everton Sousa Soares,35,Normal,35,0,1,35.0,31-45,2017,Gremio,Sport,True
5965,22,Gremio,Luiz Fernando Pereira da Silva,70,Normal,70,0,2,70.0,61-75,2017,Gremio,Sport,True
5966,23,Palmeiras,Deyverson,33,Normal,33,0,1,33.0,31-45,2017,Atletico-MG,Palmeiras,False
5966,23,Atletico-MG,Fábio Santos,44,Penalty,44,0,1,44.0,31-45,2017,Atletico-MG,Palmeiras,True
5967,23,Vasco,Mateus Vital,43,Normal,43,0,1,43.0,31-45,2017,Vasco,Gremio,True
5968,23,Ponte Preta,Danilo Barcelos,65,Penalty,65,0,2,65.0,61-75,2017,Sao Paulo,Ponte Preta,False
5968,23,Sao Paulo,Bruno Alves,57,Normal,57,0,2,57.0,46-60,2017,Sao Paulo,Ponte Preta,True
5968,23,Ponte Preta,Léo Gamalho,75,Normal,75,0,2,75.0,61-75,2017,Sao Paulo,Ponte Preta,False
5968,23,Sao Paulo,Hernanes,34,Normal,34,0,1,34.0,31-45,2017,Sao Paulo,Ponte Preta,True
5971,23,Avai,Junior Dutra,26,Normal,26,0,1,26.0,16-30,2017,Sport,Avai,False
5969,23,Athletico-PR,Felipe Gedoz,87,Penalty,87,0,2,87.0,76-90,2017,Athletico-PR,Coritiba,True
5969,23,Coritiba,Werley Ananias da Silva,45,Normal,45,0,1,45.0,31-45,2017,Athletico-PR,Coritiba,False
5972,23,Fluminense,Wendel,48,Normal,48,0,2,48.0,46-60,2017,Vitoria,Fluminense,False
5972,23,Fluminense,Henrique Dourado,90,Penalty,90,0,2,90.0,76-90,2017,Vitoria,Fluminense,False
5972,23,Vitoria,Neilton Mestzk,45+1,Normal,45,1,1,45.01,45+,2017,Vitoria,Fluminense,True
5972,23,Vitoria,Antônio Eduardo Pereira dos Santos,90+4,Normal,90,4,2,90.04,90+,2017,Vitoria,Fluminense,True
5970,23,Santos,Ricardo Oliveira,90+3,Normal,90,3,2,90.03,90+,2017,Santos,Corinthians,True
5970,23,Santos,Lucas Rafael Araújo Lima,58,Normal,58,0,2,58.0,46-60,2017,Santos,Corinthians,True
5974,23,Botafogo-RJ,Roger Rodrigues da Silva,56,Normal,56,0,2,56.0,46-60,2017,Botafogo-RJ,Flamengo,True
5974,23,Botafogo-RJ,Roger Rodrigues da Silva,69,Normal,69,0,2,69.0,61-75,2017,Botafogo-RJ,Flamengo,True
5973,23,Chapecoense,Túlio de Melo,83,Normal,83,0,2,83.0,76-90,2017,Chapecoense,Cruzeiro,True
5973,23,Cruzeiro,Rafael da Silva Francisco,45,Normal,45,0,1,45.0,31-45,2017,Chapecoense,Cruzeiro,False
5973,23,Cruzeiro,Raniel,63,Normal,63,0,2,63.0,61-75,2017,Chapecoense,Cruzeiro,False
5975,23,Atletico-GO,Luiz Fernando Moraes dos Santos,33,Normal,33,0,1,33.0,31-45,2017,Atletico-GO,Bahia,True
5975,23,Bahia,José Rafael Vivian,55,Normal,55,0,2,55.0,46-60,2017,Atletico-GO,Bahia,False
5976,24,Botafogo-RJ,Rodrigo Lindoso,42,Normal,42,0,1,42.0,31-45,2017,Botafogo-RJ,Santos,True
5976,24,Botafogo-RJ,Guilherme,45,Normal,45,0,1,45.0,31-45,2017,Botafogo-RJ,Santos,True
5977,24,Atletico-GO,Ronaldo da Silva Souza,90+3,Normal,90,3,2,90.03,90+,2017,Ponte Preta,Atletico-GO,False
5977,24,Ponte Preta,William Alves,47,Gol Contra,47,0,2,47.0,46-60,2017,Ponte Preta,Atletico-GO,True
5977,24,Atletico-GO,Luiz Fernando Moraes dos Santos,42,Normal,42,0,1,42.0,31-45,2017,Ponte Preta,Atletico-GO,False
5977,24,Atletico-GO,Walter Henrique da Silva,68,Normal,68,0,2,68.0,61-75,2017,Ponte Preta,Atletico-GO,False
5978,24,Avai,Wellington Simião,45,Normal,45,0,1,45.0,31-45,2017,Avai,Atletico-MG,True
5978,24,Atletico-MG,Rómulo Otero,83,Normal,83,0,2,83.0,76-90,2017,Avai,Atletico-MG,False
5979,24,Chapecoense,Arthur Caike do Nascimento Cruz,46,Normal,46,0,2,46.0,46-60,2017,Gremio,Chapecoense,False
5982,24,Vitoria,Santiago Tréllez,90,Normal,90,0,2,90.0,76-90,2017,Vitoria,Sao Paulo,True
5982,24,Sao Paulo,Éder Militão,53,Normal,53,0,2,53.0,46-60,2017,Vitoria,Sao Paulo,False
5982,24,Sao Paulo,Christian Cueva,82,Normal,82,0,2,82.0,76-90,2017,Vitoria,Sao Paulo,False
5983,24,Flamengo,Paolo Guerrero,9,Normal,9,0,1,9.0,0-15,2017,Flamengo,Sport,True
5983,24,Flamengo,Éverton Ribeiro,90+3,Normal,90,3,2,90.03,90+,2017,Flamengo,Sport,True
5980,24,Corinthians,Jô,74,Normal,74,0,2,74.0,61-75,2017,Corinthians,Vasco,True
5981,24,Fluminense,Henrique Dourado,45+2,Normal,45,2,1,45.02,45+,2017,Athletico-PR,Fluminense,False
5981,24,Athletico-PR,Felipe Gedoz,57,Normal,57,0,2,57.0,46-60,2017,Athletico-PR,Fluminense,True
5981,24,Athletico-PR,Ribamar,80,Normal,80,0,2,80.0,76-90,2017,Athletico-PR,Fluminense,True
5981,24,Athletico-PR,Jonathan Cícero Moreira,90+1,Normal,90,1,2,90.01,90+,2017,Athletico-PR,Fluminense,True
5984,24,Cruzeiro,Leonardo Renan Simões de Lacerda,63,Normal,63,0,2,63.0,61-75,2017,Cruzeiro,Bahia,True
5985,24,Palmeiras,Jean Raphael Vanderlei Moreira,39,Normal,39,0,1,39.0,31-45,2017,Palmeiras,Coritiba,True
5986,25,Flamengo,Rodinei de Almeida,81,Normal,81,0,2,81.0,76-90,2017,Flamengo,Avai,True
5986,25,Avai,Pedro Castro,18,Normal,18,0,1,18.0,16-30,2017,Flamengo,Avai,False
5987,25,Santos,Bruno Henrique,35,Normal,35,0,1,35.0,31-45,2017,Santos,Athletico-PR,True
5988,25,Corinthians,Clayson Henrique da Silva Vieira,78,Normal,78,0,2,78.0,76-90,2017,Sao Paulo,Corinthians,False
5988,25,Sao Paulo,Petros,28,Normal,28,0,1,28.0,16-30,2017,Sao Paulo,Corinthians,True
5991,25,Cruzeiro,Giorgian De Arrascaeta,4,Normal,4,0,1,4.0,0-15,2017,Atletico-GO,Cruzeiro,False
5991,25,Cruzeiro,Rafael Sóbis,22,Normal,22,0,1,22.0,16-30,2017,Atletico-GO,Cruzeiro,False
5991,25,Atletico-GO,Luiz Fernando Moraes dos Santos,48,Normal,48,0,2,48.0,46-60,2017,Atletico-GO,Cruzeiro,True
5990,25,Botafogo-RJ,Roger Rodrigues da Silva,57,Normal,57,0,2,57.0,46-60,2017,Coritiba,Botafogo-RJ,False
5990,25,Botafogo-RJ,Guilherme,64,Normal,64,0,2,64.0,61-75,2017,Coritiba,Botafogo-RJ,False
5990,25,Coritiba,Werley Ananias da Silva,36,Normal,36,0,1,36.0,31-45,2017,Coritiba,Botafogo-RJ,True
5990,25,Botafogo-RJ,João Paulo,84,Normal,84,0,2,84.0,76-90,2017,Coritiba,Botafogo-RJ,False
5990,25,Coritiba,Thiago Carleto,83,Normal,83,0,2,83.0,76-90,2017,Coritiba,Botafogo-RJ,True
5992,25,Palmeiras,Egídio de Araújo Pereira Júnior,42,Normal,42,0,1,42.0,31-45,2017,Fluminense,Palmeiras,False
5989,25,Chapecoense,Lucas Marques,42,Normal,42,0,1,42.0,31-45,2017,Chapecoense,Ponte Preta,True
5993,25,Vitoria,Neilton Mestzk,3,Normal,3,0,1,3.0,0-15,2017,Atletico-MG,Vitoria,False
5993,25,Vitoria,Yago Rocha,69,Normal,69,0,2,69.0,61-75,2017,Atletico-MG,Vitoria,False
5993,25,Vitoria,Santiago Tréllez,90+4,Normal,90,4,2,90.04,90+,2017,Atletico-MG,Vitoria,False
5993,25,Atletico-MG,Juan Cazares,18,Normal,18,0,1,18.0,16-30,2017,Atletico-MG,Vitoria,True
5994,25,Bahia,Rodrigão,90+7,Penalty,90,7,2,90.07,90+,2017,Bahia,Gremio,True
5995,25,Vasco,Nenê,39,Normal,39,0,1,39.0,31-45,2017,Sport,Vasco,False
5995,25,Sport,André Felipe Ribeiro de Souza,84,Normal,84,0,2,84.0,76-90,2017,Sport,Vasco,True
5996,26,Vasco,Andrés Ríos,25,Normal,25,0,1,25.0,16-30,2017,Vasco,Chapecoense,True
5996,26,Chapecoense,Reinaldo Manoel da Silva,64,Normal,64,0,2,64.0,61-75,2017,Vasco,Chapecoense,False
5997,26,Coritiba,Rildo de Andrade Felicissimo,64,Normal,64,0,2,64.0,61-75,2017,Bahia,Coritiba,False
5997,26,Bahia,José Rafael Vivian,45,Normal,45,0,1,45.0,31-45,2017,Bahia,Coritiba,True
5998,26,Santos,Ricardo Oliveira,76,Normal,76,0,2,76.0,76-90,2017,Palmeiras,Santos,False
5999,26,Corinthians,Clayson Henrique da Silva Vieira,84,Penalty,84,0,2,84.0,76-90,2017,Cruzeiro,Corinthians,False
5999,26,Cruzeiro,Rafael da Silva Francisco,20,Normal,20,0,1,20.0,16-30,2017,Cruzeiro,Corinthians,True
6000,26,Vitoria,David Corrêa da Fonseca,15,Normal,15,0,1,15.0,0-15,2017,Botafogo-RJ,Vitoria,False
6000,26,Botafogo-RJ,Brenner Marlos Varanda de Oliveira,61,Penalty,61,0,2,61.0,61-75,2017,Botafogo-RJ,Vitoria,True
6000,26,Vitoria,André Lima,90,Normal,90,0,2,90.0,76-90,2017,Botafogo-RJ,Vitoria,False
6000,26,Vitoria,Danilinho,90+5,Normal,90,5,2,90.05,90+,2017,Botafogo-RJ,Vitoria,False
6000,26,Botafogo-RJ,Brenner Marlos Varanda de Oliveira,25,Normal,25,0,1,25.0,16-30,2017,Botafogo-RJ,Vitoria,True
6002,26,Gremio,Beto da Silva,86,Normal,86,0,2,86.0,76-90,2017,Gremio,Fluminense,True
6001,26,Sao Paulo,Marcos Guilherme,36,Normal,36,0,1,36.0,31-45,2017,Sao Paulo,Sport,True
6003,26,Atletico-GO,Walter Henrique da Silva,63,Normal,63,0,2,63.0,61-75,2017,Avai,Atletico-GO,False
6003,26,Atletico-GO,Luiz Fernando Moraes dos Santos,58,Penalty,58,0,2,58.0,46-60,2017,Avai,Atletico-GO,False
6004,26,Atletico-MG,Robinho,22,Normal,22,0,1,22.0,16-30,2017,Athletico-PR,Atletico-MG,False
6004,26,Atletico-MG,Robinho,83,Normal,83,0,2,83.0,76-90,2017,Athletico-PR,Atletico-MG,False
6005,26,Ponte Preta,Jean Patrick Reis,53,Normal,53,0,2,53.0,46-60,2017,Ponte Preta,Flamengo,True
6006,28,Cruzeiro,Thiago Neves,73,Normal,73,0,2,73.0,61-75,2017,Cruzeiro,Ponte Preta,True
6006,28,Cruzeiro,Manoel Messias Silva Carvalho,76,Normal,76,0,2,76.0,76-90,2017,Cruzeiro,Ponte Preta,True
6006,28,Ponte Preta,Danilo Barcelos,13,Penalty,13,0,1,13.0,0-15,2017,Cruzeiro,Ponte Preta,False
6016,27,Athletico-PR,Guilherme Milhomem Gusmão,32,Normal,32,0,1,32.0,31-45,2017,Athletico-PR,Atletico-GO,True
6016,27,Athletico-PR,Lucho González,42,Normal,42,0,1,42.0,31-45,2017,Athletico-PR,Atletico-GO,True
6016,27,Atletico-GO,Luiz Fernando Moraes dos Santos,25,Normal,25,0,1,25.0,16-30,2017,Athletico-PR,Atletico-GO,False
6016,27,Atletico-GO,Walter Henrique da Silva,82,Normal,82,0,2,82.0,76-90,2017,Athletico-PR,Atletico-GO,False
6017,27,Botafogo-RJ,Brenner Marlos Varanda de Oliveira,66,Normal,66,0,2,66.0,61-75,2017,Botafogo-RJ,Chapecoense,True
6017,27,Botafogo-RJ,Vinícius Tanque,90+5,Normal,90,5,2,90.05,90+,2017,Botafogo-RJ,Chapecoense,True
6017,27,Chapecoense,Apodi,60,Normal,60,0,2,60.0,46-60,2017,Botafogo-RJ,Chapecoense,False
6018,27,Corinthians,Clayson Henrique da Silva Vieira,79,Normal,79,0,2,79.0,76-90,2017,Corinthians,Coritiba,True
6018,27,Corinthians,Clayson Henrique da Silva Vieira,89,Normal,89,0,2,89.0,76-90,2017,Corinthians,Coritiba,True
6018,27,Coritiba,Henrique Almeida,40,Normal,40,0,1,40.0,31-45,2017,Corinthians,Coritiba,False
6018,27,Corinthians,Jô,10,Normal,10,0,1,10.0,0-15,2017,Corinthians,Coritiba,True
6019,27,Cruzeiro,Rafael Sóbis,69,Normal,69,0,2,69.0,61-75,2017,Gremio,Cruzeiro,False
6020,27,Avai,Ebert Willian Amâncio,62,Normal,62,0,2,62.0,61-75,2017,Avai,Vasco,True
6020,27,Vasco,Wagner Ferreira dos Santos,3,Normal,3,0,1,3.0,0-15,2017,Avai,Vasco,False
6020,27,Vasco,Andrés Ríos,24,Normal,24,0,1,24.0,16-30,2017,Avai,Vasco,False
6021,27,Atletico-MG,Fábio Santos,52,Penalty,52,0,2,52.0,46-60,2017,Atletico-MG,Sao Paulo,True
6024,27,Santos,Ricardo Oliveira,45+2,Normal,45,2,1,45.02,45+,2017,Ponte Preta,Santos,False
6024,27,Ponte Preta,Marinaldo dos Santos Oliveira,5,Normal,5,0,1,5.0,0-15,2017,Ponte Preta,Santos,True
6022,27,Sport,Diego Souza,45,Normal,45,0,1,45.0,31-45,2017,Vitoria,Sport,False
6022,27,Sport,Reinaldo Lenis,66,Normal,66,0,2,66.0,61-75,2017,Vitoria,Sport,False
6022,27,Vitoria,Santiago Tréllez,83,Normal,83,0,2,83.0,76-90,2017,Vitoria,Sport,True
6023,27,Fluminense,Marcos Rogério Ricci Lopes,53,Gol Contra,53,0,2,53.0,46-60,2017,Flamengo,Fluminense,False
6023,27,Flamengo,Réver,69,Normal,69,0,2,69.0,61-75,2017,Flamengo,Fluminense,True
6025,27,Palmeiras,Willian Gomes de Siqueira,2,Normal,2,0,1,2.0,0-15,2017,Palmeiras,Bahia,True
6025,27,Bahia,Edigar Junio,89,Penalty,89,0,2,89.0,76-90,2017,Palmeiras,Bahia,False
6025,27,Palmeiras,Bruno Henrique Corsini,39,Normal,39,0,1,39.0,31-45,2017,Palmeiras,Bahia,True
6025,27,Bahia,Edigar Junio,45+2,Normal,45,2,1,45.02,45+,2017,Palmeiras,Bahia,False
6007,28,Vasco,Nenê,69,Normal,69,0,2,69.0,61-75,2017,Vasco,Botafogo-RJ,True
6008,28,Sao Paulo,Lucas Pratto,60,Normal,60,0,2,60.0,46-60,2017,Sao Paulo,Athletico-PR,True
6008,28,Sao Paulo,Maicosuel,83,Normal,83,0,2,83.0,76-90,2017,Sao Paulo,Athletico-PR,True
6008,28,Athletico-PR,Douglas Coutinho,50,Normal,50,0,2,50.0,46-60,2017,Sao Paulo,Athletico-PR,False
6010,28,Atletico-GO,Walter Henrique da Silva,77,Penalty,77,0,2,77.0,76-90,2017,Atletico-GO,Palmeiras,True
6010,28,Palmeiras,Willian Gomes de Siqueira,21,Normal,21,0,1,21.0,16-30,2017,Atletico-GO,Palmeiras,False
6010,28,Palmeiras,Moisés Lima Magalhães,44,Normal,44,0,1,44.0,31-45,2017,Atletico-GO,Palmeiras,False
6010,28,Palmeiras,Eduardo Pereira Rodrigues,59,Normal,59,0,2,59.0,46-60,2017,Atletico-GO,Palmeiras,False
6011,28,Fluminense,Henrique Dourado,14,Normal,14,0,1,14.0,0-15,2017,Fluminense,Avai,True
6009,28,Flamengo,Diego Ribas,79,Normal,79,0,2,79.0,76-90,2017,Chapecoense,Flamengo,False
6012,28,Sport,Patrick,10,Normal,10,0,1,10.0,0-15,2017,Sport,Atletico-MG,True
6012,28,Atletico-MG,Fred,38,Normal,38,0,1,38.0,31-45,2017,Sport,Atletico-MG,False
6013,28,Gremio,Ramiro Moschen Benetti,90+2,Normal,90,2,2,90.02,90+,2017,Coritiba,Gremio,False
6014,28,Bahia,Régis,90+4,Normal,90,4,2,90.04,90+,2017,Bahia,Corinthians,True
6014,28,Bahia,Vinícius,72,Normal,72,0,2,72.0,61-75,2017,Bahia,Corinthians,True
6015,28,Santos,Jean Mota Oliveira de Souza,35,Normal,35,0,1,35.0,31-45,2017,Santos,Vitoria,True
6015,28,Vitoria,David Corrêa da Fonseca,22,Normal,22,0,1,22.0,16-30,2017,Santos,Vitoria,False
6015,28,Santos,Ramon Menezes Roma,68,Gol Contra,68,0,2,68.0,61-75,2017,Santos,Vitoria,True
6015,28,Vitoria,Wallace Reis da Silva,64,Normal,64,0,2,64.0,61-75,2017,Santos,Vitoria,False
6027,29,Coritiba,Diogo Barbosa,34,Gol Contra,34,0,1,34.0,31-45,2017,Coritiba,Cruzeiro,True
6026,29,Vasco,Jonathan Francisco Lemos,30,Gol Contra,30,0,1,30.0,16-30,2017,Atletico-GO,Vasco,False
6028,29,Atletico-MG,Valdívia,9,Normal,9,0,1,9.0,0-15,2017,Atletico-MG,Chapecoense,True
6028,29,Chapecoense,Luiz Antônio de Souza Soares,80,Normal,80,0,2,80.0,76-90,2017,Atletico-MG,Chapecoense,False
6028,29,Atletico-MG,Fred,67,Normal,67,0,2,67.0,61-75,2017,Atletico-MG,Chapecoense,True
6028,29,Chapecoense,Wellington Paulista,30,Normal,30,0,1,30.0,16-30,2017,Atletico-MG,Chapecoense,False
6028,29,Chapecoense,Héctor Canteros,42,Normal,42,0,1,42.0,31-45,2017,Atletico-MG,Chapecoense,False
6030,29,Fluminense,Henrique Dourado,23,Penalty,23,0,1,23.0,16-30,2017,Fluminense,Sao Paulo,True
6030,29,Fluminense,Robson Azevedo da Silva,85,Penalty,85,0,2,85.0,76-90,2017,Fluminense,Sao Paulo,True
6030,29,Fluminense,Junior Sornoza,24,Normal,24,0,1,24.0,16-30,2017,Fluminense,Sao Paulo,True
6030,29,Sao Paulo,Shaylon,89,Normal,89,0,2,89.0,76-90,2017,Fluminense,Sao Paulo,False
6029,29,Botafogo-RJ,Marcos Vinícius de Jesus Araújo,90+6,Normal,90,6,2,90.06,90+,2017,Avai,Botafogo-RJ,False
6029,29,Avai,Marquinhos Santos,65,Penalty,65,0,2,65.0,61-75,2017,Avai,Botafogo-RJ,True
6032,29,Vitoria,Santiago Tréllez,50,Normal,50,0,2,50.0,46-60,2017,Vitoria,Athletico-PR,True
6032,29,Athletico-PR,Ribamar,4,Normal,4,0,1,4.0,0-15,2017,Vitoria,Athletico-PR,False
6032,29,Vitoria,Neilton Mestzk,24,Penalty,24,0,1,24.0,16-30,2017,Vitoria,Athletico-PR,True
6032,29,Athletico-PR,Ribamar,79,Normal,79,0,2,79.0,76-90,2017,Vitoria,Athletico-PR,False
6032,29,Athletico-PR,Douglas Coutinho,66,Normal,66,0,2,66.0,61-75,2017,Vitoria,Athletico-PR,False
6033,29,Palmeiras,Keno,28,Normal,28,0,1,28.0,16-30,2017,Palmeiras,Ponte Preta,True
6033,29,Palmeiras,Miguel Borja,73,Normal,73,0,2,73.0,61-75,2017,Palmeiras,Ponte Preta,True
6034,29,Bahia,Stiven Mendoza,69,Penalty,69,0,2,69.0,61-75,2017,Flamengo,Bahia,False
6034,29,Flamengo,Diego Ribas,87,Normal,87,0,2,87.0,76-90,2017,Flamengo,Bahia,True
6034,29,Flamengo,Réver,51,Normal,51,0,2,51.0,46-60,2017,Flamengo,Bahia,True
6034,29,Flamengo,Diego Ribas,85,Penalty,85,0,2,85.0,76-90,2017,Flamengo,Bahia,True
6034,29,Flamengo,Réver,77,Normal,77,0,2,77.0,76-90,2017,Flamengo,Bahia,True
6035,29,Sport,José Rogério de Oliveira Melo,84,Normal,84,0,2,84.0,76-90,2017,Sport,Santos,True
6035,29,Santos,Ricardo Oliveira,4,Normal,4,0,1,4.0,0-15,2017,Sport,Santos,False
6036,30,Vasco,Matheus Galdezani,16,Gol Contra,16,0,1,16.0,16-30,2017,Vasco,Coritiba,True
6036,30,Coritiba,Rildo de Andrade Felicissimo,67,Normal,67,0,2,67.0,61-75,2017,Vasco,Coritiba,False
6039,30,Gremio,Michel Ferreira dos Santos,79,Normal,79,0,2,79.0,76-90,2017,Gremio,Palmeiras,True
6039,30,Palmeiras,Eduardo Pereira Rodrigues,48,Normal,48,0,2,48.0,46-60,2017,Gremio,Palmeiras,False
6039,30,Palmeiras,Eduardo Pereira Rodrigues,64,Normal,64,0,2,64.0,61-75,2017,Gremio,Palmeiras,False
6039,30,Palmeiras,Moisés Lima Magalhães,54,Normal,54,0,2,54.0,46-60,2017,Gremio,Palmeiras,False
6037,30,Santos,Ricardo Oliveira,31,Normal,31,0,1,31.0,31-45,2017,Santos,Atletico-GO,True
6042,30,Atletico-MG,Rómulo Otero,61,Normal,61,0,2,61.0,61-75,2017,Cruzeiro,Atletico-MG,False
6042,30,Atletico-MG,Robinho,67,Normal,67,0,2,67.0,61-75,2017,Cruzeiro,Atletico-MG,False
6042,30,Atletico-MG,Robinho,81,Normal,81,0,2,81.0,76-90,2017,Cruzeiro,Atletico-MG,False
6042,30,Cruzeiro,Thiago Neves,31,Normal,31,0,1,31.0,31-45,2017,Cruzeiro,Atletico-MG,True
6040,30,Sao Paulo,Lucas Pratto,14,Normal,14,0,1,14.0,0-15,2017,Sao Paulo,Flamengo,True
6040,30,Sao Paulo,Hernanes,40,Normal,40,0,1,40.0,31-45,2017,Sao Paulo,Flamengo,True
6041,30,Athletico-PR,Felipe Gedoz,88,Penalty,88,0,2,88.0,76-90,2017,Athletico-PR,Sport,True
6041,30,Sport,Diego Souza,70,Penalty,70,0,2,70.0,61-75,2017,Athletico-PR,Sport,False
6041,30,Athletico-PR,Lucho González,61,Normal,61,0,2,61.0,61-75,2017,Athletico-PR,Sport,True
6038,30,Bahia,Stiven Mendoza,47,Normal,47,0,2,47.0,46-60,2017,Bahia,Vitoria,True
6038,30,Bahia,Edigar Junio,89,Normal,89,0,2,89.0,76-90,2017,Bahia,Vitoria,True
6038,30,Vitoria,Wallace Reis da Silva,83,Normal,83,0,2,83.0,76-90,2017,Bahia,Vitoria,False
6044,30,Avai,Junior Dutra,36,Penalty,36,0,1,36.0,31-45,2017,Ponte Preta,Avai,False
6044,30,Avai,Rômulo,7,Normal,7,0,1,7.0,0-15,2017,Ponte Preta,Avai,False
6044,30,Ponte Preta,Danilo Barcelos,39,Penalty,39,0,1,39.0,31-45,2017,Ponte Preta,Avai,True
6043,30,Chapecoense,Wellington Paulista,47,Normal,47,0,2,47.0,46-60,2017,Chapecoense,Fluminense,True
6043,30,Chapecoense,Arthur Caike do Nascimento Cruz,4,Normal,4,0,1,4.0,0-15,2017,Chapecoense,Fluminense,True
6045,30,Corinthians,Jô,60,Normal,60,0,2,60.0,46-60,2017,Botafogo-RJ,Corinthians,False
6045,30,Botafogo-RJ,Brenner Marlos Varanda de Oliveira,53,Normal,53,0,2,53.0,46-60,2017,Botafogo-RJ,Corinthians,True
6045,30,Botafogo-RJ,Igor Rabello,76,Normal,76,0,2,76.0,76-90,2017,Botafogo-RJ,Corinthians,True
6046,31,Sao Paulo,Marcos Guilherme,17,Normal,17,0,1,17.0,16-30,2017,Sao Paulo,Santos,True
6046,31,Sao Paulo,Christian Cueva,22,Normal,22,0,1,22.0,16-30,2017,Sao Paulo,Santos,True
6046,31,Santos,Alison Lopes Ferreira,34,Normal,34,0,1,34.0,31-45,2017,Sao Paulo,Santos,False
6050,31,Fluminense,Gustavo Scarpa,33,Normal,33,0,1,33.0,31-45,2017,Fluminense,Bahia,True
6050,31,Bahia,Edigar Junio,3,Normal,3,0,1,3.0,0-15,2017,Fluminense,Bahia,False
6049,31,Ponte Preta,Lucca Borges de Brito,39,Normal,39,0,1,39.0,31-45,2017,Ponte Preta,Corinthians,True
6052,31,Atletico-GO,Luiz Fernando Moraes dos Santos,11,Normal,11,0,1,11.0,0-15,2017,Vitoria,Atletico-GO,False
6052,31,Vitoria,José Welison,66,Normal,66,0,2,66.0,61-75,2017,Vitoria,Atletico-GO,True
6053,31,Coritiba,Werley Ananias da Silva,6,Normal,6,0,1,6.0,0-15,2017,Sport,Coritiba,False
6053,31,Sport,Diego Souza,29,Normal,29,0,1,29.0,16-30,2017,Sport,Coritiba,True
6053,31,Coritiba,Henrique Almeida,40,Normal,40,0,1,40.0,31-45,2017,Sport,Coritiba,False
6053,31,Sport,Diego Souza,62,Normal,62,0,2,62.0,61-75,2017,Sport,Coritiba,True
6053,31,Coritiba,Jonas Gomes de Sousa,78,Normal,78,0,2,78.0,76-90,2017,Sport,Coritiba,False
6053,31,Sport,André Felipe Ribeiro de Souza,42,Normal,42,0,1,42.0,31-45,2017,Sport,Coritiba,True
6053,31,Coritiba,Yan Sasse,90+1,Normal,90,1,2,90.01,90+,2017,Sport,Coritiba,False
6054,31,Avai,Pedro Castro,29,Normal,29,0,1,29.0,16-30,2017,Avai,Gremio,True
6054,31,Avai,Leandro Silva,62,Normal,62,0,2,62.0,61-75,2017,Avai,Gremio,True
6054,31,Gremio,Rafael Thyere de Albuquerque Marques,12,Normal,12,0,1,12.0,0-15,2017,Avai,Gremio,False
6054,31,Gremio,Kaio Silva Mendes,36,Normal,36,0,1,36.0,31-45,2017,Avai,Gremio,False
6055,31,Cruzeiro,José Carlos Ferreira Júnior,6,Gol Contra,6,0,1,6.0,0-15,2017,Palmeiras,Cruzeiro,False
6055,31,Palmeiras,Miguel Borja,35,Normal,35,0,1,35.0,31-45,2017,Palmeiras,Cruzeiro,True
6055,31,Palmeiras,Miguel Borja,86,Normal,86,0,2,86.0,76-90,2017,Palmeiras,Cruzeiro,True
6055,31,Cruzeiro,Róbson Michael Signorini,64,Normal,64,0,2,64.0,61-75,2017,Palmeiras,Cruzeiro,False
6056,32,Santos,David Braz,60,Normal,60,0,2,60.0,46-60,2017,Santos,Atletico-MG,True
6056,32,Santos,Ricardo Oliveira,79,Normal,79,0,2,79.0,76-90,2017,Santos,Atletico-MG,True
6056,32,Atletico-MG,Fred,50,Normal,50,0,2,50.0,46-60,2017,Santos,Atletico-MG,False
6056,32,Santos,Arthur Gomes,45,Normal,45,0,1,45.0,31-45,2017,Santos,Atletico-MG,True
6058,32,Sao Paulo,Hernanes,21,Normal,21,0,1,21.0,16-30,2017,Atletico-GO,Sao Paulo,False
6057,32,Fluminense,Marcos Júnior,61,Normal,61,0,2,61.0,61-75,2017,Botafogo-RJ,Fluminense,False
6057,32,Fluminense,Matheus Alessandro,87,Normal,87,0,2,87.0,76-90,2017,Botafogo-RJ,Fluminense,False
6057,32,Botafogo-RJ,Marcos Vinícius de Jesus Araújo,0,Normal,0,0,1,0.0,0-15,2017,Botafogo-RJ,Fluminense,True
6059,32,Coritiba,Tiago Real,50,Normal,50,0,2,50.0,46-60,2017,Coritiba,Avai,True
6059,32,Coritiba,Wilson Rodrigues de Moura Júnior,41,Penalty,41,0,1,41.0,31-45,2017,Coritiba,Avai,True
6059,32,Coritiba,Jonas Gomes de Sousa,85,Normal,85,0,2,85.0,76-90,2017,Coritiba,Avai,True
6059,32,Coritiba,Alan Santos da Silva,17,Normal,17,0,1,17.0,16-30,2017,Coritiba,Avai,True
6061,32,Cruzeiro,Giorgian De Arrascaeta,41,Normal,41,0,1,41.0,31-45,2017,Cruzeiro,Athletico-PR,True
6062,32,Gremio,Everton Sousa Soares,72,Normal,72,0,2,72.0,61-75,2017,Gremio,Flamengo,True
6062,32,Gremio,Luan Guilherme de Jesus Vieira,82,Normal,82,0,2,82.0,76-90,2017,Gremio,Flamengo,True
6062,32,Flamengo,Éverton Ribeiro,47,Normal,47,0,2,47.0,46-60,2017,Gremio,Flamengo,False
6062,32,Gremio,Everton Sousa Soares,70,Normal,70,0,2,70.0,61-75,2017,Gremio,Flamengo,True
6060,32,Palmeiras,Yerry Mina,35,Normal,35,0,1,35.0,31-45,2017,Corinthians,Palmeiras,False
6060,32,Palmeiras,Moisés Lima Magalhães,68,Normal,68,0,2,68.0,61-75,2017,Corinthians,Palmeiras,False
6060,32,Corinthians,Jô,38,Penalty,38,0,1,38.0,31-45,2017,Corinthians,Palmeiras,True
6060,32,Corinthians,Ángel Romero,27,Normal,27,0,1,27.0,16-30,2017,Corinthians,Palmeiras,True
6060,32,Corinthians,Fabián Balbuena,29,Normal,29,0,1,29.0,16-30,2017,Corinthians,Palmeiras,True
6063,32,Bahia,Edigar Junio,90+3,Normal,90,3,2,90.03,90+,2017,Bahia,Ponte Preta,True
6063,32,Bahia,Stiven Mendoza,26,Normal,26,0,1,26.0,16-30,2017,Bahia,Ponte Preta,True
6064,32,Vasco,Breno Vinícius Rodrigues Borges,9,Normal,9,0,1,9.0,0-15,2017,Vasco,Vitoria,True
6064,32,Vitoria,André Lima,90+1,Normal,90,1,2,90.01,90+,2017,Vasco,Vitoria,False
6065,32,Sport,André Felipe Ribeiro de Souza,90+7,Penalty,90,7,2,90.07,90+,2017,Chapecoense,Sport,False
6065,32,Chapecoense,Wellington Paulista,65,Penalty,65,0,2,65.0,61-75,2017,Chapecoense,Sport,True
6066,33,Gremio,Ramiro Moschen Benetti,49,Normal,49,0,2,49.0,46-60,2017,Ponte Preta,Gremio,False
6067,33,Avai,Marquinhos Santos,17,Normal,17,0,1,17.0,16-30,2017,Avai,Bahia,True
6067,33,Bahia,Edigar Junio,33,Normal,33,0,1,33.0,31-45,2017,Avai,Bahia,False
6067,33,Bahia,Edigar Junio,79,Normal,79,0,2,79.0,76-90,2017,Avai,Bahia,False
6068,33,Botafogo-RJ,Bruno César Pereira da Silva,14,Normal,14,0,1,14.0,0-15,2017,Sport,Botafogo-RJ,False
6068,33,Botafogo-RJ,Marcos Vinícius de Jesus Araújo,18,Normal,18,0,1,18.0,16-30,2017,Sport,Botafogo-RJ,False
6068,33,Sport,André Felipe Ribeiro de Souza,85,Normal,85,0,2,85.0,76-90,2017,Sport,Botafogo-RJ,True
6069,33,Corinthians,Giovanni Augusto,77,Normal,77,0,2,77.0,76-90,2017,Athletico-PR,Corinthians,False
6072,33,Vitoria,Yago Rocha,6,Normal,6,0,1,6.0,0-15,2017,Vitoria,Palmeiras,True
6072,33,Vitoria,Yago Rocha,40,Normal,40,0,1,40.0,31-45,2017,Vitoria,Palmeiras,True
6072,33,Vitoria,Santiago Tréllez,15,Normal,15,0,1,15.0,0-15,2017,Vitoria,Palmeiras,True
6072,33,Palmeiras,Eduardo Pereira Rodrigues,20,Normal,20,0,1,20.0,16-30,2017,Vitoria,Palmeiras,False
6070,33,Vasco,Evander,84,Normal,84,0,2,84.0,76-90,2017,Santos,Vasco,False
6070,33,Vasco,Nenê,90+2,Normal,90,2,2,90.02,90+,2017,Santos,Vasco,False
6070,33,Santos,Ricardo Oliveira,64,Normal,64,0,2,64.0,61-75,2017,Santos,Vasco,True
6071,33,Flamengo,Éverton Cardoso da Silva,37,Normal,37,0,1,37.0,31-45,2017,Flamengo,Cruzeiro,True
6071,33,Flamengo,Vinícius Júnior,90+4,Normal,90,4,2,90.04,90+,2017,Flamengo,Cruzeiro,True
6074,33,Atletico-MG,Fred,65,Normal,65,0,2,65.0,61-75,2017,Atletico-MG,Atletico-GO,True
6074,33,Atletico-GO,Diego Rosa,6,Normal,6,0,1,6.0,0-15,2017,Atletico-MG,Atletico-GO,False
6074,33,Atletico-MG,Fábio Santos,18,Penalty,18,0,1,18.0,16-30,2017,Atletico-MG,Atletico-GO,True
6074,33,Atletico-GO,Andrigo,27,Normal,27,0,1,27.0,16-30,2017,Atletico-MG,Atletico-GO,False
6074,33,Atletico-MG,Luan Madson Gedeão de Paiva,50,Normal,50,0,2,50.0,46-60,2017,Atletico-MG,Atletico-GO,True
6073,33,Sao Paulo,Gilberto Oliveira Souza Junior,71,Normal,71,0,2,71.0,61-75,2017,Sao Paulo,Chapecoense,True
6073,33,Chapecoense,Reinaldo Manoel da Silva,59,Penalty,59,0,2,59.0,46-60,2017,Sao Paulo,Chapecoense,False
6073,33,Sao Paulo,Robert Arboleda,82,Normal,82,0,2,82.0,76-90,2017,Sao Paulo,Chapecoense,True
6073,33,Chapecoense,Wellington Paulista,26,Normal,26,0,1,26.0,16-30,2017,Sao Paulo,Chapecoense,False
6075,33,Coritiba,Werley Ananias da Silva,43,Normal,43,0,1,43.0,31-45,2017,Fluminense,Coritiba,False
6075,33,Fluminense,Cleber Reis,54,Gol Contra,54,0,2,54.0,46-60,2017,Fluminense,Coritiba,True
6075,33,Coritiba,Cleber Reis,69,Normal,69,0,2,69.0,61-75,2017,Fluminense,Coritiba,False
6075,33,Fluminense,Henrique Dourado,55,Normal,55,0,2,55.0,46-60,2017,Fluminense,Coritiba,True
6076,34,Athletico-PR,Guilherme Milhomem Gusmão,31,Normal,31,0,1,31.0,31-45,2017,Botafogo-RJ,Athletico-PR,False
6077,34,Corinthians,Colin Kâzım-Richards,48,Normal,48,0,2,48.0,46-60,2017,Corinthians,Avai,True
6079,34,Palmeiras,Deyverson,14,Normal,14,0,1,14.0,0-15,2017,Palmeiras,Flamengo,True
6079,34,Palmeiras,Deyverson,36,Normal,36,0,1,36.0,31-45,2017,Palmeiras,Flamengo,True
6080,34,Atletico-GO,Diego Rosa,42,Normal,42,0,1,42.0,31-45,2017,Atletico-GO,Sport,True
6080,34,Atletico-GO,Diego Rosa,76,Normal,76,0,2,76.0,76-90,2017,Atletico-GO,Sport,True
6081,34,Gremio,Luiz Fernando Pereira da Silva,19,Normal,19,0,1,19.0,16-30,2017,Gremio,Vitoria,True
6081,34,Vitoria,Patric Cabral Lalau,16,Normal,16,0,1,16.0,16-30,2017,Gremio,Vitoria,False
6078,34,Vasco,Caio Monteiro,75,Normal,75,0,2,75.0,61-75,2017,Vasco,Sao Paulo,True
6078,34,Sao Paulo,Marcos Guilherme,39,Normal,39,0,1,39.0,31-45,2017,Vasco,Sao Paulo,False
6082,34,Bahia,Edigar Junio,64,Normal,64,0,2,64.0,61-75,2017,Bahia,Atletico-MG,True
6082,34,Atletico-MG,Robinho,5,Normal,5,0,1,5.0,0-15,2017,Bahia,Atletico-MG,False
6082,34,Atletico-MG,Robinho,74,Normal,74,0,2,74.0,61-75,2017,Bahia,Atletico-MG,False
6082,34,Bahia,Edigar Junio,55,Penalty,55,0,2,55.0,46-60,2017,Bahia,Atletico-MG,True
6083,34,Cruzeiro,Diogo Barbosa,57,Normal,57,0,2,57.0,46-60,2017,Cruzeiro,Fluminense,True
6083,34,Cruzeiro,Thiago Neves,71,Normal,71,0,2,71.0,61-75,2017,Cruzeiro,Fluminense,True
6083,34,Fluminense,Pedro,6,Normal,6,0,1,6.0,0-15,2017,Cruzeiro,Fluminense,False
6083,34,Cruzeiro,Lucas Romero,16,Normal,16,0,1,16.0,16-30,2017,Cruzeiro,Fluminense,True
6084,34,Ponte Preta,Léo Gamalho,64,Normal,64,0,2,64.0,61-75,2017,Coritiba,Ponte Preta,False
6084,34,Coritiba,Yan Sasse,65,Normal,65,0,2,65.0,61-75,2017,Coritiba,Ponte Preta,True
6085,34,Chapecoense,Wellington Paulista,13,Penalty,13,0,1,13.0,0-15,2017,Chapecoense,Santos,True
6085,34,Chapecoense,Arthur Caike do Nascimento Cruz,66,Normal,66,0,2,66.0,61-75,2017,Chapecoense,Santos,True
6086,35,Athletico-PR,Sidcley Ferreira Pereira,77,Normal,77,0,2,77.0,76-90,2017,Ponte Preta,Athletico-PR,False
6086,35,Ponte Preta,Danilo Barcelos,37,Normal,37,0,1,37.0,31-45,2017,Ponte Preta,Athletico-PR,True
6086,35,Ponte Preta,Danilo Barcelos,66,Normal,66,0,2,66.0,61-75,2017,Ponte Preta,Athletico-PR,True
6087,35,Cruzeiro,Judivan,78,Penalty,78,0,2,78.0,76-90,2017,Cruzeiro,Avai,True
6087,35,Cruzeiro,Thiago Neves,58,Normal,58,0,2,58.0,46-60,2017,Cruzeiro,Avai,True
6087,35,Avai,Junior Dutra,21,Penalty,21,0,1,21.0,16-30,2017,Cruzeiro,Avai,False
6087,35,Avai,Junior Dutra,90+2,Normal,90,2,2,90.02,90+,2017,Cruzeiro,Avai,False
6088,35,Gremio,Walter Kannemann,33,Normal,33,0,1,33.0,31-45,2017,Gremio,Sao Paulo,True
6089,35,Vasco,Andrés Ríos,25,Normal,25,0,1,25.0,16-30,2017,Vasco,Atletico-MG,True
6089,35,Atletico-MG,Fred,52,Normal,52,0,2,52.0,46-60,2017,Vasco,Atletico-MG,False
6090,35,Corinthians,Jadson,84,Normal,84,0,2,84.0,76-90,2017,Corinthians,Fluminense,True
6090,35,Fluminense,Henrique Adriano Buss,1,Normal,1,0,1,1.0,0-15,2017,Corinthians,Fluminense,False
6090,35,Corinthians,Jô,45,Normal,45,0,1,45.0,31-45,2017,Corinthians,Fluminense,True
6090,35,Corinthians,Jô,48,Normal,48,0,2,48.0,46-60,2017,Corinthians,Fluminense,True
6091,35,Atletico-GO,Luiz Fernando Moraes dos Santos,59,Normal,59,0,2,59.0,46-60,2017,Botafogo-RJ,Atletico-GO,False
6091,35,Botafogo-RJ,João Paulo,44,Normal,44,0,1,44.0,31-45,2017,Botafogo-RJ,Atletico-GO,True
6091,35,Atletico-GO,Jorginho,41,Normal,41,0,1,41.0,31-45,2017,Botafogo-RJ,Atletico-GO,False
6093,35,Palmeiras,Deyverson,57,Normal,57,0,2,57.0,46-60,2017,Palmeiras,Sport,True
6093,35,Palmeiras,Keno,90+2,Normal,90,2,2,90.02,90+,2017,Palmeiras,Sport,True
6093,35,Palmeiras,Deyverson,79,Normal,79,0,2,79.0,76-90,2017,Palmeiras,Sport,True
6093,35,Sport,Diego Souza,84,Normal,84,0,2,84.0,76-90,2017,Palmeiras,Sport,False
6093,35,Palmeiras,Luan Garcia Teixeira,64,Normal,64,0,2,64.0,61-75,2017,Palmeiras,Sport,True
6093,35,Palmeiras,Eduardo Pereira Rodrigues,90,Normal,90,0,2,90.0,76-90,2017,Palmeiras,Sport,True
6092,35,Chapecoense,Arthur Caike do Nascimento Cruz,24,Normal,24,0,1,24.0,16-30,2017,Chapecoense,Vitoria,True
6092,35,Chapecoense,Túlio de Melo,77,Normal,77,0,2,77.0,76-90,2017,Chapecoense,Vitoria,True
6092,35,Vitoria,David Corrêa da Fonseca,19,Normal,19,0,1,19.0,16-30,2017,Chapecoense,Vitoria,False
6094,35,Coritiba,Cleber Reis,7,Normal,7,0,1,7.0,0-15,2017,Coritiba,Flamengo,True
6095,35,Bahia,Edigar Junio,78,Penalty,78,0,2,78.0,76-90,2017,Bahia,Santos,True
6095,35,Bahia,Alison Lopes Ferreira,54,Gol Contra,54,0,2,54.0,46-60,2017,Bahia,Santos,True
6095,35,Bahia,Stiven Mendoza,22,Penalty,22,0,1,22.0,16-30,2017,Bahia,Santos,True
6095,35,Santos,Bruno Henrique,16,Normal,16,0,1,16.0,16-30,2017,Bahia,Santos,False
6099,36,Atletico-GO,Luiz Fernando Moraes dos Santos,90,Normal,90,0,2,90.0,76-90,2017,Atletico-GO,Chapecoense,True
6099,36,Chapecoense,Túlio de Melo,35,Normal,35,0,1,35.0,31-45,2017,Atletico-GO,Chapecoense,False
6097,36,Flamengo,Diego Ribas,33,Penalty,33,0,1,33.0,31-45,2017,Flamengo,Corinthians,True
6097,36,Flamengo,Federico Mancuello,21,Normal,21,0,1,21.0,16-30,2017,Flamengo,Corinthians,True
6097,36,Flamengo,Felipe Vizeu,45+1,Normal,45,1,1,45.01,45+,2017,Flamengo,Corinthians,True
6098,36,Vitoria,David Corrêa da Fonseca,21,Penalty,21,0,1,21.0,16-30,2017,Vitoria,Cruzeiro,True
6098,36,Cruzeiro,Alisson Euler de Freitas Castro,76,Normal,76,0,2,76.0,76-90,2017,Vitoria,Cruzeiro,False
6096,36,Sport,Marcos Antônio da Silva Gonçalves,39,Normal,39,0,1,39.0,31-45,2017,Sport,Bahia,True
6102,36,Atletico-MG,Rómulo Otero,4,Normal,4,0,1,4.0,0-15,2017,Atletico-MG,Coritiba,True
6102,36,Atletico-MG,Rómulo Otero,31,Normal,31,0,1,31.0,31-45,2017,Atletico-MG,Coritiba,True
6102,36,Atletico-MG,Leonardo Silva,14,Normal,14,0,1,14.0,0-15,2017,Atletico-MG,Coritiba,True
6103,36,Santos,Jonathan Copete,31,Normal,31,0,1,31.0,31-45,2017,Santos,Gremio,True
6101,36,Athletico-PR,Fabrício dos Santos Silva,68,Normal,68,0,2,68.0,61-75,2017,Athletico-PR,Vasco,True
6101,36,Athletico-PR,Thiago Heleno,14,Normal,14,0,1,14.0,0-15,2017,Athletico-PR,Vasco,True
6101,36,Vasco,Wanderson,16,Gol Contra,16,0,1,16.0,16-30,2017,Athletico-PR,Vasco,False
6101,36,Athletico-PR,Douglas Coutinho,63,Normal,63,0,2,63.0,61-75,2017,Athletico-PR,Vasco,True
6104,36,Fluminense,Douglas Augusto Soares Gomes,58,Normal,58,0,2,58.0,46-60,2017,Fluminense,Ponte Preta,True
6104,36,Fluminense,Henrique Dourado,86,Normal,86,0,2,86.0,76-90,2017,Fluminense,Ponte Preta,True
6105,36,Palmeiras,Keno,74,Normal,74,0,2,74.0,61-75,2017,Avai,Palmeiras,False
6105,36,Avai,Marquinhos Santos,57,Penalty,57,0,2,57.0,46-60,2017,Avai,Palmeiras,True
6105,36,Avai,Lourenço,61,Normal,61,0,2,61.0,61-75,2017,Avai,Palmeiras,True
6106,37,Fluminense,Marcos Júnior,37,Normal,37,0,1,37.0,31-45,2017,Fluminense,Sport,True
6106,37,Sport,André Felipe Ribeiro de Souza,11,Normal,11,0,1,11.0,0-15,2017,Fluminense,Sport,False
6106,37,Sport,André Felipe Ribeiro de Souza,22,Normal,22,0,1,22.0,16-30,2017,Fluminense,Sport,False
6111,37,Vasco,Paulo Marcos de Jesus Ribeiro,20,Normal,20,0,1,20.0,16-30,2017,Cruzeiro,Vasco,False
6112,37,Atletico-GO,Andrigo,70,Normal,70,0,2,70.0,61-75,2017,Gremio,Atletico-GO,False
6112,37,Gremio,Lucas Poletto,72,Normal,72,0,2,72.0,61-75,2017,Gremio,Atletico-GO,True
6107,37,Avai,Maicon,15,Normal,15,0,1,15.0,0-15,2017,Avai,Athletico-PR,True
6109,37,Ponte Preta,Danilo Barcelos,15,Penalty,15,0,1,15.0,0-15,2017,Ponte Preta,Vitoria,True
6109,37,Vitoria,Santiago Tréllez,81,Normal,81,0,2,81.0,76-90,2017,Ponte Preta,Vitoria,False
6109,37,Ponte Preta,Lucca Borges de Brito,6,Normal,6,0,1,6.0,0-15,2017,Ponte Preta,Vitoria,True
6109,37,Vitoria,André Lima,57,Normal,57,0,2,57.0,46-60,2017,Ponte Preta,Vitoria,False
6109,37,Vitoria,Santiago Tréllez,58,Normal,58,0,2,58.0,46-60,2017,Ponte Preta,Vitoria,False
6110,37,Sao Paulo,Matheus Galdezani,71,Gol Contra,71,0,2,71.0,61-75,2017,Coritiba,Sao Paulo,False
6110,37,Coritiba,Wilson Rodrigues de Moura Júnior,42,Penalty,42,0,1,42.0,31-45,2017,Coritiba,Sao Paulo,True
6110,37,Sao Paulo,Éder Militão,67,Normal,67,0,2,67.0,61-75,2017,Coritiba,Sao Paulo,False
6108,37,Atletico-MG,Fred,65,Normal,65,0,2,65.0,61-75,2017,Corinthians,Atletico-MG,False
6108,37,Corinthians,Jadson,35,Normal,35,0,1,35.0,31-45,2017,Corinthians,Atletico-MG,True
6108,37,Corinthians,Marquinhos,58,Normal,58,0,2,58.0,46-60,2017,Corinthians,Atletico-MG,True
6108,37,Atletico-MG,Rómulo Otero,29,Normal,29,0,1,29.0,16-30,2017,Corinthians,Atletico-MG,False
6113,37,Flamengo,Lucas Paquetá,6,Normal,6,0,1,6.0,0-15,2017,Flamengo,Santos,True
6113,37,Santos,Bruno Henrique,9,Normal,9,0,1,9.0,0-15,2017,Flamengo,Santos,False
6113,37,Santos,Arthur Gomes,73,Normal,73,0,2,73.0,61-75,2017,Flamengo,Santos,False
6114,37,Chapecoense,Wellington Paulista,44,Normal,44,0,1,44.0,31-45,2017,Bahia,Chapecoense,False
6115,37,Palmeiras,Eduardo Pereira Rodrigues,55,Normal,55,0,2,55.0,46-60,2017,Palmeiras,Botafogo-RJ,True
6115,37,Palmeiras,Keno,63,Normal,63,0,2,63.0,61-75,2017,Palmeiras,Botafogo-RJ,True
6119,38,Sport,André Felipe Ribeiro de Souza,55,Normal,55,0,2,55.0,46-60,2017,Sport,Corinthians,True
6116,38,Atletico-MG,Rómulo Otero,45+3,Normal,45,3,1,45.03,45+,2017,Atletico-MG,Gremio,True
6116,38,Gremio,Pepê,44,Normal,44,0,1,44.0,31-45,2017,Atletico-MG,Gremio,False
6116,38,Atletico-MG,Rómulo Otero,90+8,Normal,90,8,2,90.08,90+,2017,Atletico-MG,Gremio,True
6116,38,Gremio,Matheus dos Santos Batista,61,Normal,61,0,2,61.0,61-75,2017,Atletico-MG,Gremio,False
6116,38,Atletico-MG,Fred,66,Normal,66,0,2,66.0,61-75,2017,Atletico-MG,Gremio,True
6116,38,Atletico-MG,Elias Mendes Trindade,37,Normal,37,0,1,37.0,31-45,2017,Atletico-MG,Gremio,True
6116,38,Gremio,Jean Pyerre,34,Normal,34,0,1,34.0,31-45,2017,Atletico-MG,Gremio,False
6117,38,Botafogo-RJ,Ezequiel Santos da Silva,69,Normal,69,0,2,69.0,61-75,2017,Botafogo-RJ,Cruzeiro,True
6117,38,Cruzeiro,Thiago Neves,38,Normal,38,0,1,38.0,31-45,2017,Botafogo-RJ,Cruzeiro,False
6117,38,Cruzeiro,Giorgian De Arrascaeta,50,Normal,50,0,2,50.0,46-60,2017,Botafogo-RJ,Cruzeiro,False
6117,38,Botafogo-RJ,Brenner Marlos Varanda de Oliveira,26,Normal,26,0,1,26.0,16-30,2017,Botafogo-RJ,Cruzeiro,True
6118,38,Avai,Pedro Castro,31,Normal,31,0,1,31.0,31-45,2017,Santos,Avai,False
6118,38,Santos,Jonathan Copete,30,Normal,30,0,1,30.0,16-30,2017,Santos,Avai,True
6120,38,Vitoria,Carlos Eduardo Marques,40,Normal,40,0,1,40.0,31-45,2017,Vitoria,Flamengo,True
6120,38,Flamengo,Diego Ribas,90+6,Penalty,90,6,2,90.06,90+,2017,Vitoria,Flamengo,False
6120,38,Flamengo,Rafael Vaz,75,Normal,75,0,2,75.0,61-75,2017,Vitoria,Flamengo,False
6121,38,Atletico-GO,Diego Rosa,21,Normal,21,0,1,21.0,16-30,2017,Atletico-GO,Fluminense,True
6121,38,Fluminense,Wendel,17,Normal,17,0,1,17.0,16-30,2017,Atletico-GO,Fluminense,False
6122,38,Sao Paulo,Brenner,63,Normal,63,0,2,63.0,61-75,2017,Sao Paulo,Bahia,True
6122,38,Bahia,Éder,88,Normal,88,0,2,88.0,76-90,2017,Sao Paulo,Bahia,False
6123,38,Chapecoense,Elicarlos,37,Normal,37,0,1,37.0,31-45,2017,Chapecoense,Coritiba,True
6123,38,Chapecoense,Túlio de Melo,90+4,Normal,90,4,2,90.04,90+,2017,Chapecoense,Coritiba,True
6123,38,Coritiba,Kléber,13,Normal,13,0,1,13.0,0-15,2017,Chapecoense,Coritiba,False
6124,38,Vasco,Mateus Vital,73,Normal,73,0,2,73.0,61-75,2017,Vasco,Ponte Preta,True
6124,38,Vasco,Paulinho,27,Normal,27,0,1,27.0,16-30,2017,Vasco,Ponte Preta,True
6124,38,Ponte Preta,Lucca Borges de Brito,88,Penalty,88,0,2,88.0,76-90,2017,Vasco,Ponte Preta,False
6125,38,Athletico-PR,Éderson Alves Ribeiro Silva,17,Penalty,17,0,1,17.0,16-30,2017,Athletico-PR,Palmeiras,True
6125,38,Athletico-PR,Ribamar,5,Normal,5,0,1,5.0,0-15,2017,Athletico-PR,Palmeiras,True
6125,38,Athletico-PR,Sidcley Ferreira Pereira,34,Normal,34,0,1,34.0,31-45,2017,Athletico-PR,Palmeiras,True
6126,1,Gremio,André Felipe Ribeiro de Souza,55,Normal,55,0,2,55.0,46-60,2018,Cruzeiro,Gremio,False
6127,1,Vitoria,Denílson Pereira Júnior,76,Normal,76,0,2,76.0,76-90,2018,Vitoria,Flamengo,True
6127,1,Flamengo,Lucas Paquetá,1,Normal,1,0,1,1.0,0-15,2018,Vitoria,Flamengo,False
6127,1,Vitoria,Yago Rocha,13,Penalty,13,0,1,13.0,0-15,2018,Vitoria,Flamengo,True
6127,1,Flamengo,Réver,72,Normal,72,0,2,72.0,61-75,2018,Vitoria,Flamengo,False
6128,1,Santos,Pio,42,Gol Contra,42,0,1,42.0,31-45,2018,Santos,Ceara,True
6128,1,Santos,Rodrygo Silva de Goes,50,Normal,50,0,2,50.0,46-60,2018,Santos,Ceara,True
6129,1,America-MG,Serginho,1,Normal,1,0,1,1.0,0-15,2018,America-MG,Sport,True
6129,1,America-MG,Serginho,41,Normal,41,0,1,41.0,31-45,2018,America-MG,Sport,True
6129,1,America-MG,Carlos Emiliano Pereira,38,Normal,38,0,1,38.0,31-45,2018,America-MG,Sport,True
6130,1,Atletico-MG,Rómulo Otero,13,Normal,13,0,1,13.0,0-15,2018,Vasco,Atletico-MG,False
6130,1,Vasco,Yago Pikachu,90+9,Penalty,90,9,2,90.09,90+,2018,Vasco,Atletico-MG,True
6130,1,Vasco,Wagner Ferreira dos Santos,87,Normal,87,0,2,87.0,76-90,2018,Vasco,Atletico-MG,True
6131,1,Internacional,Nicolás Federico López,38,Normal,38,0,1,38.0,31-45,2018,Internacional,Bahia,True
6131,1,Internacional,Nicolás Federico López,61,Normal,61,0,2,61.0,61-75,2018,Internacional,Bahia,True
6132,1,Corinthians,Rodrigo Eduardo Costa Marinho,86,Normal,86,0,2,86.0,76-90,2018,Corinthians,Fluminense,True
6132,1,Fluminense,Richard Candido Coelho,48,Normal,48,0,2,48.0,46-60,2018,Corinthians,Fluminense,False
6132,1,Corinthians,Rodrigo Eduardo Costa Marinho,45+1,Normal,45,1,1,45.01,45+,2018,Corinthians,Fluminense,True
6133,1,Athletico-PR,Thiago Carleto,68,Normal,68,0,2,68.0,61-75,2018,Athletico-PR,Chapecoense,True
6133,1,Athletico-PR,Matheus Rossetto,88,Normal,88,0,2,88.0,76-90,2018,Athletico-PR,Chapecoense,True
6133,1,Athletico-PR,Pablo Felipe Teixeira,52,Normal,52,0,2,52.0,46-60,2018,Athletico-PR,Chapecoense,True
6133,1,Athletico-PR,Éderson Alves Ribeiro Silva,90+3,Normal,90,3,2,90.03,90+,2018,Athletico-PR,Chapecoense,True
6133,1,Athletico-PR,Nikão,58,Normal,58,0,2,58.0,46-60,2018,Athletico-PR,Chapecoense,True
6133,1,Chapecoense,Wellington Paulista,48,Normal,48,0,2,48.0,46-60,2018,Athletico-PR,Chapecoense,False
6134,1,Sao Paulo,Bruno Alves,37,Normal,37,0,1,37.0,31-45,2018,Sao Paulo,Parana,True
6135,1,Botafogo-RJ,Igor Rabello,82,Normal,82,0,2,82.0,76-90,2018,Botafogo-RJ,Palmeiras,True
6135,1,Palmeiras,Alejandro Guerra,54,Normal,54,0,2,54.0,46-60,2018,Botafogo-RJ,Palmeiras,False
6136,2,Bahia,Júnior Brumado,90+4,Normal,90,4,2,90.04,90+,2018,Bahia,Santos,True
6137,2,Flamengo,Henrique Dourado,28,Normal,28,0,1,28.0,16-30,2018,Flamengo,America-MG,True
6137,2,Flamengo,Henrique Dourado,35,Penalty,35,0,1,35.0,31-45,2018,Flamengo,America-MG,True
6138,2,Corinthians,Gabriel Girotto Franco,86,Normal,86,0,2,86.0,76-90,2018,Parana,Corinthians,False
6138,2,Corinthians,Rodrigo Eduardo Costa Marinho,25,Normal,25,0,1,25.0,16-30,2018,Parana,Corinthians,False
6138,2,Corinthians,Sidcley Ferreira Pereira,27,Normal,27,0,1,27.0,16-30,2018,Parana,Corinthians,False
6138,2,Corinthians,Clayson Henrique da Silva Vieira,80,Normal,80,0,2,80.0,76-90,2018,Parana,Corinthians,False
6140,2,Atletico-MG,Ricardo Oliveira,20,Normal,20,0,1,20.0,16-30,2018,Atletico-MG,Vitoria,True
6140,2,Vitoria,Gabriel Costa França,88,Gol Contra,88,0,2,88.0,76-90,2018,Atletico-MG,Vitoria,False
6140,2,Atletico-MG,Róger Guedes,73,Normal,73,0,2,73.0,61-75,2018,Atletico-MG,Vitoria,True
6141,2,Fluminense,Pedro,49,Normal,49,0,2,49.0,46-60,2018,Fluminense,Cruzeiro,True
6142,2,Chapecoense,Wellington Paulista,19,Normal,19,0,1,19.0,16-30,2018,Chapecoense,Vasco,True
6142,2,Vasco,Andrés Ríos,54,Normal,54,0,2,54.0,46-60,2018,Chapecoense,Vasco,False
6143,2,Palmeiras,Eduardo Pereira Rodrigues,40,Normal,40,0,1,40.0,31-45,2018,Palmeiras,Internacional,True
6145,2,Botafogo-RJ,Rodrigo Lindoso,90+3,Normal,90,3,2,90.03,90+,2018,Sport,Botafogo-RJ,False
6145,2,Sport,Everton Felipe,86,Normal,86,0,2,86.0,76-90,2018,Sport,Botafogo-RJ,True
6146,3,Botafogo-RJ,Brenner Marlos Varanda de Oliveira,36,Normal,36,0,1,36.0,31-45,2018,Botafogo-RJ,Gremio,True
6146,3,Botafogo-RJ,Gilson Gomes do Nascimento,90+2,Normal,90,2,2,90.02,90+,2018,Botafogo-RJ,Gremio,True
6146,3,Gremio,Igor Rabello,38,Gol Contra,38,0,1,38.0,31-45,2018,Botafogo-RJ,Gremio,False
6151,3,Atletico-MG,Róger Guedes,87,Normal,87,0,2,87.0,76-90,2018,Atletico-MG,Corinthians,True
6152,3,Fluminense,Pedro,89,Normal,89,0,2,89.0,76-90,2018,Fluminense,Sao Paulo,True
6152,3,Sao Paulo,Éder Militão,23,Normal,23,0,1,23.0,16-30,2018,Fluminense,Sao Paulo,False
6148,3,Flamengo,Vinícius Júnior,53,Normal,53,0,2,53.0,46-60,2018,Ceara,Flamengo,False
6148,3,Flamengo,Diego Ribas,71,Normal,71,0,2,71.0,61-75,2018,Ceara,Flamengo,False
6148,3,Flamengo,Vinícius Júnior,42,Normal,42,0,1,42.0,31-45,2018,Ceara,Flamengo,False
6150,3,Sport,Jonathan Marlone,49,Normal,49,0,2,49.0,46-60,2018,Parana,Sport,False
6150,3,Parana,Jhonny Lucas,90,Normal,90,0,2,90.0,76-90,2018,Parana,Sport,True
6150,3,Sport,José Rogério de Oliveira Melo,8,Normal,8,0,1,8.0,0-15,2018,Parana,Sport,False
6154,3,America-MG,Marcos Antônio da Silva Gonçalves,7,Normal,7,0,1,7.0,0-15,2018,America-MG,Vitoria,True
6154,3,America-MG,Rafael Moura,35,Normal,35,0,1,35.0,31-45,2018,America-MG,Vitoria,True
6154,3,Vitoria,Pedro Botelho,76,Normal,76,0,2,76.0,76-90,2018,America-MG,Vitoria,False
6156,4,Vasco,Kelvin Mateus de Oliveira,90+1,Normal,90,1,2,90.01,90+,2018,Vasco,America-MG,True
6156,4,America-MG,Rafael Moura,32,Penalty,32,0,1,32.0,31-45,2018,Vasco,America-MG,False
6156,4,Vasco,Bruno Cosendey,57,Normal,57,0,2,57.0,46-60,2018,Vasco,America-MG,True
6156,4,Vasco,Caio Monteiro,63,Normal,63,0,2,63.0,61-75,2018,Vasco,America-MG,True
6156,4,Vasco,Andrés Ríos,79,Normal,79,0,2,79.0,76-90,2018,Vasco,America-MG,True
6157,4,Atletico-MG,Ricardo Oliveira,78,Normal,78,0,2,78.0,76-90,2018,Sao Paulo,Atletico-MG,False
6157,4,Sao Paulo,Éverton Cardoso da Silva,25,Normal,25,0,1,25.0,16-30,2018,Sao Paulo,Atletico-MG,True
6157,4,Sao Paulo,Diego Souza,82,Normal,82,0,2,82.0,76-90,2018,Sao Paulo,Atletico-MG,True
6157,4,Atletico-MG,Róger Guedes,71,Normal,71,0,2,71.0,61-75,2018,Sao Paulo,Atletico-MG,False
6158,4,Corinthians,Henrique Adriano Buss,40,Normal,40,0,1,40.0,31-45,2018,Corinthians,Ceara,True
6158,4,Ceara,Wescley,9,Normal,9,0,1,9.0,0-15,2018,Corinthians,Ceara,False
6159,4,Flamengo,Éverton Ribeiro,87,Normal,87,0,2,87.0,76-90,2018,Flamengo,Internacional,True
6159,4,Flamengo,Lucas Paquetá,71,Normal,71,0,2,71.0,61-75,2018,Flamengo,Internacional,True
6160,4,Cruzeiro,Dedé,72,Normal,72,0,2,72.0,61-75,2018,Cruzeiro,Botafogo-RJ,True
6161,4,Palmeiras,Marcos Rocha,60,Normal,60,0,2,60.0,46-60,2018,Athletico-PR,Palmeiras,False
6161,4,Palmeiras,Willian Gomes de Siqueira,85,Normal,85,0,2,85.0,76-90,2018,Athletico-PR,Palmeiras,False
6161,4,Athletico-PR,Pablo Felipe Teixeira,90,Normal,90,0,2,90.0,76-90,2018,Athletico-PR,Palmeiras,True
6161,4,Palmeiras,Bruno Henrique Corsini,44,Normal,44,0,1,44.0,31-45,2018,Athletico-PR,Palmeiras,False
6162,4,Fluminense,Gilberto Moraes Júnior,86,Normal,86,0,2,86.0,76-90,2018,Vitoria,Fluminense,False
6162,4,Vitoria,Neilton Mestzk,21,Normal,21,0,1,21.0,16-30,2018,Vitoria,Fluminense,True
6162,4,Fluminense,Pablo Dyego,73,Normal,73,0,2,73.0,61-75,2018,Vitoria,Fluminense,False
6163,4,Gremio,André Felipe Ribeiro de Souza,70,Normal,70,0,2,70.0,61-75,2018,Gremio,Santos,True
6163,4,Gremio,Arthur,80,Normal,80,0,2,80.0,76-90,2018,Gremio,Santos,True
6163,4,Gremio,Maicon,31,Normal,31,0,1,31.0,31-45,2018,Gremio,Santos,True
6163,4,Santos,Jean Mota Oliveira de Souza,33,Normal,33,0,1,33.0,31-45,2018,Gremio,Santos,False
6163,4,Gremio,Maicon,55,Normal,55,0,2,55.0,46-60,2018,Gremio,Santos,True
6163,4,Gremio,Everton Sousa Soares,45+2,Normal,45,2,1,45.02,45+,2018,Gremio,Santos,True
6164,4,Sport,Douglas Friedrich,44,Gol Contra,44,0,1,44.0,31-45,2018,Sport,Bahia,True
6164,4,Sport,Cláudio Winck,49,Normal,49,0,2,49.0,46-60,2018,Sport,Bahia,True
6165,4,Chapecoense,Arthur Caike do Nascimento Cruz,63,Normal,63,0,2,63.0,61-75,2018,Chapecoense,Parana,True
6165,4,Parana,Carlos Júnior,68,Normal,68,0,2,68.0,61-75,2018,Chapecoense,Parana,False
6167,5,Cruzeiro,Dedé,45+2,Normal,45,2,1,45.02,45+,2018,Cruzeiro,Sport,True
6167,5,Cruzeiro,Giorgian De Arrascaeta,56,Normal,56,0,2,56.0,46-60,2018,Cruzeiro,Sport,True
6169,5,Vitoria,André Lima,17,Normal,17,0,1,17.0,16-30,2018,Vasco,Vitoria,False
6169,5,Vitoria,Lucas Fernandes,71,Normal,71,0,2,71.0,61-75,2018,Vasco,Vitoria,False
6169,5,Vitoria,Werley Ananias da Silva,76,Gol Contra,76,0,2,76.0,76-90,2018,Vasco,Vitoria,False
6169,5,Vasco,Yago Pikachu,40,Penalty,40,0,1,40.0,31-45,2018,Vasco,Vitoria,True
6169,5,Vasco,Andrés Ríos,83,Normal,83,0,2,83.0,76-90,2018,Vasco,Vitoria,True
6170,5,Corinthians,Rodrigo Eduardo Costa Marinho,38,Normal,38,0,1,38.0,31-45,2018,Corinthians,Palmeiras,True
6171,5,Sao Paulo,Santiago Tréllez,31,Normal,31,0,1,31.0,31-45,2018,Bahia,Sao Paulo,False
6171,5,Sao Paulo,Shaylon,90+3,Normal,90,3,2,90.03,90+,2018,Bahia,Sao Paulo,False
6171,5,Bahia,Edigar Junio,12,Penalty,12,0,1,12.0,0-15,2018,Bahia,Sao Paulo,True
6171,5,Bahia,Edigar Junio,38,Normal,38,0,1,38.0,31-45,2018,Bahia,Sao Paulo,True
6172,5,Flamengo,Paolo Guerrero,49,Normal,49,0,2,49.0,46-60,2018,Chapecoense,Flamengo,False
6172,5,Flamengo,Vinícius Júnior,78,Normal,78,0,2,78.0,76-90,2018,Chapecoense,Flamengo,False
6172,5,Chapecoense,Héctor Canteros,23,Normal,23,0,1,23.0,16-30,2018,Chapecoense,Flamengo,True
6172,5,Chapecoense,Leandro,90+1,Normal,90,1,2,90.01,90+,2018,Chapecoense,Flamengo,True
6172,5,Chapecoense,Guilherme,68,Penalty,68,0,2,68.0,61-75,2018,Chapecoense,Flamengo,True
6168,5,Athletico-PR,Pablo Felipe Teixeira,31,Normal,31,0,1,31.0,31-45,2018,Athletico-PR,Atletico-MG,True
6168,5,Atletico-MG,Gleison Bremer,54,Normal,54,0,2,54.0,46-60,2018,Athletico-PR,Atletico-MG,False
6168,5,Atletico-MG,Róger Guedes,65,Normal,65,0,2,65.0,61-75,2018,Athletico-PR,Atletico-MG,False
6173,5,Santos,Gabriel Barbosa,76,Normal,76,0,2,76.0,76-90,2018,Santos,Parana,True
6173,5,Parana,Silvinho,90+3,Normal,90,3,2,90.03,90+,2018,Santos,Parana,False
6173,5,Santos,Rodrygo Silva de Goes,47,Normal,47,0,2,47.0,46-60,2018,Santos,Parana,True
6173,5,Santos,Gabriel Barbosa,59,Normal,59,0,2,59.0,46-60,2018,Santos,Parana,True
6175,5,Ceara,Pio,90+3,Penalty,90,3,2,90.03,90+,2018,Ceara,America-MG,True
6175,5,Ceara,Elton Rodrigues Brandão,38,Normal,38,0,1,38.0,31-45,2018,Ceara,America-MG,True
6175,5,America-MG,Giovanni,3,Normal,3,0,1,3.0,0-15,2018,Ceara,America-MG,False
6175,5,America-MG,Giovanni,30,Normal,30,0,1,30.0,16-30,2018,Ceara,America-MG,False
6174,5,Fluminense,Pedro,33,Normal,33,0,1,33.0,31-45,2018,Botafogo-RJ,Fluminense,False
6174,5,Botafogo-RJ,Rodrigo Lindoso,27,Normal,27,0,1,27.0,16-30,2018,Botafogo-RJ,Fluminense,True
6174,5,Botafogo-RJ,Kieza,64,Normal,64,0,2,64.0,61-75,2018,Botafogo-RJ,Fluminense,True
6176,6,Atletico-MG,Róger Guedes,61,Normal,61,0,2,61.0,61-75,2018,Atletico-MG,Cruzeiro,True
6177,6,Flamengo,Vinícius Júnior,14,Normal,14,0,1,14.0,0-15,2018,Flamengo,Vasco,True
6177,6,Vasco,Wagner Ferreira dos Santos,18,Normal,18,0,1,18.0,16-30,2018,Flamengo,Vasco,False
6178,6,Palmeiras,Antonio Carlos Capocasali,33,Normal,33,0,1,33.0,31-45,2018,Palmeiras,Bahia,True
6178,6,Palmeiras,Miguel Borja,42,Normal,42,0,1,42.0,31-45,2018,Palmeiras,Bahia,True
6178,6,Palmeiras,Willian Gomes de Siqueira,3,Normal,3,0,1,3.0,0-15,2018,Palmeiras,Bahia,True
6179,6,Vitoria,Neilton Mestzk,85,Penalty,85,0,2,85.0,76-90,2018,Vitoria,Ceara,True
6179,6,Vitoria,Wallyson,21,Normal,21,0,1,21.0,16-30,2018,Vitoria,Ceara,True
6179,6,Ceara,Wescley,75,Normal,75,0,2,75.0,61-75,2018,Vitoria,Ceara,False
6181,6,America-MG,Juninho,78,Normal,78,0,2,78.0,76-90,2018,America-MG,Botafogo-RJ,True
6183,6,Sport,Carlos Henrique Alves Pereira,63,Normal,63,0,2,63.0,61-75,2018,Sport,Corinthians,True
6183,6,Corinthians,Roger Rodrigues da Silva,55,Normal,55,0,2,55.0,46-60,2018,Sport,Corinthians,False
6180,6,Sao Paulo,Diego Souza,56,Normal,56,0,2,56.0,46-60,2018,Sao Paulo,Santos,True
6184,6,Fluminense,Marcos Júnior,36,Normal,36,0,1,36.0,31-45,2018,Fluminense,Athletico-PR,True
6184,6,Fluminense,Thiago Heleno,23,Gol Contra,23,0,1,23.0,16-30,2018,Fluminense,Athletico-PR,True
6185,6,Internacional,Lucca Borges de Brito,39,Normal,39,0,1,39.0,31-45,2018,Internacional,Chapecoense,True
6185,6,Internacional,Rodrigo Moledo,60,Normal,60,0,2,60.0,46-60,2018,Internacional,Chapecoense,True
6185,6,Internacional,Patrick,84,Normal,84,0,2,84.0,76-90,2018,Internacional,Chapecoense,True
6186,7,Fluminense,Pedro,22,Normal,22,0,1,22.0,16-30,2018,Fluminense,Chapecoense,True
6186,7,Fluminense,Pedro,87,Normal,87,0,2,87.0,76-90,2018,Fluminense,Chapecoense,True
6186,7,Fluminense,Marcos Júnior,26,Normal,26,0,1,26.0,16-30,2018,Fluminense,Chapecoense,True
6186,7,Chapecoense,Arthur Caike do Nascimento Cruz,50,Normal,50,0,2,50.0,46-60,2018,Fluminense,Chapecoense,False
6187,7,Palmeiras,Keno,33,Normal,33,0,1,33.0,31-45,2018,Palmeiras,Sport,True
6187,7,Sport,Rafael Marques Mariano,87,Normal,87,0,2,87.0,76-90,2018,Palmeiras,Sport,False
6187,7,Palmeiras,Hyoran,82,Normal,82,0,2,82.0,76-90,2018,Palmeiras,Sport,True
6187,7,Sport,Anselmo de Moraes,51,Normal,51,0,2,51.0,46-60,2018,Palmeiras,Sport,False
6187,7,Sport,Anselmo de Moraes,73,Normal,73,0,2,73.0,61-75,2018,Palmeiras,Sport,False
6188,7,Flamengo,Éverton Ribeiro,80,Normal,80,0,2,80.0,76-90,2018,Atletico-MG,Flamengo,False
6190,7,Corinthians,Mateus Vital,5,Normal,5,0,1,5.0,0-15,2018,Internacional,Corinthians,False
6190,7,Internacional,Leandro Damião,64,Normal,64,0,2,64.0,61-75,2018,Internacional,Corinthians,True
6190,7,Internacional,Rossicley Pereira da Silva,90+2,Normal,90,2,2,90.02,90+,2018,Internacional,Corinthians,True
6191,7,Bahia,José Élber Pimentel da Silva,67,Normal,67,0,2,67.0,61-75,2018,Bahia,Vasco,True
6191,7,Bahia,José Rafael Vivian,89,Normal,89,0,2,89.0,76-90,2018,Bahia,Vasco,True
6191,7,Bahia,Régis,90+3,Normal,90,3,2,90.03,90+,2018,Bahia,Vasco,True
6193,7,Botafogo-RJ,Kieza,44,Normal,44,0,1,44.0,31-45,2018,Botafogo-RJ,Vitoria,True
6193,7,Vitoria,Denílson Pereira Júnior,39,Normal,39,0,1,39.0,31-45,2018,Botafogo-RJ,Vitoria,False
6192,7,Cruzeiro,Bruno César Pereira da Silva,75,Normal,75,0,2,75.0,61-75,2018,Santos,Cruzeiro,False
6194,7,Gremio,Thonny Anderson,81,Normal,81,0,2,81.0,76-90,2018,Ceara,Gremio,False
6195,7,America-MG,Rafael Moura,12,Normal,12,0,1,12.0,0-15,2018,America-MG,Sao Paulo,True
6195,7,Sao Paulo,Diego Souza,8,Normal,8,0,1,8.0,0-15,2018,America-MG,Sao Paulo,False
6195,7,Sao Paulo,Nenê,61,Normal,61,0,2,61.0,61-75,2018,America-MG,Sao Paulo,False
6195,7,Sao Paulo,Nenê,45+3,Penalty,45,3,1,45.03,45+,2018,America-MG,Sao Paulo,False
6197,8,Vitoria,Wallyson,45+1,Normal,45,1,1,45.01,45+,2018,Vitoria,Internacional,True
6197,8,Vitoria,Aderlan Santos,59,Normal,59,0,2,59.0,46-60,2018,Vitoria,Internacional,True
6197,8,Internacional,Patrick,25,Normal,25,0,1,25.0,16-30,2018,Vitoria,Internacional,False
6197,8,Internacional,Nicolás Federico López,90+4,Normal,90,4,2,90.04,90+,2018,Vitoria,Internacional,False
6197,8,Internacional,Aderlan Santos,40,Gol Contra,40,0,1,40.0,31-45,2018,Vitoria,Internacional,False
6196,8,Vasco,Yago Pikachu,44,Normal,44,0,1,44.0,31-45,2018,Vasco,Parana,True
6198,8,Sport,José Rogério de Oliveira Melo,30,Normal,30,0,1,30.0,16-30,2018,Sport,Atletico-MG,True
6198,8,Sport,Gabriel Santana,68,Normal,68,0,2,68.0,61-75,2018,Sport,Atletico-MG,True
6198,8,Atletico-MG,Juan Cazares,49,Normal,49,0,2,49.0,46-60,2018,Sport,Atletico-MG,False
6198,8,Atletico-MG,Ricardo Oliveira,66,Normal,66,0,2,66.0,61-75,2018,Sport,Atletico-MG,False
6198,8,Sport,Michel Bastos,72,Penalty,72,0,2,72.0,61-75,2018,Sport,Atletico-MG,True
6199,8,Chapecoense,Arthur Caike do Nascimento Cruz,63,Normal,63,0,2,63.0,61-75,2018,Chapecoense,Ceara,True
6199,8,Chapecoense,Héctor Canteros,79,Normal,79,0,2,79.0,76-90,2018,Chapecoense,Ceara,True
6200,8,Botafogo-RJ,Leonardo Valencia,16,Normal,16,0,1,16.0,16-30,2018,Sao Paulo,Botafogo-RJ,False
6200,8,Sao Paulo,Nenê,20,Penalty,20,0,1,20.0,16-30,2018,Sao Paulo,Botafogo-RJ,True
6200,8,Botafogo-RJ,Rodrigo Pimpão,83,Normal,83,0,2,83.0,76-90,2018,Sao Paulo,Botafogo-RJ,False
6200,8,Sao Paulo,Diego Souza,31,Normal,31,0,1,31.0,31-45,2018,Sao Paulo,Botafogo-RJ,True
6200,8,Sao Paulo,Éverton Cardoso da Silva,45+4,Normal,45,4,1,45.04,45+,2018,Sao Paulo,Botafogo-RJ,True
6202,8,Cruzeiro,Rafael Sóbis,69,Normal,69,0,2,69.0,61-75,2018,Cruzeiro,Palmeiras,True
6203,8,Flamengo,Lucas Paquetá,45+1,Normal,45,1,1,45.01,45+,2018,Flamengo,Bahia,True
6203,8,Flamengo,Diego Ribas,42,Normal,42,0,1,42.0,31-45,2018,Flamengo,Bahia,True
6204,8,Corinthians,Jadson,50,Normal,50,0,2,50.0,46-60,2018,Corinthians,America-MG,True
6205,8,Athletico-PR,Thiago Heleno,18,Normal,18,0,1,18.0,16-30,2018,Athletico-PR,Santos,True
6205,8,Athletico-PR,Guilherme Milhomem Gusmão,54,Normal,54,0,2,54.0,46-60,2018,Athletico-PR,Santos,True
6207,9,Atletico-MG,Ricardo Oliveira,21,Normal,21,0,1,21.0,16-30,2018,Atletico-MG,Chapecoense,True
6207,9,Atletico-MG,Róger Guedes,59,Normal,59,0,2,59.0,46-60,2018,Atletico-MG,Chapecoense,True
6207,9,Atletico-MG,Fábio Santos,36,Penalty,36,0,1,36.0,31-45,2018,Atletico-MG,Chapecoense,True
6207,9,Chapecoense,Leandro,20,Normal,20,0,1,20.0,16-30,2018,Atletico-MG,Chapecoense,False
6207,9,Chapecoense,Wellington Paulista,64,Penalty,64,0,2,64.0,61-75,2018,Atletico-MG,Chapecoense,False
6207,9,Chapecoense,Arthur Caike do Nascimento Cruz,45+6,Normal,45,6,1,45.06,45+,2018,Atletico-MG,Chapecoense,False
6208,9,Vasco,Andrey,53,Normal,53,0,2,53.0,46-60,2018,Vasco,Botafogo-RJ,True
6208,9,Botafogo-RJ,Kieza,4,Normal,4,0,1,4.0,0-15,2018,Vasco,Botafogo-RJ,False
6208,9,Botafogo-RJ,Igor Rabello,35,Normal,35,0,1,35.0,31-45,2018,Vasco,Botafogo-RJ,False
6209,9,Palmeiras,Willian Gomes de Siqueira,68,Normal,68,0,2,68.0,61-75,2018,Palmeiras,Sao Paulo,True
6209,9,Sao Paulo,Edu Dracena,30,Gol Contra,30,0,1,30.0,16-30,2018,Palmeiras,Sao Paulo,False
6209,9,Palmeiras,Eduardo Pereira Rodrigues,70,Normal,70,0,2,70.0,61-75,2018,Palmeiras,Sao Paulo,True
6209,9,Palmeiras,Willian Gomes de Siqueira,55,Normal,55,0,2,55.0,46-60,2018,Palmeiras,Sao Paulo,True
6210,9,Flamengo,Felipe Vizeu,80,Normal,80,0,2,80.0,76-90,2018,Flamengo,Corinthians,True
6212,9,Athletico-PR,Thiago Carleto,38,Normal,38,0,1,38.0,31-45,2018,America-MG,Athletico-PR,False
6212,9,America-MG,Serginho,40,Normal,40,0,1,40.0,31-45,2018,America-MG,Athletico-PR,True
6212,9,America-MG,Serginho,76,Normal,76,0,2,76.0,76-90,2018,America-MG,Athletico-PR,True
6212,9,America-MG,Ademir,90,Normal,90,0,2,90.0,76-90,2018,America-MG,Athletico-PR,True
6213,9,Santos,Renato Dirnei Florêncio,45,Normal,45,0,1,45.0,31-45,2018,Santos,Vitoria,True
6213,9,Santos,Rodrygo Silva de Goes,22,Normal,22,0,1,22.0,16-30,2018,Santos,Vitoria,True
6213,9,Santos,Gabriel Barbosa,74,Normal,74,0,2,74.0,61-75,2018,Santos,Vitoria,True
6213,9,Santos,Rodrygo Silva de Goes,26,Normal,26,0,1,26.0,16-30,2018,Santos,Vitoria,True
6213,9,Vitoria,Neilton Mestzk,63,Normal,63,0,2,63.0,61-75,2018,Santos,Vitoria,False
6213,9,Santos,Rodrygo Silva de Goes,31,Normal,31,0,1,31.0,31-45,2018,Santos,Vitoria,True
6213,9,Vitoria,Ramon Menezes Roma,84,Normal,84,0,2,84.0,76-90,2018,Santos,Vitoria,False
6211,9,Gremio,Thaciano,90+3,Normal,90,3,2,90.03,90+,2018,Bahia,Gremio,False
6211,9,Gremio,Maicon,11,Normal,11,0,1,11.0,0-15,2018,Bahia,Gremio,False
6214,9,Cruzeiro,Luiz Ricardo Alves,19,Normal,19,0,1,19.0,16-30,2018,Ceara,Cruzeiro,False
6215,9,Parana,Guilherme Biteco,88,Normal,88,0,2,88.0,76-90,2018,Parana,Fluminense,True
6215,9,Fluminense,Pablo Dyego,90+3,Normal,90,3,2,90.03,90+,2018,Parana,Fluminense,False
6215,9,Parana,Thiago Santos,53,Penalty,53,0,2,53.0,46-60,2018,Parana,Fluminense,True
6217,10,Vitoria,Neilton Mestzk,62,Normal,62,0,2,62.0,61-75,2018,Vitoria,Chapecoense,True
6220,10,Sport,Fellipe Bastos,46,Normal,46,0,2,46.0,46-60,2018,Sport,Athletico-PR,True
6219,10,Corinthians,Roger Rodrigues da Silva,52,Normal,52,0,2,52.0,46-60,2018,Corinthians,Santos,True
6219,10,Santos,Victor Ferraz,75,Normal,75,0,2,75.0,61-75,2018,Corinthians,Santos,False
6221,10,Palmeiras,Willian Gomes de Siqueira,87,Normal,87,0,2,87.0,76-90,2018,Gremio,Palmeiras,False
6221,10,Palmeiras,Willian Gomes de Siqueira,67,Normal,67,0,2,67.0,61-75,2018,Gremio,Palmeiras,False
6222,10,Cruzeiro,Raniel,61,Normal,61,0,2,61.0,61-75,2018,Cruzeiro,Vasco,True
6222,10,Vasco,Andrey,22,Normal,22,0,1,22.0,16-30,2018,Cruzeiro,Vasco,False
6223,10,Parana,Silvinho,66,Normal,66,0,2,66.0,61-75,2018,Parana,Bahia,True
6224,10,Flamengo,Felipe Vizeu,79,Normal,79,0,2,79.0,76-90,2018,Fluminense,Flamengo,False
6224,10,Flamengo,Henrique Dourado,30,Penalty,30,0,1,30.0,16-30,2018,Fluminense,Flamengo,False
6225,10,Atletico-MG,Tomás Andrade,89,Normal,89,0,2,89.0,76-90,2018,America-MG,Atletico-MG,False
6225,10,America-MG,Messias Rodrigues da Silva Júnior,52,Normal,52,0,2,52.0,46-60,2018,America-MG,Atletico-MG,True
6225,10,Atletico-MG,Ricardo Oliveira,12,Normal,12,0,1,12.0,0-15,2018,America-MG,Atletico-MG,False
6225,10,Atletico-MG,Juan Cazares,40,Normal,40,0,1,40.0,31-45,2018,America-MG,Atletico-MG,False
6226,11,Sao Paulo,Nenê,62,Penalty,62,0,2,62.0,61-75,2018,Athletico-PR,Sao Paulo,False
6228,11,Vasco,Ramon de Morais Motta,90,Normal,90,0,2,90.0,76-90,2018,Vasco,Sport,True
6228,11,Sport,Michel Bastos,74,Normal,74,0,2,74.0,61-75,2018,Vasco,Sport,False
6228,11,Sport,Paulo Marcos de Jesus Ribeiro,43,Gol Contra,43,0,1,43.0,31-45,2018,Vasco,Sport,False
6228,11,Vasco,Yago Pikachu,45+1,Penalty,45,1,1,45.01,45+,2018,Vasco,Sport,True
6228,11,Vasco,Yago Pikachu,19,Normal,19,0,1,19.0,16-30,2018,Vasco,Sport,True
6227,11,Chapecoense,Bruno da Silva Costa,80,Normal,80,0,2,80.0,76-90,2018,Chapecoense,Cruzeiro,True
6227,11,Chapecoense,Elicarlos,90+5,Normal,90,5,2,90.05,90+,2018,Chapecoense,Cruzeiro,True
6232,11,Gremio,Everton Sousa Soares,32,Normal,32,0,1,32.0,31-45,2018,Gremio,America-MG,True
6230,11,Atletico-MG,Róger Guedes,90+4,Normal,90,4,2,90.04,90+,2018,Atletico-MG,Fluminense,True
6230,11,Fluminense,Pedro,45+3,Normal,45,3,1,45.03,45+,2018,Atletico-MG,Fluminense,False
6230,11,Atletico-MG,Tomás Andrade,64,Normal,64,0,2,64.0,61-75,2018,Atletico-MG,Fluminense,True
6230,11,Atletico-MG,Leonardo Silva,35,Normal,35,0,1,35.0,31-45,2018,Atletico-MG,Fluminense,True
6230,11,Atletico-MG,Ricardo Oliveira,87,Normal,87,0,2,87.0,76-90,2018,Atletico-MG,Fluminense,True
6230,11,Atletico-MG,Róger Guedes,45,Normal,45,0,1,45.0,31-45,2018,Atletico-MG,Fluminense,True
6230,11,Fluminense,Gilberto Moraes Júnior,29,Normal,29,0,1,29.0,16-30,2018,Atletico-MG,Fluminense,False
6231,11,Botafogo-RJ,Kieza,51,Normal,51,0,2,51.0,46-60,2018,Bahia,Botafogo-RJ,False
6231,11,Bahia,Vinícius,74,Normal,74,0,2,74.0,61-75,2018,Bahia,Botafogo-RJ,True
6231,11,Botafogo-RJ,Leonardo Valencia,84,Normal,84,0,2,84.0,76-90,2018,Bahia,Botafogo-RJ,False
6231,11,Bahia,Agustín Allione,90+4,Normal,90,4,2,90.04,90+,2018,Bahia,Botafogo-RJ,True
6231,11,Botafogo-RJ,Kieza,12,Normal,12,0,1,12.0,0-15,2018,Bahia,Botafogo-RJ,False
6231,11,Bahia,Régis,45+4,Penalty,45,4,1,45.04,45+,2018,Bahia,Botafogo-RJ,True
6233,11,Ceara,Elton Rodrigues Brandão,88,Normal,88,0,2,88.0,76-90,2018,Ceara,Palmeiras,True
6233,11,Palmeiras,Thiago dos Santos,6,Normal,6,0,1,6.0,0-15,2018,Ceara,Palmeiras,False
6233,11,Palmeiras,Eduardo Pereira Rodrigues,23,Normal,23,0,1,23.0,16-30,2018,Ceara,Palmeiras,False
6233,11,Ceara,Felipe Azevedo,26,Normal,26,0,1,26.0,16-30,2018,Ceara,Palmeiras,True
6235,11,Santos,Gabriel Barbosa,51,Penalty,51,0,2,51.0,46-60,2018,Santos,Internacional,True
6235,11,Internacional,Víctor Cuesta,53,Normal,53,0,2,53.0,46-60,2018,Santos,Internacional,False
6235,11,Internacional,Leandro Damião,33,Penalty,33,0,1,33.0,31-45,2018,Santos,Internacional,False
6234,11,Flamengo,Felipe Vizeu,66,Normal,66,0,2,66.0,61-75,2018,Flamengo,Parana,True
6234,11,Flamengo,Diego Ribas,21,Normal,21,0,1,21.0,16-30,2018,Flamengo,Parana,True
6236,12,Sao Paulo,Éverton Cardoso da Silva,54,Normal,54,0,2,54.0,46-60,2018,Sao Paulo,Vitoria,True
6236,12,Sao Paulo,Nenê,21,Normal,21,0,1,21.0,16-30,2018,Sao Paulo,Vitoria,True
6236,12,Sao Paulo,Nenê,42,Normal,42,0,1,42.0,31-45,2018,Sao Paulo,Vitoria,True
6238,12,Santos,Bruno Henrique,86,Normal,86,0,2,86.0,76-90,2018,Fluminense,Santos,False
6240,12,Parana,Silvinho,76,Normal,76,0,2,76.0,76-90,2018,Parana,Cruzeiro,True
6240,12,Cruzeiro,Rafael Sóbis,65,Penalty,65,0,2,65.0,61-75,2018,Parana,Cruzeiro,False
6241,12,Flamengo,Thuler,55,Normal,55,0,2,55.0,46-60,2018,Palmeiras,Flamengo,False
6241,12,Palmeiras,Willian Gomes de Siqueira,6,Normal,6,0,1,6.0,0-15,2018,Palmeiras,Flamengo,True
6242,12,Botafogo-RJ,Renan Lodi,72,Gol Contra,72,0,2,72.0,61-75,2018,Botafogo-RJ,Athletico-PR,True
6242,12,Botafogo-RJ,Rodrigo Lindoso,34,Penalty,34,0,1,34.0,31-45,2018,Botafogo-RJ,Athletico-PR,True
6243,12,Bahia,Eugenio Mena,90+1,Normal,90,1,2,90.01,90+,2018,Bahia,Corinthians,True
6244,12,Internacional,Víctor Cuesta,70,Normal,70,0,2,70.0,61-75,2018,Internacional,Vasco,True
6244,12,Vasco,Andrey,65,Normal,65,0,2,65.0,61-75,2018,Internacional,Vasco,False
6244,12,Internacional,Nicolás Federico López,11,Normal,11,0,1,11.0,0-15,2018,Internacional,Vasco,True
6244,12,Internacional,Patrick,45,Normal,45,0,1,45.0,31-45,2018,Internacional,Vasco,True
6245,12,Ceara,Marinaldo dos Santos Oliveira,78,Normal,78,0,2,78.0,76-90,2018,Atletico-MG,Ceara,False
6245,12,Atletico-MG,Róger Guedes,81,Normal,81,0,2,81.0,76-90,2018,Atletico-MG,Ceara,True
6245,12,Atletico-MG,Luan Madson Gedeão de Paiva,90+1,Normal,90,1,2,90.01,90+,2018,Atletico-MG,Ceara,True
6246,13,Ceara,Arthur Mendonça Cabral,54,Normal,54,0,2,54.0,46-60,2018,Ceara,Sport,True
6247,13,Vitoria,André Lima,36,Normal,36,0,1,36.0,31-45,2018,Vitoria,Parana,True
6249,13,Gremio,Bressan,52,Normal,52,0,2,52.0,46-60,2018,Gremio,Atletico-MG,True
6249,13,Gremio,André Felipe Ribeiro de Souza,59,Normal,59,0,2,59.0,46-60,2018,Gremio,Atletico-MG,True
6248,13,Corinthians,Ángel Romero,76,Normal,76,0,2,76.0,76-90,2018,Corinthians,Botafogo-RJ,True
6248,13,Corinthians,Rodrigo Eduardo Costa Marinho,3,Normal,3,0,1,3.0,0-15,2018,Corinthians,Botafogo-RJ,True
6250,13,Sao Paulo,Éverton Cardoso da Silva,48,Normal,48,0,2,48.0,46-60,2018,Flamengo,Sao Paulo,False
6251,13,Chapecoense,Osman,85,Normal,85,0,2,85.0,76-90,2018,Chapecoense,Bahia,True
6251,13,Bahia,Gilberto Oliveira Souza Junior,79,Normal,79,0,2,79.0,76-90,2018,Chapecoense,Bahia,False
6252,13,Cruzeiro,Raniel,65,Normal,65,0,2,65.0,61-75,2018,Cruzeiro,America-MG,True
6252,13,America-MG,Christian Savio,32,Normal,32,0,1,32.0,31-45,2018,Cruzeiro,America-MG,False
6252,13,Cruzeiro,Giorgian De Arrascaeta,35,Normal,35,0,1,35.0,31-45,2018,Cruzeiro,America-MG,True
6252,13,Cruzeiro,Róbson Michael Signorini,60,Normal,60,0,2,60.0,46-60,2018,Cruzeiro,America-MG,True
6253,13,Vasco,Andrés Ríos,61,Normal,61,0,2,61.0,61-75,2018,Vasco,Fluminense,True
6253,13,Fluminense,Pedro,89,Normal,89,0,2,89.0,76-90,2018,Vasco,Fluminense,False
6254,13,Santos,Gustavo Henrique Vernes,75,Normal,75,0,2,75.0,61-75,2018,Santos,Palmeiras,True
6254,13,Palmeiras,Lucas Rafael Araújo Lima,6,Normal,6,0,1,6.0,0-15,2018,Santos,Palmeiras,False
6255,13,Internacional,William Pottker,13,Normal,13,0,1,13.0,0-15,2018,Athletico-PR,Internacional,False
6255,13,Internacional,Wellington Alves da Silva,78,Normal,78,0,2,78.0,76-90,2018,Athletico-PR,Internacional,False
6255,13,Athletico-PR,Raphael Cavalcante Veiga,44,Normal,44,0,1,44.0,31-45,2018,Athletico-PR,Internacional,True
6255,13,Athletico-PR,Paulo André,59,Normal,59,0,2,59.0,46-60,2018,Athletico-PR,Internacional,True
6256,14,Flamengo,Matheus Sávio,5,Normal,5,0,1,5.0,0-15,2018,Flamengo,Botafogo-RJ,True
6256,14,Flamengo,Lucas Paquetá,7,Normal,7,0,1,7.0,0-15,2018,Flamengo,Botafogo-RJ,True
6257,14,Sao Paulo,Anderson Martins,56,Normal,56,0,2,56.0,46-60,2018,Sao Paulo,Corinthians,True
6257,14,Sao Paulo,Reinaldo Manoel da Silva,70,Normal,70,0,2,70.0,61-75,2018,Sao Paulo,Corinthians,True
6257,14,Sao Paulo,Reinaldo Manoel da Silva,82,Normal,82,0,2,82.0,76-90,2018,Sao Paulo,Corinthians,True
6257,14,Corinthians,Jonathas Cristian de Jesus,90+1,Normal,90,1,2,90.01,90+,2018,Sao Paulo,Corinthians,False
6261,14,Bahia,Vinícius,27,Normal,27,0,1,27.0,16-30,2018,Bahia,Vitoria,True
6261,14,Bahia,Tiago Pagnussat,66,Normal,66,0,2,66.0,61-75,2018,Bahia,Vitoria,True
6261,14,Bahia,Gilberto Oliveira Souza Junior,67,Normal,67,0,2,67.0,61-75,2018,Bahia,Vitoria,True
6261,14,Bahia,José Rafael Vivian,16,Normal,16,0,1,16.0,16-30,2018,Bahia,Vitoria,True
6261,14,Vitoria,Lucas Rios Marques,73,Normal,73,0,2,73.0,61-75,2018,Bahia,Vitoria,False
6258,14,Vasco,Andrés Ríos,3,Normal,3,0,1,3.0,0-15,2018,Vasco,Gremio,True
6262,14,Sport,Gabriel Santana,20,Normal,20,0,1,20.0,16-30,2018,Sport,Fluminense,True
6262,14,Fluminense,Pedro,18,Normal,18,0,1,18.0,16-30,2018,Sport,Fluminense,False
6262,14,Fluminense,Pedro,86,Normal,86,0,2,86.0,76-90,2018,Sport,Fluminense,False
6259,14,Atletico-MG,Luan Madson Gedeão de Paiva,51,Normal,51,0,2,51.0,46-60,2018,Palmeiras,Atletico-MG,False
6259,14,Atletico-MG,Yimmi Chará,81,Normal,81,0,2,81.0,76-90,2018,Palmeiras,Atletico-MG,False
6259,14,Palmeiras,Moisés Lima Magalhães,3,Normal,3,0,1,3.0,0-15,2018,Palmeiras,Atletico-MG,True
6259,14,Palmeiras,Bruno Henrique Corsini,76,Normal,76,0,2,76.0,76-90,2018,Palmeiras,Atletico-MG,True
6259,14,Palmeiras,Bruno Henrique Corsini,90+4,Normal,90,4,2,90.04,90+,2018,Palmeiras,Atletico-MG,True
6260,14,Parana,Rodolfo,15,Normal,15,0,1,15.0,0-15,2018,Parana,America-MG,True
6263,14,Cruzeiro,Hernán Barcos,81,Normal,81,0,2,81.0,76-90,2018,Cruzeiro,Athletico-PR,True
6263,14,Athletico-PR,Guilherme Milhomem Gusmão,40,Penalty,40,0,1,40.0,31-45,2018,Cruzeiro,Athletico-PR,False
6263,14,Cruzeiro,Giorgian De Arrascaeta,66,Normal,66,0,2,66.0,61-75,2018,Cruzeiro,Athletico-PR,True
6265,14,Internacional,William Pottker,76,Normal,76,0,2,76.0,76-90,2018,Internacional,Ceara,True
6266,15,Fluminense,Gilberto Moraes Júnior,43,Normal,43,0,1,43.0,31-45,2018,Fluminense,Palmeiras,True
6267,15,Atletico-MG,Elias Mendes Trindade,73,Normal,73,0,2,73.0,61-75,2018,Atletico-MG,Parana,True
6267,15,Atletico-MG,Leonardo Silva,39,Normal,39,0,1,39.0,31-45,2018,Atletico-MG,Parana,True
6268,15,Corinthians,Ángel Romero,62,Normal,62,0,2,62.0,61-75,2018,Corinthians,Cruzeiro,True
6268,15,Corinthians,Ángel Romero,80,Normal,80,0,2,80.0,76-90,2018,Corinthians,Cruzeiro,True
6269,15,Santos,Gabriel Barbosa,33,Normal,33,0,1,33.0,31-45,2018,Santos,Flamengo,True
6269,15,Flamengo,Bruno Henrique,2,Gol Contra,2,0,1,2.0,0-15,2018,Santos,Flamengo,False
6270,15,Botafogo-RJ,Márcio Almeida de Oliveira,55,Normal,55,0,2,55.0,46-60,2018,Botafogo-RJ,Chapecoense,True
6271,15,Vitoria,Erick,61,Normal,61,0,2,61.0,61-75,2018,Vitoria,Sport,True
6272,15,Sao Paulo,Diego Souza,4,Normal,4,0,1,4.0,0-15,2018,Gremio,Sao Paulo,False
6272,15,Gremio,Everton Sousa Soares,45+3,Normal,45,3,1,45.03,45+,2018,Gremio,Sao Paulo,True
6272,15,Gremio,Everton Sousa Soares,61,Normal,61,0,2,61.0,61-75,2018,Gremio,Sao Paulo,True
6273,15,America-MG,Juninho,6,Normal,6,0,1,6.0,0-15,2018,America-MG,Internacional,True
6273,15,America-MG,Giovanni,35,Normal,35,0,1,35.0,31-45,2018,America-MG,Internacional,True
6273,15,Internacional,Jonatan Álvez,89,Normal,89,0,2,89.0,76-90,2018,America-MG,Internacional,False
6276,16,Ceara,Leandro Carvalho,41,Normal,41,0,1,41.0,31-45,2018,Ceara,Fluminense,True
6277,16,Palmeiras,Bruno Henrique Corsini,17,Normal,17,0,1,17.0,16-30,2018,Palmeiras,Parana,True
6277,16,Palmeiras,Bruno Henrique Corsini,41,Normal,41,0,1,41.0,31-45,2018,Palmeiras,Parana,True
6277,16,Palmeiras,Lucas Rafael Araújo Lima,78,Normal,78,0,2,78.0,76-90,2018,Palmeiras,Parana,True
6278,16,Corinthians,Ángel Romero,57,Normal,57,0,2,57.0,46-60,2018,Vasco,Corinthians,False
6278,16,Corinthians,Ángel Romero,90+3,Normal,90,3,2,90.03,90+,2018,Vasco,Corinthians,False
6278,16,Vasco,Yago Pikachu,45+1,Penalty,45,1,1,45.01,45+,2018,Vasco,Corinthians,True
6278,16,Corinthians,Jadson,79,Penalty,79,0,2,79.0,76-90,2018,Vasco,Corinthians,False
6278,16,Corinthians,Ángel Romero,48,Normal,48,0,2,48.0,46-60,2018,Vasco,Corinthians,False
6282,16,Sao Paulo,Diego Souza,27,Normal,27,0,1,27.0,16-30,2018,Cruzeiro,Sao Paulo,False
6282,16,Sao Paulo,Éverton Cardoso da Silva,77,Normal,77,0,2,77.0,76-90,2018,Cruzeiro,Sao Paulo,False
6279,16,Flamengo,Éverton Ribeiro,50,Normal,50,0,2,50.0,46-60,2018,Flamengo,Sport,True
6279,16,Flamengo,Fernando Uribe,63,Normal,63,0,2,63.0,61-75,2018,Flamengo,Sport,True
6279,16,Flamengo,Réver,14,Normal,14,0,1,14.0,0-15,2018,Flamengo,Sport,True
6279,16,Sport,Cláudio Winck,44,Normal,44,0,1,44.0,31-45,2018,Flamengo,Sport,False
6279,16,Flamengo,Lucas Paquetá,48,Normal,48,0,2,48.0,46-60,2018,Flamengo,Sport,True
6280,16,Athletico-PR,Marcio Antonio de Sousa Junior,22,Normal,22,0,1,22.0,16-30,2018,Athletico-PR,Vitoria,True
6280,16,Athletico-PR,Wellington Aparecido Martins,45+2,Normal,45,2,1,45.02,45+,2018,Athletico-PR,Vitoria,True
6280,16,Athletico-PR,Pablo Felipe Teixeira,70,Normal,70,0,2,70.0,61-75,2018,Athletico-PR,Vitoria,True
6280,16,Athletico-PR,Marcelo Cirino da Silva,12,Normal,12,0,1,12.0,0-15,2018,Athletico-PR,Vitoria,True
6281,16,Internacional,William Pottker,45,Normal,45,0,1,45.0,31-45,2018,Internacional,Botafogo-RJ,True
6281,16,Internacional,Leandro Damião,58,Normal,58,0,2,58.0,46-60,2018,Internacional,Botafogo-RJ,True
6281,16,Internacional,William Pottker,28,Normal,28,0,1,28.0,16-30,2018,Internacional,Botafogo-RJ,True
6283,16,America-MG,Ruy Franco de Almeida Junior,39,Penalty,39,0,1,39.0,31-45,2018,Santos,America-MG,False
6284,16,Chapecoense,Elicarlos,62,Normal,62,0,2,62.0,61-75,2018,Chapecoense,Gremio,True
6284,16,Gremio,Pepê,3,Normal,3,0,1,3.0,0-15,2018,Chapecoense,Gremio,False
6285,16,Atletico-MG,Matheus Galdezani,5,Normal,5,0,1,5.0,0-15,2018,Bahia,Atletico-MG,False
6285,16,Atletico-MG,Ricardo Oliveira,90+2,Normal,90,2,2,90.02,90+,2018,Bahia,Atletico-MG,False
6285,16,Bahia,Gilberto Oliveira Souza Junior,84,Normal,84,0,2,84.0,76-90,2018,Bahia,Atletico-MG,True
6285,16,Bahia,Régis,90+4,Normal,90,4,2,90.04,90+,2018,Bahia,Atletico-MG,True
6287,17,Gremio,Jael,45+1,Normal,45,1,1,45.01,45+,2018,Gremio,Flamengo,True
6287,17,Gremio,Mário Sérgio Santos Costa,48,Normal,48,0,2,48.0,46-60,2018,Gremio,Flamengo,True
6289,17,Cruzeiro,Manoel Messias Silva Carvalho,75,Normal,75,0,2,75.0,61-75,2018,Vitoria,Cruzeiro,False
6289,17,Vitoria,Neilton Mestzk,72,Penalty,72,0,2,72.0,61-75,2018,Vitoria,Cruzeiro,True
6292,17,Vasco,Yago Pikachu,55,Normal,55,0,2,55.0,46-60,2018,Sao Paulo,Vasco,False
6292,17,Sao Paulo,Joao Rojas,2,Normal,2,0,1,2.0,0-15,2018,Sao Paulo,Vasco,True
6292,17,Sao Paulo,Santiago Tréllez,81,Normal,81,0,2,81.0,76-90,2018,Sao Paulo,Vasco,True
6290,17,Ceara,Juninho Quixadá,15,Normal,15,0,1,15.0,0-15,2018,Parana,Ceara,False
6293,17,Fluminense,Pedro,21,Normal,21,0,1,21.0,16-30,2018,Fluminense,Bahia,True
6293,17,Bahia,Edigar Junio,82,Normal,82,0,2,82.0,76-90,2018,Fluminense,Bahia,False
6294,17,Chapecoense,Wellington Paulista,13,Normal,13,0,1,13.0,0-15,2018,Sport,Chapecoense,False
6294,17,Sport,Carlos Henrique Alves Pereira,90+2,Normal,90,2,2,90.02,90+,2018,Sport,Chapecoense,True
6295,17,Internacional,Edenílson Andrade dos Santos,90+12,Normal,90,12,2,90.12,90+,2018,Atletico-MG,Internacional,False
6296,20,Ceara,Arthur Mendonça Cabral,78,Normal,78,0,2,78.0,76-90,2018,Ceara,Santos,True
6296,20,Santos,Jean Mota Oliveira de Souza,87,Normal,87,0,2,87.0,76-90,2018,Ceara,Santos,False
6307,18,Bahia,Gilberto Oliveira Souza Junior,55,Normal,55,0,2,55.0,46-60,2018,Bahia,America-MG,True
6308,18,Botafogo-RJ,Rodrigo Lindoso,72,Penalty,72,0,2,72.0,61-75,2018,Parana,Botafogo-RJ,False
6308,18,Parana,Alex Paulo Menezes Santana,90+6,Normal,90,6,2,90.06,90+,2018,Parana,Botafogo-RJ,True
6309,18,Atletico-MG,Ricardo Oliveira,71,Normal,71,0,2,71.0,61-75,2018,Atletico-MG,Santos,True
6309,18,Atletico-MG,Ricardo Oliveira,90+5,Normal,90,5,2,90.05,90+,2018,Atletico-MG,Santos,True
6309,18,Santos,Gabriel Barbosa,27,Normal,27,0,1,27.0,16-30,2018,Atletico-MG,Santos,False
6309,18,Atletico-MG,Elias Mendes Trindade,8,Normal,8,0,1,8.0,0-15,2018,Atletico-MG,Santos,True
6311,18,Flamengo,Henrique Dourado,23,Normal,23,0,1,23.0,16-30,2018,Flamengo,Cruzeiro,True
6312,18,Chapecoense,Diego Torres,70,Normal,70,0,2,70.0,61-75,2018,Chapecoense,Corinthians,True
6312,18,Chapecoense,Agustín Doffo,90+5,Normal,90,5,2,90.05,90+,2018,Chapecoense,Corinthians,True
6312,18,Corinthians,Marquinhos,6,Normal,6,0,1,6.0,0-15,2018,Chapecoense,Corinthians,False
6310,18,Sao Paulo,Diego Souza,30,Normal,30,0,1,30.0,16-30,2018,Sport,Sao Paulo,False
6310,18,Sao Paulo,Nenê,52,Normal,52,0,2,52.0,46-60,2018,Sport,Sao Paulo,False
6310,18,Sao Paulo,Santiago Tréllez,90,Normal,90,0,2,90.0,76-90,2018,Sport,Sao Paulo,False
6310,18,Sport,Jonathan Marlone,86,Normal,86,0,2,86.0,76-90,2018,Sport,Sao Paulo,True
6313,18,Gremio,Jailson Marques Siqueira,21,Normal,21,0,1,21.0,16-30,2018,Gremio,Vitoria,True
6313,18,Gremio,Pepê,58,Normal,58,0,2,58.0,46-60,2018,Gremio,Vitoria,True
6313,18,Gremio,Everton Sousa Soares,82,Normal,82,0,2,82.0,76-90,2018,Gremio,Vitoria,True
6313,18,Gremio,Douglas dos Santos,12,Normal,12,0,1,12.0,0-15,2018,Gremio,Vitoria,True
6314,18,Palmeiras,Deyverson,60,Normal,60,0,2,60.0,46-60,2018,Palmeiras,Vasco,True
6315,18,Internacional,Nicolás Federico López,23,Normal,23,0,1,23.0,16-30,2018,Fluminense,Internacional,False
6315,18,Internacional,Nicolás Federico López,45+1,Normal,45,1,1,45.01,45+,2018,Fluminense,Internacional,False
6315,18,Internacional,Jonatan Álvez,39,Normal,39,0,1,39.0,31-45,2018,Fluminense,Internacional,False
6316,19,Santos,Rodrygo Silva de Goes,82,Normal,82,0,2,82.0,76-90,2018,Santos,Sport,True
6316,19,Santos,Victor Ferraz,84,Normal,84,0,2,84.0,76-90,2018,Santos,Sport,True
6316,19,Santos,Eduardo Sasha,2,Normal,2,0,1,2.0,0-15,2018,Santos,Sport,True
6317,19,Gremio,Everton Sousa Soares,55,Normal,55,0,2,55.0,46-60,2018,Corinthians,Gremio,False
6318,19,Athletico-PR,Raphael Cavalcante Veiga,17,Normal,17,0,1,17.0,16-30,2018,Athletico-PR,Flamengo,True
6318,19,Athletico-PR,Ivaldo,21,Normal,21,0,1,21.0,16-30,2018,Athletico-PR,Flamengo,True
6318,19,Athletico-PR,Pablo Felipe Teixeira,10,Normal,10,0,1,10.0,0-15,2018,Athletico-PR,Flamengo,True
6319,19,Internacional,Camilo,90+6,Normal,90,6,2,90.06,90+,2018,Internacional,Parana,True
6320,19,Palmeiras,Deyverson,29,Normal,29,0,1,29.0,16-30,2018,Vitoria,Palmeiras,False
6320,19,Palmeiras,Eduardo Pereira Rodrigues,59,Normal,59,0,2,59.0,46-60,2018,Vitoria,Palmeiras,False
6320,19,Palmeiras,Deyverson,11,Normal,11,0,1,11.0,0-15,2018,Vitoria,Palmeiras,False
6322,19,Cruzeiro,Thiago Neves,64,Normal,64,0,2,64.0,61-75,2018,Cruzeiro,Bahia,True
6322,19,Bahia,Douglas Grolli,60,Normal,60,0,2,60.0,46-60,2018,Cruzeiro,Bahia,False
6321,19,Atletico-MG,Tomás Andrade,90,Normal,90,0,2,90.0,76-90,2018,Botafogo-RJ,Atletico-MG,False
6321,19,Atletico-MG,Luan Madson Gedeão de Paiva,62,Normal,62,0,2,62.0,61-75,2018,Botafogo-RJ,Atletico-MG,False
6321,19,Atletico-MG,Juan Cazares,81,Normal,81,0,2,81.0,76-90,2018,Botafogo-RJ,Atletico-MG,False
6324,19,Sao Paulo,Hudson,83,Normal,83,0,2,83.0,76-90,2018,Sao Paulo,Chapecoense,True
6324,19,Sao Paulo,Shaylon,3,Normal,3,0,1,3.0,0-15,2018,Sao Paulo,Chapecoense,True
6325,19,Vasco,Wagner Ferreira dos Santos,60,Normal,60,0,2,60.0,46-60,2018,Vasco,Ceara,True
6325,19,Ceara,Tiago dos Santos Alves,66,Normal,66,0,2,66.0,61-75,2018,Vasco,Ceara,False
6297,20,Internacional,Patrick,23,Normal,23,0,1,23.0,16-30,2018,Bahia,Internacional,False
6298,20,Parana,Junior,37,Normal,37,0,1,37.0,31-45,2018,Parana,Sao Paulo,True
6298,20,Sao Paulo,Nenê,8,Normal,8,0,1,8.0,0-15,2018,Parana,Sao Paulo,False
6300,20,America-MG,Luan Michel Louzã,47,Normal,47,0,2,47.0,46-60,2018,Sport,America-MG,False
6300,20,America-MG,Rafael Moura,67,Normal,67,0,2,67.0,61-75,2018,Sport,America-MG,False
6299,20,Palmeiras,Lucas Rafael Araújo Lima,87,Normal,87,0,2,87.0,76-90,2018,Palmeiras,Botafogo-RJ,True
6299,20,Palmeiras,Lucas Rafael Araújo Lima,78,Normal,78,0,2,78.0,76-90,2018,Palmeiras,Botafogo-RJ,True
6301,20,Fluminense,Gum,17,Normal,17,0,1,17.0,16-30,2018,Fluminense,Corinthians,True
6302,20,Gremio,Everton Sousa Soares,60,Normal,60,0,2,60.0,46-60,2018,Gremio,Cruzeiro,True
6302,20,Cruzeiro,Bruno César Pereira da Silva,44,Normal,44,0,1,44.0,31-45,2018,Gremio,Cruzeiro,False
6303,20,Flamengo,Diego Ribas,41,Normal,41,0,1,41.0,31-45,2018,Flamengo,Vitoria,True
6326,21,Santos,Gabriel Barbosa,75,Normal,75,0,2,75.0,61-75,2018,Santos,Bahia,True
6326,21,Santos,Derlis González,57,Normal,57,0,2,57.0,46-60,2018,Santos,Bahia,True
6327,21,Corinthians,Henrique Adriano Buss,36,Normal,36,0,1,36.0,31-45,2018,Corinthians,Parana,True
6328,21,Athletico-PR,Pablo Felipe Teixeira,13,Normal,13,0,1,13.0,0-15,2018,Athletico-PR,Gremio,True
6328,21,Gremio,Cícero Santos,9,Penalty,9,0,1,9.0,0-15,2018,Athletico-PR,Gremio,False
6328,21,Athletico-PR,Jonathan Cícero Moreira,70,Normal,70,0,2,70.0,61-75,2018,Athletico-PR,Gremio,True
6330,21,Botafogo-RJ,Joel Carli,62,Normal,62,0,2,62.0,61-75,2018,Botafogo-RJ,Sport,True
6330,21,Botafogo-RJ,Rodrigo Aguirre,84,Normal,84,0,2,84.0,76-90,2018,Botafogo-RJ,Sport,True
6329,21,Cruzeiro,Raniel,14,Normal,14,0,1,14.0,0-15,2018,Cruzeiro,Fluminense,True
6329,21,Cruzeiro,Ayrton Lucas Dantas de Medeiros,73,Gol Contra,73,0,2,73.0,61-75,2018,Cruzeiro,Fluminense,True
6329,21,Fluminense,Henrique Pacheco Lima,27,Gol Contra,27,0,1,27.0,16-30,2018,Cruzeiro,Fluminense,False
6331,21,Sao Paulo,Bruno Peres,78,Normal,78,0,2,78.0,76-90,2018,Sao Paulo,Ceara,True
6332,21,America-MG,Rafael Moura,23,Normal,23,0,1,23.0,16-30,2018,America-MG,Flamengo,True
6332,21,America-MG,Gérson Magrão,87,Normal,87,0,2,87.0,76-90,2018,America-MG,Flamengo,True
6332,21,Flamengo,Éverton Ribeiro,15,Normal,15,0,1,15.0,0-15,2018,America-MG,Flamengo,False
6332,21,Flamengo,Lucas Paquetá,62,Normal,62,0,2,62.0,61-75,2018,America-MG,Flamengo,False
6334,21,Vitoria,Léo Pereira,69,Normal,69,0,2,69.0,61-75,2018,Vitoria,Atletico-MG,True
6335,21,Chapecoense,Leandro,79,Normal,79,0,2,79.0,76-90,2018,Vasco,Chapecoense,False
6335,21,Vasco,Wagner Ferreira dos Santos,54,Normal,54,0,2,54.0,46-60,2018,Vasco,Chapecoense,True
6335,21,Vasco,Maxi López,85,Normal,85,0,2,85.0,76-90,2018,Vasco,Chapecoense,True
6335,21,Vasco,Thiago Galhardo,90+2,Normal,90,2,2,90.02,90+,2018,Vasco,Chapecoense,True
6275,15,Athletico-PR,Raphael Cavalcante Veiga,64,Normal,64,0,2,64.0,61-75,2018,Athletico-PR,Vasco,True
6274,15,Bahia,Lucas Fonseca,28,Normal,28,0,1,28.0,16-30,2018,Ceara,Bahia,False
6274,15,Bahia,Gilberto Oliveira Souza Junior,87,Normal,87,0,2,87.0,76-90,2018,Ceara,Bahia,False
6337,22,Gremio,André Felipe Ribeiro de Souza,76,Penalty,76,0,2,76.0,76-90,2018,Gremio,Botafogo-RJ,True
6337,22,Gremio,Jael,45,Normal,45,0,1,45.0,31-45,2018,Gremio,Botafogo-RJ,True
6337,22,Gremio,Alisson Euler de Freitas Castro,61,Normal,61,0,2,61.0,61-75,2018,Gremio,Botafogo-RJ,True
6337,22,Gremio,Jael,12,Penalty,12,0,1,12.0,0-15,2018,Gremio,Botafogo-RJ,True
6336,22,Vitoria,Léo Pereira,57,Normal,57,0,2,57.0,46-60,2018,Vitoria,America-MG,True
6338,22,Santos,Gabriel Barbosa,5,Normal,5,0,1,5.0,0-15,2018,Vasco,Santos,False
6338,22,Santos,Gabriel Barbosa,67,Normal,67,0,2,67.0,61-75,2018,Vasco,Santos,False
6338,22,Santos,Gabriel Barbosa,82,Normal,82,0,2,82.0,76-90,2018,Vasco,Santos,False
6339,22,Atletico-MG,Fábio Santos,36,Penalty,36,0,1,36.0,31-45,2018,Corinthians,Atletico-MG,False
6339,22,Corinthians,Victor,20,Gol Contra,20,0,1,20.0,16-30,2018,Corinthians,Atletico-MG,True
6340,22,Ceara,Leandro Carvalho,90+1,Normal,90,1,2,90.01,90+,2018,Flamengo,Ceara,False
6341,22,Athletico-PR,Pablo Felipe Teixeira,68,Normal,68,0,2,68.0,61-75,2018,Athletico-PR,Bahia,True
6341,22,Athletico-PR,Rony,78,Normal,78,0,2,78.0,76-90,2018,Athletico-PR,Bahia,True
6342,22,Sport,Gabriel Santana,15,Normal,15,0,1,15.0,0-15,2018,Sport,Parana,True
6343,22,Fluminense,Anderson Martins,54,Gol Contra,54,0,2,54.0,46-60,2018,Sao Paulo,Fluminense,False
6343,22,Sao Paulo,Santiago Tréllez,72,Normal,72,0,2,72.0,61-75,2018,Sao Paulo,Fluminense,True
6345,22,Chapecoense,Rafael Thyere de Albuquerque Marques,61,Normal,61,0,2,61.0,61-75,2018,Chapecoense,Palmeiras,True
6345,22,Palmeiras,Hyoran,14,Normal,14,0,1,14.0,0-15,2018,Chapecoense,Palmeiras,False
6345,22,Palmeiras,Miguel Borja,52,Normal,52,0,2,52.0,46-60,2018,Chapecoense,Palmeiras,False
6346,23,Bahia,Tiago Pagnussat,85,Normal,85,0,2,85.0,76-90,2018,Bahia,Sport,True
6346,23,Bahia,Gilberto Oliveira Souza Junior,53,Normal,53,0,2,53.0,46-60,2018,Bahia,Sport,True
6347,23,Botafogo-RJ,Luiz Fernando Moraes dos Santos,11,Normal,11,0,1,11.0,0-15,2018,Botafogo-RJ,Cruzeiro,True
6347,23,Cruzeiro,Edílson Mendes Guimarães,37,Normal,37,0,1,37.0,31-45,2018,Botafogo-RJ,Cruzeiro,False
6348,23,Corinthians,Roger Rodrigues da Silva,72,Normal,72,0,2,72.0,61-75,2018,Ceara,Corinthians,False
6348,23,Ceara,Danilo Avelar,57,Gol Contra,57,0,2,57.0,46-60,2018,Ceara,Corinthians,True
6348,23,Ceara,Éverson Felipe Marques Pires,19,Normal,19,0,1,19.0,16-30,2018,Ceara,Corinthians,True
6349,23,Palmeiras,Willian Gomes de Siqueira,71,Normal,71,0,2,71.0,61-75,2018,Palmeiras,Athletico-PR,True
6349,23,Palmeiras,Moisés Lima Magalhães,90+5,Penalty,90,5,2,90.05,90+,2018,Palmeiras,Athletico-PR,True
6350,23,Parana,Rafael Grampola,39,Normal,39,0,1,39.0,31-45,2018,Parana,Chapecoense,True
6350,23,Chapecoense,Diego Torres,87,Normal,87,0,2,87.0,76-90,2018,Parana,Chapecoense,False
6351,23,Atletico-MG,Régis Ribeiro de Souza,9,Gol Contra,9,0,1,9.0,0-15,2018,Atletico-MG,Sao Paulo,True
6352,23,Internacional,William Pottker,6,Normal,6,0,1,6.0,0-15,2018,Internacional,Flamengo,True
6352,23,Internacional,Rodrigo Dourado,59,Normal,59,0,2,59.0,46-60,2018,Internacional,Flamengo,True
6352,23,Flamengo,Victor Vinícius Coelho Santos,57,Normal,57,0,2,57.0,46-60,2018,Internacional,Flamengo,False
6355,23,America-MG,Gérson Magrão,80,Normal,80,0,2,80.0,76-90,2018,America-MG,Vasco,True
6355,23,America-MG,Carlos Emiliano Pereira,31,Normal,31,0,1,31.0,31-45,2018,America-MG,Vasco,True
6355,23,Vasco,Maxi López,78,Penalty,78,0,2,78.0,76-90,2018,America-MG,Vasco,False
6357,24,Sao Paulo,Diego Souza,60,Normal,60,0,2,60.0,46-60,2018,Sao Paulo,Bahia,True
6358,24,Flamengo,Diego Ribas,57,Penalty,57,0,2,57.0,46-60,2018,Flamengo,Chapecoense,True
6358,24,Flamengo,Renê Rodrigues Martins,44,Normal,44,0,1,44.0,31-45,2018,Flamengo,Chapecoense,True
6360,24,Palmeiras,Deyverson,57,Normal,57,0,2,57.0,46-60,2018,Palmeiras,Corinthians,True
6361,24,Fluminense,Rodrigo Junior Paula Silva,11,Normal,11,0,1,11.0,0-15,2018,Fluminense,Botafogo-RJ,True
6362,24,Internacional,Edenílson Andrade dos Santos,59,Normal,59,0,2,59.0,46-60,2018,Internacional,Gremio,True
6363,24,Santos,Gabriel Barbosa,52,Normal,52,0,2,52.0,46-60,2018,Parana,Santos,False
6363,24,Santos,Gabriel Barbosa,78,Normal,78,0,2,78.0,76-90,2018,Parana,Santos,False
6364,24,Vitoria,Erick,73,Normal,73,0,2,73.0,61-75,2018,Vitoria,Vasco,True
6365,24,Atletico-MG,Leonardo Silva,26,Normal,26,0,1,26.0,16-30,2018,Atletico-MG,Athletico-PR,True
6365,24,Atletico-MG,Elias Mendes Trindade,68,Normal,68,0,2,68.0,61-75,2018,Atletico-MG,Athletico-PR,True
6365,24,Athletico-PR,Iago Maidana,10,Gol Contra,10,0,1,10.0,0-15,2018,Atletico-MG,Athletico-PR,False
6365,24,Atletico-MG,Ricardo Oliveira,83,Normal,83,0,2,83.0,76-90,2018,Atletico-MG,Athletico-PR,True
6305,20,Athletico-PR,Pablo Felipe Teixeira,61,Normal,61,0,2,61.0,61-75,2018,Chapecoense,Athletico-PR,False
6305,20,Chapecoense,Bruno Guimarães,78,Gol Contra,78,0,2,78.0,76-90,2018,Chapecoense,Athletico-PR,True
6305,20,Chapecoense,Leandro,88,Normal,88,0,2,88.0,76-90,2018,Chapecoense,Athletico-PR,True
6367,25,Gremio,Douglas dos Santos,54,Penalty,54,0,2,54.0,46-60,2018,Gremio,Parana,True
6367,25,Gremio,Juninho Capixaba,63,Normal,63,0,2,63.0,61-75,2018,Gremio,Parana,True
6366,25,Ceara,Calyson,28,Normal,28,0,1,28.0,16-30,2018,Ceara,Vitoria,True
6366,25,Ceara,Samuel Xavier,49,Normal,49,0,2,49.0,46-60,2018,Ceara,Vitoria,True
6368,25,Flamengo,Luiz Gustavo,62,Gol Contra,62,0,2,62.0,61-75,2018,Vasco,Flamengo,False
6368,25,Vasco,Andrés Ríos,28,Normal,28,0,1,28.0,16-30,2018,Vasco,Flamengo,True
6369,25,Botafogo-RJ,Rodrigo Lindoso,24,Normal,24,0,1,24.0,16-30,2018,Botafogo-RJ,America-MG,True
6372,25,Athletico-PR,Pablo Felipe Teixeira,45+2,Normal,45,2,1,45.02,45+,2018,Athletico-PR,Fluminense,True
6372,25,Athletico-PR,Léo Pereira,71,Normal,71,0,2,71.0,61-75,2018,Athletico-PR,Fluminense,True
6372,25,Fluminense,Luciano da Rocha Neves,60,Normal,60,0,2,60.0,46-60,2018,Athletico-PR,Fluminense,False
6372,25,Athletico-PR,Raphael Cavalcante Veiga,18,Normal,18,0,1,18.0,16-30,2018,Athletico-PR,Fluminense,True
6371,25,Bahia,Gilberto Oliveira Souza Junior,18,Normal,18,0,1,18.0,16-30,2018,Bahia,Palmeiras,True
6371,25,Palmeiras,Felipe Melo,78,Normal,78,0,2,78.0,76-90,2018,Bahia,Palmeiras,False
6374,25,Corinthians,Danilo Avelar,89,Normal,89,0,2,89.0,76-90,2018,Corinthians,Sport,True
6374,25,Sport,Hernane Vidal de Souza,22,Penalty,22,0,1,22.0,16-30,2018,Corinthians,Sport,False
6374,25,Corinthians,Jadson,59,Normal,59,0,2,59.0,46-60,2018,Corinthians,Sport,True
6375,25,Internacional,Nicolás Federico López,27,Penalty,27,0,1,27.0,16-30,2018,Chapecoense,Internacional,False
6375,25,Chapecoense,Leandro,37,Normal,37,0,1,37.0,31-45,2018,Chapecoense,Internacional,True
6375,25,Chapecoense,Leandro,82,Penalty,82,0,2,82.0,76-90,2018,Chapecoense,Internacional,True
6376,26,Sao Paulo,Diego Souza,45+1,Normal,45,1,1,45.01,45+,2018,Sao Paulo,America-MG,True
6376,26,America-MG,Matheus Leonardo Sales Cardoso,81,Normal,81,0,2,81.0,76-90,2018,Sao Paulo,America-MG,False
6377,26,Ceara,Arthur Mendonça Cabral,27,Normal,27,0,1,27.0,16-30,2018,Gremio,Ceara,False
6377,26,Gremio,Pedro Geromel,21,Normal,21,0,1,21.0,16-30,2018,Gremio,Ceara,True
6377,26,Gremio,Thonny Anderson,44,Normal,44,0,1,44.0,31-45,2018,Gremio,Ceara,True
6377,26,Gremio,Luan Guilherme de Jesus Vieira,69,Normal,69,0,2,69.0,61-75,2018,Gremio,Ceara,True
6377,26,Ceara,Luiz Otávio,13,Normal,13,0,1,13.0,0-15,2018,Gremio,Ceara,False
6378,26,Athletico-PR,Raphael Cavalcante Veiga,8,Normal,8,0,1,8.0,0-15,2018,Athletico-PR,Parana,True
6378,26,Athletico-PR,Pablo Felipe Teixeira,34,Normal,34,0,1,34.0,31-45,2018,Athletico-PR,Parana,True
6378,26,Athletico-PR,Marcelo Cirino da Silva,89,Normal,89,0,2,89.0,76-90,2018,Athletico-PR,Parana,True
6379,26,Flamengo,Willian Arão,2,Normal,2,0,1,2.0,0-15,2018,Flamengo,Atletico-MG,True
6379,26,Flamengo,Lucas Paquetá,54,Normal,54,0,2,54.0,46-60,2018,Flamengo,Atletico-MG,True
6379,26,Atletico-MG,Leonardo Silva,23,Normal,23,0,1,23.0,16-30,2018,Flamengo,Atletico-MG,False
6380,26,Internacional,Leandro Damião,45,Normal,45,0,1,45.0,31-45,2018,Corinthians,Internacional,False
6380,26,Corinthians,Douglas Augusto Soares Gomes,50,Normal,50,0,2,50.0,46-60,2018,Corinthians,Internacional,True
6381,26,Palmeiras,Willian Gomes de Siqueira,81,Normal,81,0,2,81.0,76-90,2018,Sport,Palmeiras,False
6382,26,Vitoria,Maurício Cordeiro,88,Normal,88,0,2,88.0,76-90,2018,Vitoria,Botafogo-RJ,True
6382,26,Botafogo-RJ,Leonardo da Silva Gomes,54,Gol Contra,54,0,2,54.0,46-60,2018,Vitoria,Botafogo-RJ,False
6382,26,Botafogo-RJ,Kieza,24,Normal,24,0,1,24.0,16-30,2018,Vitoria,Botafogo-RJ,False
6382,26,Vitoria,Lucas Fernandes,1,Normal,1,0,1,1.0,0-15,2018,Vitoria,Botafogo-RJ,True
6382,26,Botafogo-RJ,Rodrigo Lindoso,43,Normal,43,0,1,43.0,31-45,2018,Vitoria,Botafogo-RJ,False
6382,26,Vitoria,Fabiano da Silva Souza,52,Normal,52,0,2,52.0,46-60,2018,Vitoria,Botafogo-RJ,True
6382,26,Botafogo-RJ,Erik Nascimento de Lima,64,Normal,64,0,2,64.0,61-75,2018,Vitoria,Botafogo-RJ,False
6383,26,Cruzeiro,Luiz Ricardo Alves,46,Normal,46,0,2,46.0,46-60,2018,Cruzeiro,Santos,True
6383,26,Cruzeiro,Raniel,83,Normal,83,0,2,83.0,76-90,2018,Cruzeiro,Santos,True
6383,26,Santos,Gabriel Barbosa,16,Normal,16,0,1,16.0,16-30,2018,Cruzeiro,Santos,False
6384,26,Fluminense,Everaldo,11,Normal,11,0,1,11.0,0-15,2018,Chapecoense,Fluminense,False
6384,26,Fluminense,Junior Sornoza,36,Normal,36,0,1,36.0,31-45,2018,Chapecoense,Fluminense,False
6384,26,Chapecoense,Leandro,79,Normal,79,0,2,79.0,76-90,2018,Chapecoense,Fluminense,True
6385,26,Vasco,Yago Pikachu,32,Penalty,32,0,1,32.0,31-45,2018,Vasco,Bahia,True
6385,26,Vasco,Marrony,78,Normal,78,0,2,78.0,76-90,2018,Vasco,Bahia,True
6385,26,Bahia,Gilberto Oliveira Souza Junior,45+4,Normal,45,4,1,45.04,45+,2018,Vasco,Bahia,False
6155,3,Vasco,Andrés Ríos,79,Normal,79,0,2,79.0,76-90,2018,Santos,Vasco,False
6155,3,Santos,Diego Pituca,44,Normal,44,0,1,44.0,31-45,2018,Santos,Vasco,True
6386,27,Gremio,Everton Sousa Soares,90+3,Normal,90,3,2,90.03,90+,2018,Fluminense,Gremio,False
6389,27,Palmeiras,Lucas Rafael Araújo Lima,23,Normal,23,0,1,23.0,16-30,2018,Palmeiras,Cruzeiro,True
6389,27,Palmeiras,Hyoran,42,Normal,42,0,1,42.0,31-45,2018,Palmeiras,Cruzeiro,True
6389,27,Palmeiras,Gustavo Gómez,66,Penalty,66,0,2,66.0,61-75,2018,Palmeiras,Cruzeiro,True
6389,27,Cruzeiro,Federico Mancuello,31,Penalty,31,0,1,31.0,31-45,2018,Palmeiras,Cruzeiro,False
6390,27,Atletico-MG,Emerson Royal,28,Normal,28,0,1,28.0,16-30,2018,Atletico-MG,Sport,True
6390,27,Atletico-MG,Fábio Santos,26,Penalty,26,0,1,26.0,16-30,2018,Atletico-MG,Sport,True
6390,27,Atletico-MG,Juan Cazares,30,Normal,30,0,1,30.0,16-30,2018,Atletico-MG,Sport,True
6390,27,Sport,Leonardo Silva,7,Gol Contra,7,0,1,7.0,0-15,2018,Atletico-MG,Sport,False
6390,27,Atletico-MG,Ricardo Oliveira,70,Normal,70,0,2,70.0,61-75,2018,Atletico-MG,Sport,True
6390,27,Atletico-MG,Elias Mendes Trindade,9,Normal,9,0,1,9.0,0-15,2018,Atletico-MG,Sport,True
6390,27,Sport,Michel Bastos,57,Normal,57,0,2,57.0,46-60,2018,Atletico-MG,Sport,False
6393,27,Internacional,Leandro Damião,63,Normal,63,0,2,63.0,61-75,2018,Internacional,Vitoria,True
6393,27,Internacional,Andrés D'Alessandro,86,Penalty,86,0,2,86.0,76-90,2018,Internacional,Vitoria,True
6393,27,Vitoria,Emerson Santos,2,Gol Contra,2,0,1,2.0,0-15,2018,Internacional,Vitoria,False
6391,27,Santos,Carlos Andrés Sánchez,90+7,Penalty,90,7,2,90.07,90+,2018,Santos,Athletico-PR,True
6392,27,Botafogo-RJ,Jean Carlos de Souza Irmer,5,Normal,5,0,1,5.0,0-15,2018,Botafogo-RJ,Sao Paulo,True
6392,27,Botafogo-RJ,Kieza,25,Normal,25,0,1,25.0,16-30,2018,Botafogo-RJ,Sao Paulo,True
6392,27,Sao Paulo,Diego Souza,8,Normal,8,0,1,8.0,0-15,2018,Botafogo-RJ,Sao Paulo,False
6392,27,Sao Paulo,Gonzalo Carneiro,62,Normal,62,0,2,62.0,61-75,2018,Botafogo-RJ,Sao Paulo,False
6394,27,Chapecoense,Agustín Doffo,35,Normal,35,0,1,35.0,31-45,2018,Ceara,Chapecoense,False
6394,27,Ceara,Andrevaldo Santos,57,Normal,57,0,2,57.0,46-60,2018,Ceara,Chapecoense,True
6394,27,Ceara,Arthur Mendonça Cabral,59,Normal,59,0,2,59.0,46-60,2018,Ceara,Chapecoense,True
6394,27,Ceara,Leandro Carvalho,77,Normal,77,0,2,77.0,76-90,2018,Ceara,Chapecoense,True
6395,27,Parana,Alex Paulo Menezes Santana,9,Normal,9,0,1,9.0,0-15,2018,Parana,Vasco,True
6395,27,Vasco,Maxi López,45+5,Penalty,45,5,1,45.05,45+,2018,Parana,Vasco,False
6396,28,Internacional,Nicolás Federico López,67,Normal,67,0,2,67.0,61-75,2018,Sport,Internacional,False
6396,28,Sport,Adryelson,79,Normal,79,0,2,79.0,76-90,2018,Sport,Internacional,True
6396,28,Sport,Mateus Gonçalves Martins,88,Normal,88,0,2,88.0,76-90,2018,Sport,Internacional,True
6397,28,Flamengo,Lucas Paquetá,60,Normal,60,0,2,60.0,46-60,2018,Corinthians,Flamengo,False
6397,28,Flamengo,Lucas Paquetá,66,Normal,66,0,2,66.0,61-75,2018,Corinthians,Flamengo,False
6397,28,Flamengo,Renê Rodrigues Martins,90+2,Normal,90,2,2,90.02,90+,2018,Corinthians,Flamengo,False
6398,28,Santos,Carlos Andrés Sánchez,8,Normal,8,0,1,8.0,0-15,2018,Vitoria,Santos,False
6400,28,Chapecoense,Agustín Doffo,90+3,Normal,90,3,2,90.03,90+,2018,Chapecoense,Atletico-MG,True
6399,28,Athletico-PR,Pablo Felipe Teixeira,75,Normal,75,0,2,75.0,61-75,2018,Athletico-PR,America-MG,True
6399,28,Athletico-PR,Marcelo Cirino da Silva,1,Normal,1,0,1,1.0,0-15,2018,Athletico-PR,America-MG,True
6399,28,Athletico-PR,Raphael Cavalcante Veiga,41,Normal,41,0,1,41.0,31-45,2018,Athletico-PR,America-MG,True
6399,28,Athletico-PR,Nikão,56,Normal,56,0,2,56.0,46-60,2018,Athletico-PR,America-MG,True
6401,28,Palmeiras,Gustavo Gómez,34,Normal,34,0,1,34.0,31-45,2018,Sao Paulo,Palmeiras,False
6401,28,Palmeiras,Deyverson,37,Normal,37,0,1,37.0,31-45,2018,Sao Paulo,Palmeiras,False
6402,28,Gremio,Juninho Capixaba,85,Normal,85,0,2,85.0,76-90,2018,Gremio,Bahia,True
6402,28,Gremio,Jael,87,Penalty,87,0,2,87.0,76-90,2018,Gremio,Bahia,True
6402,28,Bahia,José Élber Pimentel da Silva,3,Normal,3,0,1,3.0,0-15,2018,Gremio,Bahia,False
6402,28,Bahia,José Élber Pimentel da Silva,67,Normal,67,0,2,67.0,61-75,2018,Gremio,Bahia,False
6403,28,Fluminense,Jadson,48,Normal,48,0,2,48.0,46-60,2018,Fluminense,Parana,True
6403,28,Fluminense,Richard Candido Coelho,41,Normal,41,0,1,41.0,31-45,2018,Fluminense,Parana,True
6403,28,Fluminense,Luciano da Rocha Neves,85,Normal,85,0,2,85.0,76-90,2018,Fluminense,Parana,True
6403,28,Fluminense,Jadson,35,Normal,35,0,1,35.0,31-45,2018,Fluminense,Parana,True
6404,28,Vasco,Maxi López,36,Normal,36,0,1,36.0,31-45,2018,Botafogo-RJ,Vasco,False
6404,28,Botafogo-RJ,Luiz Fernando Moraes dos Santos,17,Normal,17,0,1,17.0,16-30,2018,Botafogo-RJ,Vasco,True
6406,29,Flamengo,Fernando Uribe,50,Normal,50,0,2,50.0,46-60,2018,Flamengo,Fluminense,True
6406,29,Flamengo,Léo Duarte,45+2,Normal,45,2,1,45.02,45+,2018,Flamengo,Fluminense,True
6406,29,Flamengo,Fernando Uribe,11,Normal,11,0,1,11.0,0-15,2018,Flamengo,Fluminense,True
6407,29,Santos,Gabriel Barbosa,21,Normal,21,0,1,21.0,16-30,2018,Santos,Corinthians,True
6408,29,Bahia,Vinícius,89,Normal,89,0,2,89.0,76-90,2018,Bahia,Parana,True
6408,29,Bahia,Vinícius,85,Normal,85,0,2,85.0,76-90,2018,Bahia,Parana,True
6409,29,Vitoria,Lucas Fernandes,38,Normal,38,0,1,38.0,31-45,2018,Chapecoense,Vitoria,False
6410,29,Vasco,Yago Pikachu,49,Normal,49,0,2,49.0,46-60,2018,Vasco,Cruzeiro,True
6410,29,Vasco,Maxi López,70,Normal,70,0,2,70.0,61-75,2018,Vasco,Cruzeiro,True
6411,29,Internacional,Leandro Damião,45+1,Normal,45,1,1,45.01,45+,2018,Internacional,Sao Paulo,True
6411,29,Internacional,Leandro Damião,52,Normal,52,0,2,52.0,46-60,2018,Internacional,Sao Paulo,True
6411,29,Internacional,Nicolás Federico López,90+5,Penalty,90,5,2,90.05,90+,2018,Internacional,Sao Paulo,True
6411,29,Sao Paulo,Liziero,3,Normal,3,0,1,3.0,0-15,2018,Internacional,Sao Paulo,False
6412,29,Palmeiras,Deyverson,79,Normal,79,0,2,79.0,76-90,2018,Palmeiras,Gremio,True
6412,29,Palmeiras,Deyverson,8,Normal,8,0,1,8.0,0-15,2018,Palmeiras,Gremio,True
6414,29,Athletico-PR,Thiago Heleno,48,Normal,48,0,2,48.0,46-60,2018,Athletico-PR,Sport,True
6414,29,Athletico-PR,Bérgson Gustavo Silveira da Silva,84,Normal,84,0,2,84.0,76-90,2018,Athletico-PR,Sport,True
6414,29,Athletico-PR,Bérgson Gustavo Silveira da Silva,56,Penalty,56,0,2,56.0,46-60,2018,Athletico-PR,Sport,True
6414,29,Athletico-PR,Rony,86,Normal,86,0,2,86.0,76-90,2018,Athletico-PR,Sport,True
6416,30,America-MG,Juninho,37,Normal,37,0,1,37.0,31-45,2018,America-MG,Gremio,True
6416,30,Gremio,Jean Pyerre,66,Penalty,66,0,2,66.0,61-75,2018,America-MG,Gremio,False
6417,30,Bahia,Edigar Junio,48,Normal,48,0,2,48.0,46-60,2018,Botafogo-RJ,Bahia,False
6419,30,Vasco,Fabrício dos Santos Silva,39,Normal,39,0,1,39.0,31-45,2018,Sport,Vasco,False
6419,30,Sport,Mateus Gonçalves Martins,25,Normal,25,0,1,25.0,16-30,2018,Sport,Vasco,True
6419,30,Sport,Cláudio Winck,68,Normal,68,0,2,68.0,61-75,2018,Sport,Vasco,True
6420,30,Corinthians,Roger Rodrigues da Silva,90+1,Normal,90,1,2,90.01,90+,2018,Vitoria,Corinthians,False
6420,30,Vitoria,Rhayner,9,Normal,9,0,1,9.0,0-15,2018,Vitoria,Corinthians,True
6420,30,Vitoria,Neilton Mestzk,90+3,Normal,90,3,2,90.03,90+,2018,Vitoria,Corinthians,True
6420,30,Corinthians,Jadson,31,Normal,31,0,1,31.0,31-45,2018,Vitoria,Corinthians,False
6421,30,Fluminense,Luciano da Rocha Neves,63,Normal,63,0,2,63.0,61-75,2018,Fluminense,Atletico-MG,True
6422,30,Palmeiras,Bruno Henrique Corsini,18,Penalty,18,0,1,18.0,16-30,2018,Palmeiras,Ceara,True
6422,30,Palmeiras,Bruno Henrique Corsini,35,Normal,35,0,1,35.0,31-45,2018,Palmeiras,Ceara,True
6422,30,Ceara,Arthur Mendonça Cabral,55,Normal,55,0,2,55.0,46-60,2018,Palmeiras,Ceara,False
6423,30,Cruzeiro,Thiago Neves,22,Normal,22,0,1,22.0,16-30,2018,Cruzeiro,Chapecoense,True
6423,30,Cruzeiro,Giorgian De Arrascaeta,30,Normal,30,0,1,30.0,16-30,2018,Cruzeiro,Chapecoense,True
6423,30,Cruzeiro,Dedé,44,Normal,44,0,1,44.0,31-45,2018,Cruzeiro,Chapecoense,True
6424,30,Flamengo,Victor Vinícius Coelho Santos,51,Normal,51,0,2,51.0,46-60,2018,Parana,Flamengo,False
6424,30,Flamengo,Fernando Uribe,57,Normal,57,0,2,57.0,46-60,2018,Parana,Flamengo,False
6424,30,Flamengo,Henrique Dourado,90+1,Normal,90,1,2,90.01,90+,2018,Parana,Flamengo,False
6424,30,Flamengo,Lucas Paquetá,19,Normal,19,0,1,19.0,16-30,2018,Parana,Flamengo,False
6425,30,Santos,Fabiano,79,Gol Contra,79,0,2,79.0,76-90,2018,Internacional,Santos,False
6425,30,Internacional,Patrick,71,Normal,71,0,2,71.0,61-75,2018,Internacional,Santos,True
6425,30,Santos,Gabriel Barbosa,50,Normal,50,0,2,50.0,46-60,2018,Internacional,Santos,False
6425,30,Internacional,Leandro Damião,44,Normal,44,0,1,44.0,31-45,2018,Internacional,Santos,True
6405,28,Ceara,Arthur Mendonça Cabral,63,Normal,63,0,2,63.0,61-75,2018,Cruzeiro,Ceara,False
6405,28,Ceara,Arthur Mendonça Cabral,81,Normal,81,0,2,81.0,76-90,2018,Cruzeiro,Ceara,False
6426,31,Sao Paulo,Bruno Alves,37,Normal,37,0,1,37.0,31-45,2018,Vitoria,Sao Paulo,False
6427,31,Vasco,Maxi López,90+2,Penalty,90,2,2,90.02,90+,2018,Vasco,Internacional,True
6427,31,Internacional,Jonatan Álvez,85,Normal,85,0,2,85.0,76-90,2018,Vasco,Internacional,False
6428,31,Santos,Victor Ferraz,88,Normal,88,0,2,88.0,76-90,2018,Santos,Fluminense,True
6428,31,Santos,Carlos Andrés Sánchez,89,Normal,89,0,2,89.0,76-90,2018,Santos,Fluminense,True
6428,31,Santos,Gabriel Barbosa,84,Penalty,84,0,2,84.0,76-90,2018,Santos,Fluminense,True
6429,31,Sport,Jair Rodrigues Júnior,7,Normal,7,0,1,7.0,0-15,2018,Gremio,Sport,False
6429,31,Sport,Jair Rodrigues Júnior,64,Normal,64,0,2,64.0,61-75,2018,Gremio,Sport,False
6429,31,Gremio,Matheus Henrique de Souza,38,Normal,38,0,1,38.0,31-45,2018,Gremio,Sport,True
6429,31,Sport,Mateus Gonçalves Martins,30,Normal,30,0,1,30.0,16-30,2018,Gremio,Sport,False
6429,31,Gremio,Thonny Anderson,59,Normal,59,0,2,59.0,46-60,2018,Gremio,Sport,True
6429,31,Sport,Gabriel Santana,53,Normal,53,0,2,53.0,46-60,2018,Gremio,Sport,False
6429,31,Gremio,Juninho Capixaba,52,Penalty,52,0,2,52.0,46-60,2018,Gremio,Sport,True
6431,31,Chapecoense,Wellington Paulista,60,Normal,60,0,2,60.0,46-60,2018,Chapecoense,America-MG,True
6432,31,Palmeiras,Eduardo Pereira Rodrigues,50,Normal,50,0,2,50.0,46-60,2018,Flamengo,Palmeiras,False
6432,31,Flamengo,Marlos Moreno,81,Normal,81,0,2,81.0,76-90,2018,Flamengo,Palmeiras,True
6430,31,Corinthians,Danilo Gabriel de Andrade,47,Normal,47,0,2,47.0,46-60,2018,Corinthians,Bahia,True
6430,31,Bahia,Clayton da Silveira da Silva,85,Penalty,85,0,2,85.0,76-90,2018,Corinthians,Bahia,False
6430,31,Corinthians,Danilo Gabriel de Andrade,89,Normal,89,0,2,89.0,76-90,2018,Corinthians,Bahia,True
6434,31,Athletico-PR,Pablo Felipe Teixeira,84,Normal,84,0,2,84.0,76-90,2018,Athletico-PR,Botafogo-RJ,True
6434,31,Botafogo-RJ,Brenner Marlos Varanda de Oliveira,30,Penalty,30,0,1,30.0,16-30,2018,Athletico-PR,Botafogo-RJ,False
6434,31,Athletico-PR,Bérgson Gustavo Silveira da Silva,56,Normal,56,0,2,56.0,46-60,2018,Athletico-PR,Botafogo-RJ,True
6433,31,Parana,Egídio de Araújo Pereira Júnior,20,Gol Contra,20,0,1,20.0,16-30,2018,Cruzeiro,Parana,False
6433,31,Cruzeiro,Giorgian De Arrascaeta,10,Normal,10,0,1,10.0,0-15,2018,Cruzeiro,Parana,True
6433,31,Cruzeiro,Rafael Sóbis,48,Penalty,48,0,2,48.0,46-60,2018,Cruzeiro,Parana,True
6433,31,Cruzeiro,Fred,15,Normal,15,0,1,15.0,0-15,2018,Cruzeiro,Parana,True
6435,31,Ceara,Juninho Quixadá,10,Normal,10,0,1,10.0,0-15,2018,Ceara,Atletico-MG,True
6435,31,Ceara,Leandro Carvalho,62,Normal,62,0,2,62.0,61-75,2018,Ceara,Atletico-MG,True
6435,31,Atletico-MG,Juan Cazares,26,Normal,26,0,1,26.0,16-30,2018,Ceara,Atletico-MG,False
6436,32,Vasco,Maxi López,59,Penalty,59,0,2,59.0,46-60,2018,Fluminense,Vasco,False
6437,32,Gremio,Pedro Geromel,3,Normal,3,0,1,3.0,0-15,2018,Atletico-MG,Gremio,False
6438,32,Santos,Jonathan Copete,55,Normal,55,0,2,55.0,46-60,2018,Palmeiras,Santos,False
6438,32,Palmeiras,Eduardo Pereira Rodrigues,14,Normal,14,0,1,14.0,0-15,2018,Palmeiras,Santos,True
6438,32,Santos,José Rodolfo Pires Ribeiro,65,Normal,65,0,2,65.0,61-75,2018,Palmeiras,Santos,False
6438,32,Palmeiras,Edu Dracena,40,Normal,40,0,1,40.0,31-45,2018,Palmeiras,Santos,True
6438,32,Palmeiras,Victor Luis,71,Normal,71,0,2,71.0,61-75,2018,Palmeiras,Santos,True
6442,32,Botafogo-RJ,Rodrigo Lindoso,28,Normal,28,0,1,28.0,16-30,2018,Botafogo-RJ,Corinthians,True
6439,32,America-MG,Rafael Moura,71,Penalty,71,0,2,71.0,61-75,2018,America-MG,Cruzeiro,True
6439,32,Cruzeiro,Thiago Neves,50,Penalty,50,0,2,50.0,46-60,2018,America-MG,Cruzeiro,False
6439,32,Cruzeiro,Giorgian De Arrascaeta,18,Normal,18,0,1,18.0,16-30,2018,America-MG,Cruzeiro,False
6441,32,Flamengo,Rodinei de Almeida,82,Normal,82,0,2,82.0,76-90,2018,Sao Paulo,Flamengo,False
6441,32,Sao Paulo,Diego Souza,8,Normal,8,0,1,8.0,0-15,2018,Sao Paulo,Flamengo,True
6441,32,Sao Paulo,Hélio Junio Nunes de Castro,50,Normal,50,0,2,50.0,46-60,2018,Sao Paulo,Flamengo,True
6441,32,Flamengo,Fernando Uribe,10,Normal,10,0,1,10.0,0-15,2018,Sao Paulo,Flamengo,False
6440,32,Vitoria,Léo Pereira,84,Normal,84,0,2,84.0,76-90,2018,Parana,Vitoria,False
6440,32,Parana,Alex Paulo Menezes Santana,59,Normal,59,0,2,59.0,46-60,2018,Parana,Vitoria,True
6443,32,Internacional,Rodrigo Moledo,82,Normal,82,0,2,82.0,76-90,2018,Internacional,Athletico-PR,True
6443,32,Internacional,Andrés D'Alessandro,90+4,Penalty,90,4,2,90.04,90+,2018,Internacional,Athletico-PR,True
6443,32,Athletico-PR,Guilherme Camacho,64,Normal,64,0,2,64.0,61-75,2018,Internacional,Athletico-PR,False
6444,32,Bahia,José Élber Pimentel da Silva,67,Normal,67,0,2,67.0,61-75,2018,Bahia,Chapecoense,True
6445,32,Sport,Gabriel Santana,53,Normal,53,0,2,53.0,46-60,2018,Sport,Ceara,True
6446,33,Parana,Andrey Nunes dos Santos,90,Normal,90,0,2,90.0,76-90,2018,America-MG,Parana,False
6447,33,Sao Paulo,Brenner,81,Normal,81,0,2,81.0,76-90,2018,Corinthians,Sao Paulo,False
6447,33,Corinthians,Ralf de Souza Teles,72,Normal,72,0,2,72.0,61-75,2018,Corinthians,Sao Paulo,True
6448,33,Botafogo-RJ,Erik Nascimento de Lima,19,Normal,19,0,1,19.0,16-30,2018,Botafogo-RJ,Flamengo,True
6448,33,Botafogo-RJ,Leonardo Valencia,29,Normal,29,0,1,29.0,16-30,2018,Botafogo-RJ,Flamengo,True
6448,33,Flamengo,Victor Vinícius Coelho Santos,49,Normal,49,0,2,49.0,46-60,2018,Botafogo-RJ,Flamengo,False
6449,33,Athletico-PR,Marcelo Cirino da Silva,10,Normal,10,0,1,10.0,0-15,2018,Athletico-PR,Cruzeiro,True
6449,33,Athletico-PR,Raphael Cavalcante Veiga,22,Normal,22,0,1,22.0,16-30,2018,Athletico-PR,Cruzeiro,True
6450,33,Bahia,Nílton Ferreira Júnior,39,Normal,39,0,1,39.0,31-45,2018,Vitoria,Bahia,False
6450,33,Bahia,Eric dos Santos Rodrigues,72,Normal,72,0,2,72.0,61-75,2018,Vitoria,Bahia,False
6450,33,Vitoria,Léo Pereira,8,Normal,8,0,1,8.0,0-15,2018,Vitoria,Bahia,True
6450,33,Vitoria,Léo Pereira,68,Normal,68,0,2,68.0,61-75,2018,Vitoria,Bahia,True
6452,33,Atletico-MG,Elias Mendes Trindade,64,Normal,64,0,2,64.0,61-75,2018,Atletico-MG,Palmeiras,True
6452,33,Palmeiras,Bruno Henrique Corsini,77,Penalty,77,0,2,77.0,76-90,2018,Atletico-MG,Palmeiras,False
6453,33,Gremio,Jael,20,Normal,20,0,1,20.0,16-30,2018,Gremio,Vasco,True
6453,33,Gremio,Matheus Henrique de Souza,90+5,Normal,90,5,2,90.05,90+,2018,Gremio,Vasco,True
6453,33,Vasco,Thiago Galhardo,12,Normal,12,0,1,12.0,0-15,2018,Gremio,Vasco,False
6451,33,Ceara,Ricardo Dias Acosta,42,Normal,42,0,1,42.0,31-45,2018,Ceara,Internacional,True
6451,33,Internacional,Leandro Damião,16,Normal,16,0,1,16.0,16-30,2018,Ceara,Internacional,False
6455,33,Chapecoense,Leandro,29,Normal,29,0,1,29.0,16-30,2018,Santos,Chapecoense,False
6456,34,Vasco,Thiago Galhardo,67,Penalty,67,0,2,67.0,61-75,2018,Vasco,Athletico-PR,True
6456,34,Athletico-PR,Léo Pereira,90+5,Normal,90,5,2,90.05,90+,2018,Vasco,Athletico-PR,False
6457,34,Ceara,Calyson,8,Normal,8,0,1,8.0,0-15,2018,Bahia,Ceara,False
6457,34,Bahia,José Rafael Vivian,44,Normal,44,0,1,44.0,31-45,2018,Bahia,Ceara,True
6457,34,Bahia,Edigar Junio,90+3,Normal,90,3,2,90.03,90+,2018,Bahia,Ceara,True
6458,34,Atletico-MG,Fábio Santos,14,Penalty,14,0,1,14.0,0-15,2018,Parana,Atletico-MG,False
6460,34,Palmeiras,Miguel Borja,41,Normal,41,0,1,41.0,31-45,2018,Palmeiras,Fluminense,True
6460,34,Palmeiras,Felipe Melo,83,Normal,83,0,2,83.0,76-90,2018,Palmeiras,Fluminense,True
6460,34,Palmeiras,Luan Garcia Teixeira,90,Normal,90,0,2,90.0,76-90,2018,Palmeiras,Fluminense,True
6461,34,Cruzeiro,David Corrêa da Fonseca,14,Normal,14,0,1,14.0,0-15,2018,Cruzeiro,Corinthians,True
6462,34,Botafogo-RJ,Luiz Fernando Moraes dos Santos,73,Normal,73,0,2,73.0,61-75,2018,Chapecoense,Botafogo-RJ,False
6463,34,Flamengo,Henrique Dourado,73,Normal,73,0,2,73.0,61-75,2018,Flamengo,Santos,True
6464,34,Sao Paulo,Michel Ferreira dos Santos,74,Gol Contra,74,0,2,74.0,61-75,2018,Sao Paulo,Gremio,True
6464,34,Gremio,Everton Sousa Soares,57,Normal,57,0,2,57.0,46-60,2018,Sao Paulo,Gremio,False
6465,34,Internacional,Leandro Damião,24,Normal,24,0,1,24.0,16-30,2018,Internacional,America-MG,True
6465,34,Internacional,Edenílson Andrade dos Santos,45+1,Normal,45,1,1,45.01,45+,2018,Internacional,America-MG,True
6466,35,Corinthians,Mateus Vital,50,Normal,50,0,2,50.0,46-60,2018,Corinthians,Vasco,True
6467,35,Vitoria,Neilton Mestzk,90+2,Penalty,90,2,2,90.02,90+,2018,Vitoria,Athletico-PR,True
6467,35,Athletico-PR,Ramon Menezes Roma,26,Gol Contra,26,0,1,26.0,16-30,2018,Vitoria,Athletico-PR,False
6467,35,Athletico-PR,Bruno Guimarães,86,Normal,86,0,2,86.0,76-90,2018,Vitoria,Athletico-PR,False
6468,35,Atletico-MG,Juan Cazares,51,Normal,51,0,2,51.0,46-60,2018,Atletico-MG,Bahia,True
6469,35,Parana,Keslley dos Santos Lopes,35,Normal,35,0,1,35.0,31-45,2018,Parana,Palmeiras,True
6469,35,Palmeiras,Gustavo Scarpa,54,Penalty,54,0,2,54.0,46-60,2018,Parana,Palmeiras,False
6470,35,Santos,Gabriel Barbosa,45+1,Normal,45,1,1,45.01,45+,2018,America-MG,Santos,False
6470,35,America-MG,Rafael Moura,31,Normal,31,0,1,31.0,31-45,2018,America-MG,Santos,True
6470,35,America-MG,Matheus Leonardo Sales Cardoso,65,Normal,65,0,2,65.0,61-75,2018,America-MG,Santos,True
6471,35,Flamengo,Willian Arão,82,Normal,82,0,2,82.0,76-90,2018,Sport,Flamengo,False
6472,35,Botafogo-RJ,Erik Nascimento de Lima,42,Normal,42,0,1,42.0,31-45,2018,Botafogo-RJ,Internacional,True
6473,35,Sao Paulo,Diego Souza,31,Normal,31,0,1,31.0,31-45,2018,Sao Paulo,Cruzeiro,True
6474,35,Gremio,Cícero Santos,24,Normal,24,0,1,24.0,16-30,2018,Gremio,Chapecoense,True
6474,35,Gremio,Everton Sousa Soares,75,Normal,75,0,2,75.0,61-75,2018,Gremio,Chapecoense,True
6476,36,Internacional,Andrés D'Alessandro,83,Penalty,83,0,2,83.0,76-90,2018,Internacional,Atletico-MG,True
6476,36,Atletico-MG,Juan Cazares,42,Normal,42,0,1,42.0,31-45,2018,Internacional,Atletico-MG,False
6476,36,Atletico-MG,David Terans,90+3,Normal,90,3,2,90.03,90+,2018,Internacional,Atletico-MG,False
6477,36,Santos,Rodrygo Silva de Goes,36,Normal,36,0,1,36.0,31-45,2018,Santos,Botafogo-RJ,True
6477,36,Botafogo-RJ,Brenner Marlos Varanda de Oliveira,59,Normal,59,0,2,59.0,46-60,2018,Santos,Botafogo-RJ,False
6478,36,Athletico-PR,Léo Pereira,52,Normal,52,0,2,52.0,46-60,2018,Athletico-PR,Corinthians,True
6480,36,Flamengo,Diego Ribas,90,Normal,90,0,2,90.0,76-90,2018,Flamengo,Gremio,True
6480,36,Flamengo,Fernando Uribe,47,Normal,47,0,2,47.0,46-60,2018,Flamengo,Gremio,True
6481,36,Cruzeiro,Aderlan Santos,43,Gol Contra,43,0,1,43.0,31-45,2018,Cruzeiro,Vitoria,True
6481,36,Cruzeiro,Fred,72,Normal,72,0,2,72.0,61-75,2018,Cruzeiro,Vitoria,True
6481,36,Cruzeiro,Fred,55,Penalty,55,0,2,55.0,46-60,2018,Cruzeiro,Vitoria,True
6479,36,Palmeiras,Willian Gomes de Siqueira,76,Normal,76,0,2,76.0,76-90,2018,Palmeiras,America-MG,True
6479,36,Palmeiras,Eduardo Pereira Rodrigues,78,Normal,78,0,2,78.0,76-90,2018,Palmeiras,America-MG,True
6479,36,Palmeiras,Deyverson,82,Normal,82,0,2,82.0,76-90,2018,Palmeiras,America-MG,True
6479,36,Palmeiras,Luan Garcia Teixeira,59,Normal,59,0,2,59.0,46-60,2018,Palmeiras,America-MG,True
6482,36,Vasco,Andrey,18,Normal,18,0,1,18.0,16-30,2018,Vasco,Sao Paulo,True
6482,36,Vasco,Yago Pikachu,90+5,Normal,90,5,2,90.05,90+,2018,Vasco,Sao Paulo,True
6485,36,Chapecoense,Leandro,8,Normal,8,0,1,8.0,0-15,2018,Chapecoense,Sport,True
6485,36,Sport,Michel Bastos,68,Normal,68,0,2,68.0,61-75,2018,Chapecoense,Sport,False
6485,36,Chapecoense,Leandro,4,Penalty,4,0,1,4.0,0-15,2018,Chapecoense,Sport,True
6483,36,Ceara,Paulo Roberto Valoura Junior,33,Penalty,33,0,1,33.0,31-45,2018,Ceara,Parana,True
6484,36,Bahia,José Rafael Vivian,53,Normal,53,0,2,53.0,46-60,2018,Bahia,Fluminense,True
6484,36,Bahia,Edigar Junio,55,Normal,55,0,2,55.0,46-60,2018,Bahia,Fluminense,True
6486,37,Santos,Carlos Andrés Sánchez,2,Normal,2,0,1,2.0,0-15,2018,Santos,Atletico-MG,True
6486,37,Atletico-MG,Ricardo Oliveira,53,Normal,53,0,2,53.0,46-60,2018,Santos,Atletico-MG,False
6486,37,Santos,Wanderson Felipe Cardoso dos Santos,34,Normal,34,0,1,34.0,31-45,2018,Santos,Atletico-MG,True
6486,37,Santos,Gabriel Barbosa,37,Normal,37,0,1,37.0,31-45,2018,Santos,Atletico-MG,True
6486,37,Atletico-MG,Ricardo Oliveira,17,Normal,17,0,1,17.0,16-30,2018,Santos,Atletico-MG,False
6488,37,Flamengo,Éverton Ribeiro,8,Normal,8,0,1,8.0,0-15,2018,Cruzeiro,Flamengo,False
6488,37,Flamengo,Éverton Ribeiro,52,Normal,52,0,2,52.0,46-60,2018,Cruzeiro,Flamengo,False
6487,37,Ceara,Wescley,83,Normal,83,0,2,83.0,76-90,2018,Athletico-PR,Ceara,False
6487,37,Athletico-PR,Marcio Antonio de Sousa Junior,53,Normal,53,0,2,53.0,46-60,2018,Athletico-PR,Ceara,True
6487,37,Athletico-PR,Lucho González,58,Normal,58,0,2,58.0,46-60,2018,Athletico-PR,Ceara,True
6487,37,Ceara,Leandro Carvalho,26,Normal,26,0,1,26.0,16-30,2018,Athletico-PR,Ceara,False
6490,37,Palmeiras,Deyverson,72,Normal,72,0,2,72.0,61-75,2018,Vasco,Palmeiras,False
6491,37,Internacional,Nicolás Federico López,75,Normal,75,0,2,75.0,61-75,2018,Internacional,Fluminense,True
6491,37,Internacional,Nicolás Federico López,89,Normal,89,0,2,89.0,76-90,2018,Internacional,Fluminense,True
6492,37,America-MG,Juninho,47,Normal,47,0,2,47.0,46-60,2018,America-MG,Bahia,True
6494,37,Botafogo-RJ,Erik Nascimento de Lima,75,Normal,75,0,2,75.0,61-75,2018,Botafogo-RJ,Parana,True
6494,37,Parana,Alex Paulo Menezes Santana,64,Normal,64,0,2,64.0,61-75,2018,Botafogo-RJ,Parana,False
6494,37,Botafogo-RJ,Erik Nascimento de Lima,7,Normal,7,0,1,7.0,0-15,2018,Botafogo-RJ,Parana,True
6496,38,Athletico-PR,Rony,71,Normal,71,0,2,71.0,61-75,2018,Flamengo,Athletico-PR,False
6496,38,Flamengo,Luiz Rhodolfo Dini Gaioto,23,Normal,23,0,1,23.0,16-30,2018,Flamengo,Athletico-PR,True
6496,38,Athletico-PR,Matheus Rossetto,65,Normal,65,0,2,65.0,61-75,2018,Flamengo,Athletico-PR,False
6497,38,Atletico-MG,Juan Cazares,18,Normal,18,0,1,18.0,16-30,2018,Atletico-MG,Botafogo-RJ,True
6502,38,Parana,Jhonny Lucas,90+2,Normal,90,2,2,90.02,90+,2018,Parana,Internacional,True
6502,38,Internacional,Jonatan Álvez,66,Normal,66,0,2,66.0,61-75,2018,Parana,Internacional,False
6505,38,Palmeiras,Bruno Henrique Corsini,90,Normal,90,0,2,90.0,76-90,2018,Palmeiras,Vitoria,True
6505,38,Vitoria,Yago Rocha,71,Penalty,71,0,2,71.0,61-75,2018,Palmeiras,Vitoria,False
6505,38,Vitoria,Luan Silva dos Santos,73,Normal,73,0,2,73.0,61-75,2018,Palmeiras,Vitoria,False
6505,38,Palmeiras,Edu Dracena,43,Normal,43,0,1,43.0,31-45,2018,Palmeiras,Vitoria,True
6505,38,Palmeiras,Gustavo Scarpa,57,Normal,57,0,2,57.0,46-60,2018,Palmeiras,Vitoria,True
6499,38,Gremio,Jael,12,Normal,12,0,1,12.0,0-15,2018,Gremio,Corinthians,True
6501,38,Sport,Hernane Vidal de Souza,90+2,Normal,90,2,2,90.02,90+,2018,Sport,Santos,True
6501,38,Santos,Rodrygo Silva de Goes,90+4,Normal,90,4,2,90.04,90+,2018,Sport,Santos,False
6501,38,Sport,José Rogério de Oliveira Melo,84,Normal,84,0,2,84.0,76-90,2018,Sport,Santos,True
6503,38,Fluminense,Richard Candido Coelho,41,Normal,41,0,1,41.0,31-45,2018,Fluminense,America-MG,True
6504,38,Chapecoense,Leandro,68,Normal,68,0,2,68.0,61-75,2018,Chapecoense,Sao Paulo,True
6506,1,Sao Paulo,Éverton Cardoso da Silva,41,Normal,41,0,1,41.0,31-45,2019,Sao Paulo,Botafogo-RJ,True
6506,1,Sao Paulo,Hudson,83,Normal,83,0,2,83.0,76-90,2019,Sao Paulo,Botafogo-RJ,True
6507,1,Atletico-MG,Ricardo Oliveira,53,Normal,53,0,2,53.0,46-60,2019,Atletico-MG,Avai,True
6507,1,Avai,Feliciano Brizuela,46,Normal,46,0,2,46.0,46-60,2019,Atletico-MG,Avai,False
6507,1,Atletico-MG,Fábio Santos,45+2,Penalty,45,2,1,45.02,45+,2019,Atletico-MG,Avai,True
6508,1,Chapecoense,Everaldo Stum,88,Normal,88,0,2,88.0,76-90,2019,Chapecoense,Internacional,True
6508,1,Chapecoense,Everaldo Stum,45+2,Penalty,45,2,1,45.02,45+,2019,Chapecoense,Internacional,True
6509,1,Flamengo,Bruno Henrique,67,Normal,67,0,2,67.0,61-75,2019,Flamengo,Cruzeiro,True
6509,1,Flamengo,Gabriel Barbosa,90,Normal,90,0,2,90.0,76-90,2019,Flamengo,Cruzeiro,True
6509,1,Cruzeiro,Pedro Rocha Neves,40,Normal,40,0,1,40.0,31-45,2019,Flamengo,Cruzeiro,False
6509,1,Flamengo,Bruno Henrique,41,Normal,41,0,1,41.0,31-45,2019,Flamengo,Cruzeiro,True
6510,1,Santos,Eduardo Sasha,6,Normal,6,0,1,6.0,0-15,2019,Gremio,Santos,False
6510,1,Santos,Felipe Jonatan,35,Normal,35,0,1,35.0,31-45,2019,Gremio,Santos,False
6510,1,Gremio,Everton Sousa Soares,90+3,Normal,90,3,2,90.03,90+,2019,Gremio,Santos,True
6513,1,Ceara,Ricardo Bueno,89,Normal,89,0,2,89.0,76-90,2019,Ceara,CSA,True
6513,1,Ceara,Leandro Carvalho,34,Normal,34,0,1,34.0,31-45,2019,Ceara,CSA,True
6513,1,Ceara,João Lucas Cardoso,81,Normal,81,0,2,81.0,76-90,2019,Ceara,CSA,True
6513,1,Ceara,Ricardo Bueno,21,Normal,21,0,1,21.0,16-30,2019,Ceara,CSA,True
6511,1,Bahia,José Rogério de Oliveira Melo,84,Normal,84,0,2,84.0,76-90,2019,Bahia,Corinthians,True
6511,1,Corinthians,Pedrinho,45+2,Normal,45,2,1,45.02,45+,2019,Bahia,Corinthians,False
6511,1,Bahia,Arthur Caike do Nascimento Cruz,45+4,Normal,45,4,1,45.04,45+,2019,Bahia,Corinthians,True
6511,1,Corinthians,Clayson Henrique da Silva Vieira,90+5,Normal,90,5,2,90.05,90+,2019,Bahia,Corinthians,False
6511,1,Bahia,Artur Victor Guimarães,76,Normal,76,0,2,76.0,76-90,2019,Bahia,Corinthians,True
6512,1,Athletico-PR,Marco Ruben,45,Normal,45,0,1,45.0,31-45,2019,Athletico-PR,Vasco,True
6512,1,Athletico-PR,Werley Ananias da Silva,66,Gol Contra,66,0,2,66.0,61-75,2019,Athletico-PR,Vasco,True
6512,1,Athletico-PR,Nikão,86,Normal,86,0,2,86.0,76-90,2019,Athletico-PR,Vasco,True
6512,1,Vasco,Bruno César,89,Normal,89,0,2,89.0,76-90,2019,Athletico-PR,Vasco,False
6512,1,Athletico-PR,Bruno Guimarães,3,Normal,3,0,1,3.0,0-15,2019,Athletico-PR,Vasco,True
6514,1,Palmeiras,José Rafael Vivian,71,Normal,71,0,2,71.0,61-75,2019,Palmeiras,Fortaleza,True
6514,1,Palmeiras,Marcos Rocha,59,Normal,59,0,2,59.0,46-60,2019,Palmeiras,Fortaleza,True
6514,1,Palmeiras,Bruno Henrique Corsini,90+1,Normal,90,1,2,90.01,90+,2019,Palmeiras,Fortaleza,True
6514,1,Palmeiras,José Rafael Vivian,17,Normal,17,0,1,17.0,16-30,2019,Palmeiras,Fortaleza,True
6515,1,Goias,Rafael Vaz,89,Normal,89,0,2,89.0,76-90,2019,Fluminense,Goias,False
6517,2,Palmeiras,Raphael Cavalcante Veiga,9,Normal,9,0,1,9.0,0-15,2019,CSA,Palmeiras,False
6517,2,CSA,Matheus Sávio,63,Normal,63,0,2,63.0,61-75,2019,CSA,Palmeiras,True
6516,2,Internacional,Paolo Guerrero,5,Normal,5,0,1,5.0,0-15,2019,Internacional,Flamengo,True
6516,2,Internacional,Martín Sarrafiore,77,Normal,77,0,2,77.0,76-90,2019,Internacional,Flamengo,True
6516,2,Flamengo,Giorgian De Arrascaeta,60,Normal,60,0,2,60.0,46-60,2019,Internacional,Flamengo,False
6518,2,Corinthians,Carlos Augusto Zopolato Neves,55,Normal,55,0,2,55.0,46-60,2019,Corinthians,Chapecoense,True
6519,2,Cruzeiro,Thiago Neves,50,Normal,50,0,2,50.0,46-60,2019,Cruzeiro,Ceara,True
6520,2,Avai,Michel Ferreira dos Santos,85,Gol Contra,85,0,2,85.0,76-90,2019,Avai,Gremio,True
6520,2,Gremio,Rômulo Borges Monteiro,45,Normal,45,0,1,45.0,31-45,2019,Avai,Gremio,False
6521,2,Goias,Leandro Barcia Montero,45+2,Normal,45,2,1,45.02,45+,2019,Goias,Sao Paulo,True
6521,2,Sao Paulo,Alexandre Pato,31,Normal,31,0,1,31.0,31-45,2019,Goias,Sao Paulo,False
6521,2,Sao Paulo,Jonas Toró,36,Normal,36,0,1,36.0,31-45,2019,Goias,Sao Paulo,False
6522,2,Atletico-MG,Elias Mendes Trindade,59,Normal,59,0,2,59.0,46-60,2019,Vasco,Atletico-MG,False
6522,2,Atletico-MG,Yimmi Chará,90,Normal,90,0,2,90.0,76-90,2019,Vasco,Atletico-MG,False
6522,2,Vasco,Maxi López,66,Normal,66,0,2,66.0,61-75,2019,Vasco,Atletico-MG,True
6523,2,Athletico-PR,Léo Pereira,22,Normal,22,0,1,22.0,16-30,2019,Fortaleza,Athletico-PR,False
6523,2,Fortaleza,Edinho,2,Normal,2,0,1,2.0,0-15,2019,Fortaleza,Athletico-PR,True
6523,2,Fortaleza,Wellington Paulista,76,Normal,76,0,2,76.0,76-90,2019,Fortaleza,Athletico-PR,True
6524,2,Santos,Eduardo Sasha,65,Normal,65,0,2,65.0,61-75,2019,Santos,Fluminense,True
6524,2,Santos,Carlos Andrés Sánchez,73,Normal,73,0,2,73.0,61-75,2019,Santos,Fluminense,True
6524,2,Fluminense,Pedro,85,Normal,85,0,2,85.0,76-90,2019,Santos,Fluminense,False
6525,2,Botafogo-RJ,Erik Nascimento de Lima,30,Normal,30,0,1,30.0,16-30,2019,Botafogo-RJ,Bahia,True
6525,2,Bahia,Ernando Rodrigues Lopes,83,Normal,83,0,2,83.0,76-90,2019,Botafogo-RJ,Bahia,False
6525,2,Botafogo-RJ,João Paulo,36,Normal,36,0,1,36.0,31-45,2019,Botafogo-RJ,Bahia,True
6525,2,Botafogo-RJ,Cícero Santos,45+3,Normal,45,3,1,45.03,45+,2019,Botafogo-RJ,Bahia,True
6525,2,Bahia,Arthur Caike do Nascimento Cruz,6,Normal,6,0,1,6.0,0-15,2019,Botafogo-RJ,Bahia,False
6527,3,Palmeiras,Deyverson,14,Normal,14,0,1,14.0,0-15,2019,Palmeiras,Internacional,True
6526,3,Corinthians,Mateus Vital,17,Normal,17,0,1,17.0,16-30,2019,Vasco,Corinthians,False
6526,3,Vasco,Maxi López,39,Penalty,39,0,1,39.0,31-45,2019,Vasco,Corinthians,True
6528,3,Atletico-MG,Nathan Allan de Souza,26,Normal,26,0,1,26.0,16-30,2019,Ceara,Atletico-MG,False
6528,3,Atletico-MG,Jair Rodrigues Júnior,90+3,Normal,90,3,2,90.03,90+,2019,Ceara,Atletico-MG,False
6528,3,Ceara,Ricardo Bueno,24,Normal,24,0,1,24.0,16-30,2019,Ceara,Atletico-MG,True
6529,3,Chapecoense,Everaldo Stum,89,Normal,89,0,2,89.0,76-90,2019,Chapecoense,Athletico-PR,True
6529,3,Athletico-PR,Rony,76,Normal,76,0,2,76.0,76-90,2019,Chapecoense,Athletico-PR,False
6531,3,Botafogo-RJ,Alex Paulo Menezes Santana,70,Normal,70,0,2,70.0,61-75,2019,Botafogo-RJ,Fortaleza,True
6533,3,Cruzeiro,Rodrigo Eduardo Costa Marinho,81,Normal,81,0,2,81.0,76-90,2019,Cruzeiro,Goias,True
6533,3,Goias,Michael Richard Delgado de Oliveira,57,Normal,57,0,2,57.0,46-60,2019,Cruzeiro,Goias,False
6533,3,Cruzeiro,Dedé,49,Normal,49,0,2,49.0,46-60,2019,Cruzeiro,Goias,True
6530,3,Sao Paulo,Danilo Neves,83,Normal,83,0,2,83.0,76-90,2019,Sao Paulo,Flamengo,True
6530,3,Flamengo,Orlando Berrío,8,Normal,8,0,1,8.0,0-15,2019,Sao Paulo,Flamengo,False
6534,3,Fluminense,Pedro,72,Penalty,72,0,2,72.0,61-75,2019,Gremio,Fluminense,False
6534,3,Gremio,Jean Pyerre,22,Normal,22,0,1,22.0,16-30,2019,Gremio,Fluminense,True
6534,3,Fluminense,Luciano da Rocha Neves,41,Normal,41,0,1,41.0,31-45,2019,Gremio,Fluminense,False
6534,3,Gremio,Walter Kannemann,84,Normal,84,0,2,84.0,76-90,2019,Gremio,Fluminense,True
6534,3,Fluminense,Matheus Ferraz Pereira,55,Normal,55,0,2,55.0,46-60,2019,Gremio,Fluminense,False
6534,3,Gremio,André Felipe Ribeiro de Souza,6,Normal,6,0,1,6.0,0-15,2019,Gremio,Fluminense,True
6534,3,Fluminense,Yony González,39,Normal,39,0,1,39.0,31-45,2019,Gremio,Fluminense,False
6534,3,Gremio,Everton Sousa Soares,13,Normal,13,0,1,13.0,0-15,2019,Gremio,Fluminense,True
6534,3,Fluminense,Yony González,90+2,Normal,90,2,2,90.02,90+,2019,Gremio,Fluminense,False
6535,3,Bahia,Artur Victor Guimarães,40,Normal,40,0,1,40.0,31-45,2019,Bahia,Avai,True
6536,4,Botafogo-RJ,Alex Paulo Menezes Santana,72,Normal,72,0,2,72.0,61-75,2019,Fluminense,Botafogo-RJ,False
6538,4,Goias,Jonathan Marlone,21,Normal,21,0,1,21.0,16-30,2019,Goias,Ceara,True
6538,4,Goias,Leandro Barcia Montero,90+1,Normal,90,1,2,90.01,90+,2019,Goias,Ceara,True
6538,4,Ceara,Thiago Galhardo,77,Normal,77,0,2,77.0,76-90,2019,Goias,Ceara,False
6541,4,Palmeiras,Bruno Henrique Corsini,45,Normal,45,0,1,45.0,31-45,2019,Atletico-MG,Palmeiras,False
6541,4,Palmeiras,Bruno Henrique Corsini,52,Normal,52,0,2,52.0,46-60,2019,Atletico-MG,Palmeiras,False
6539,4,Flamengo,Lincoln Corrêa dos Santos,51,Normal,51,0,2,51.0,46-60,2019,Flamengo,Chapecoense,True
6539,4,Chapecoense,Gum,90+2,Normal,90,2,2,90.02,90+,2019,Flamengo,Chapecoense,False
6539,4,Flamengo,Victor Vinícius Coelho Santos,8,Normal,8,0,1,8.0,0-15,2019,Flamengo,Chapecoense,True
6542,4,Internacional,Paolo Guerrero,56,Normal,56,0,2,56.0,46-60,2019,Internacional,Cruzeiro,True
6542,4,Internacional,Rodrigo Moledo,83,Normal,83,0,2,83.0,76-90,2019,Internacional,Cruzeiro,True
6542,4,Cruzeiro,Dedé,36,Normal,36,0,1,36.0,31-45,2019,Internacional,Cruzeiro,False
6542,4,Internacional,Gustavo Nonato Santana,32,Normal,32,0,1,32.0,31-45,2019,Internacional,Cruzeiro,True
6540,4,Santos,Yeferson Soteldo,73,Normal,73,0,2,73.0,61-75,2019,Santos,Vasco,True
6540,4,Santos,Diego Pituca,19,Normal,19,0,1,19.0,16-30,2019,Santos,Vasco,True
6540,4,Santos,Rodrygo Silva de Goes,33,Normal,33,0,1,33.0,31-45,2019,Santos,Vasco,True
6544,4,Athletico-PR,Rony,11,Normal,11,0,1,11.0,0-15,2019,Athletico-PR,Bahia,True
6545,4,Sao Paulo,Hernanes,77,Normal,77,0,2,77.0,76-90,2019,Fortaleza,Sao Paulo,False
6546,5,Fluminense,João Pedro,90+5,Normal,90,5,2,90.05,90+,2019,Fluminense,Cruzeiro,True
6546,5,Fluminense,Nino,44,Normal,44,0,1,44.0,31-45,2019,Fluminense,Cruzeiro,True
6546,5,Cruzeiro,Róbson Michael Signorini,49,Normal,49,0,2,49.0,46-60,2019,Fluminense,Cruzeiro,False
6546,5,Fluminense,Luciano da Rocha Neves,46,Normal,46,0,2,46.0,46-60,2019,Fluminense,Cruzeiro,True
6546,5,Fluminense,João Pedro,81,Normal,81,0,2,81.0,76-90,2019,Fluminense,Cruzeiro,True
6548,5,Flamengo,Bruno Henrique,31,Normal,31,0,1,31.0,31-45,2019,Atletico-MG,Flamengo,False
6548,5,Atletico-MG,Juan Cazares,28,Normal,28,0,1,28.0,16-30,2019,Atletico-MG,Flamengo,True
6548,5,Atletico-MG,Yimmi Chará,47,Normal,47,0,2,47.0,46-60,2019,Atletico-MG,Flamengo,True
6547,5,Palmeiras,Raphael Cavalcante Veiga,52,Normal,52,0,2,52.0,46-60,2019,Palmeiras,Santos,True
6547,5,Palmeiras,Hyoran,88,Normal,88,0,2,88.0,76-90,2019,Palmeiras,Santos,True
6547,5,Palmeiras,Gustavo Gómez,6,Normal,6,0,1,6.0,0-15,2019,Palmeiras,Santos,True
6547,5,Palmeiras,Deyverson,19,Normal,19,0,1,19.0,16-30,2019,Palmeiras,Santos,True
6551,5,Corinthians,Pedrinho,87,Normal,87,0,2,87.0,76-90,2019,Athletico-PR,Corinthians,False
6551,5,Corinthians,Vágner Love,14,Normal,14,0,1,14.0,0-15,2019,Athletico-PR,Corinthians,False
6553,5,Fortaleza,Marcinho,63,Normal,63,0,2,63.0,61-75,2019,Chapecoense,Fortaleza,False
6553,5,Fortaleza,Osvaldo Filho,65,Normal,65,0,2,65.0,61-75,2019,Chapecoense,Fortaleza,False
6553,5,Chapecoense,Rildo de Andrade Felicissimo,13,Normal,13,0,1,13.0,0-15,2019,Chapecoense,Fortaleza,True
6553,5,Fortaleza,Marcinho,39,Normal,39,0,1,39.0,31-45,2019,Chapecoense,Fortaleza,False
6550,5,Internacional,Gustavo Nonato Santana,37,Normal,37,0,1,37.0,31-45,2019,Internacional,CSA,True
6550,5,Internacional,Edenílson Andrade dos Santos,65,Normal,65,0,2,65.0,61-75,2019,Internacional,CSA,True
6552,5,Goias,Kayke Moreno,87,Normal,87,0,2,87.0,76-90,2019,Goias,Botafogo-RJ,True
6554,5,Vasco,Ricardo Graça,82,Normal,82,0,2,82.0,76-90,2019,Vasco,Avai,True
6554,5,Avai,Daniel Amorim,90+5,Normal,90,5,2,90.05,90+,2019,Vasco,Avai,False
6555,5,Ceara,Ricardo Dias Acosta,11,Normal,11,0,1,11.0,0-15,2019,Ceara,Gremio,True
6555,5,Gremio,Everton Sousa Soares,31,Normal,31,0,1,31.0,31-45,2019,Ceara,Gremio,False
6555,5,Ceara,Michel Ferreira dos Santos,23,Gol Contra,23,0,1,23.0,16-30,2019,Ceara,Gremio,True
6556,6,Palmeiras,Gustavo Gómez,62,Penalty,62,0,2,62.0,61-75,2019,Botafogo-RJ,Palmeiras,False
6557,6,Gremio,Felipe Vizeu,47,Normal,47,0,2,47.0,46-60,2019,Gremio,Atletico-MG,True
6558,6,Flamengo,Rodrigo Caio,90+6,Normal,90,6,2,90.06,90+,2019,Flamengo,Athletico-PR,True
6558,6,Athletico-PR,Marcelo Cirino da Silva,64,Normal,64,0,2,64.0,61-75,2019,Flamengo,Athletico-PR,False
6558,6,Flamengo,Gabriel Barbosa,32,Penalty,32,0,1,32.0,31-45,2019,Flamengo,Athletico-PR,True
6558,6,Athletico-PR,Marcelo Cirino da Silva,72,Penalty,72,0,2,72.0,61-75,2019,Flamengo,Athletico-PR,False
6558,6,Flamengo,Bruno Henrique,90,Normal,90,0,2,90.0,76-90,2019,Flamengo,Athletico-PR,True
6560,6,Vasco,Yago Pikachu,71,Penalty,71,0,2,71.0,61-75,2019,Fortaleza,Vasco,False
6560,6,Fortaleza,Romarinho,89,Normal,89,0,2,89.0,76-90,2019,Fortaleza,Vasco,True
6561,6,Chapecoense,Rildo de Andrade Felicissimo,52,Normal,52,0,2,52.0,46-60,2019,Cruzeiro,Chapecoense,False
6561,6,Chapecoense,Diego Torres,85,Normal,85,0,2,85.0,76-90,2019,Cruzeiro,Chapecoense,False
6561,6,Cruzeiro,Thiago Neves,57,Normal,57,0,2,57.0,46-60,2019,Cruzeiro,Chapecoense,True
6562,6,Fluminense,João Pedro,80,Normal,80,0,2,80.0,76-90,2019,Bahia,Fluminense,False
6562,6,Bahia,Gilberto Oliveira Souza Junior,69,Penalty,69,0,2,69.0,61-75,2019,Bahia,Fluminense,True
6562,6,Fluminense,Pedro,19,Penalty,19,0,1,19.0,16-30,2019,Bahia,Fluminense,False
6562,6,Bahia,Artur Victor Guimarães,16,Normal,16,0,1,16.0,16-30,2019,Bahia,Fluminense,True
6562,6,Bahia,Gilberto Oliveira Souza Junior,30,Normal,30,0,1,30.0,16-30,2019,Bahia,Fluminense,True
6563,6,Corinthians,Pedrinho,7,Normal,7,0,1,7.0,0-15,2019,Corinthians,Sao Paulo,True
6565,6,Ceara,Thiago Galhardo,73,Normal,73,0,2,73.0,61-75,2019,Avai,Ceara,False
6565,6,Ceara,Thiago Galhardo,87,Normal,87,0,2,87.0,76-90,2019,Avai,Ceara,False
6565,6,Avai,Brenner Marlos Varanda de Oliveira,44,Normal,44,0,1,44.0,31-45,2019,Avai,Ceara,True
6564,6,CSA,Francinilson Santos Meirelles,62,Normal,62,0,2,62.0,61-75,2019,CSA,Goias,True
6566,7,Flamengo,Gabriel Barbosa,40,Normal,40,0,1,40.0,31-45,2019,Flamengo,Fortaleza,True
6566,7,Flamengo,Gabriel Barbosa,68,Normal,68,0,2,68.0,61-75,2019,Flamengo,Fortaleza,True
6567,7,Bahia,José Fernando Viana de Santana,55,Penalty,55,0,2,55.0,46-60,2019,Bahia,Gremio,True
6568,7,Botafogo-RJ,Diego Souza,58,Normal,58,0,2,58.0,46-60,2019,Botafogo-RJ,Vasco,True
6571,7,Sao Paulo,Alexandre Pato,15,Normal,15,0,1,15.0,0-15,2019,Sao Paulo,Cruzeiro,True
6571,7,Cruzeiro,Thiago Neves,68,Normal,68,0,2,68.0,61-75,2019,Sao Paulo,Cruzeiro,False
6569,7,Santos,Eduardo Sasha,52,Normal,52,0,2,52.0,46-60,2019,Ceara,Santos,False
6570,7,Athletico-PR,Marcelo Cirino da Silva,84,Normal,84,0,2,84.0,76-90,2019,Athletico-PR,Fluminense,True
6570,7,Athletico-PR,Lucho González,21,Normal,21,0,1,21.0,16-30,2019,Athletico-PR,Fluminense,True
6570,7,Athletico-PR,Rony,38,Normal,38,0,1,38.0,31-45,2019,Athletico-PR,Fluminense,True
6572,7,Atletico-MG,Fábio Santos,20,Penalty,20,0,1,20.0,16-30,2019,Atletico-MG,CSA,True
6572,7,Atletico-MG,Yimmi Chará,50,Normal,50,0,2,50.0,46-60,2019,Atletico-MG,CSA,True
6572,7,Atletico-MG,Adílson Warken,76,Normal,76,0,2,76.0,76-90,2019,Atletico-MG,CSA,True
6572,7,Atletico-MG,Juan Cazares,23,Normal,23,0,1,23.0,16-30,2019,Atletico-MG,CSA,True
6573,7,Chapecoense,Everaldo Stum,37,Penalty,37,0,1,37.0,31-45,2019,Chapecoense,Palmeiras,True
6573,7,Palmeiras,Eduardo Pereira Rodrigues,32,Normal,32,0,1,32.0,31-45,2019,Chapecoense,Palmeiras,False
6573,7,Palmeiras,Marcos Rocha,45,Normal,45,0,1,45.0,31-45,2019,Chapecoense,Palmeiras,False
6574,7,Internacional,Paolo Guerrero,62,Normal,62,0,2,62.0,61-75,2019,Internacional,Avai,True
6574,7,Internacional,Edenílson Andrade dos Santos,77,Normal,77,0,2,77.0,76-90,2019,Internacional,Avai,True
6576,8,Vasco,Tiago Reis,45+3,Normal,45,3,1,45.03,45+,2019,Vasco,Internacional,True
6576,8,Internacional,Emerson Santos,56,Normal,56,0,2,56.0,46-60,2019,Vasco,Internacional,False
6576,8,Vasco,Andrey,44,Normal,44,0,1,44.0,31-45,2019,Vasco,Internacional,True
6577,8,Palmeiras,Raphael Cavalcante Veiga,80,Penalty,80,0,2,80.0,76-90,2019,Palmeiras,Athletico-PR,True
6578,8,Gremio,Pepê,90,Normal,90,0,2,90.0,76-90,2019,Gremio,Fortaleza,True
6584,8,Atletico-MG,Alerrandro Barra Mansa Realino de Souza,71,Normal,71,0,2,71.0,61-75,2019,Santos,Atletico-MG,False
6584,8,Santos,Jean Mota Oliveira de Souza,45+5,Penalty,45,5,1,45.05,45+,2019,Santos,Atletico-MG,True
6584,8,Santos,Eduardo Sasha,39,Normal,39,0,1,39.0,31-45,2019,Santos,Atletico-MG,True
6584,8,Santos,Carlos Andrés Sánchez,81,Normal,81,0,2,81.0,76-90,2019,Santos,Atletico-MG,True
6582,8,Botafogo-RJ,Cícero Santos,83,Normal,83,0,2,83.0,76-90,2019,CSA,Botafogo-RJ,False
6582,8,Botafogo-RJ,Alex Paulo Menezes Santana,90+4,Normal,90,4,2,90.04,90+,2019,CSA,Botafogo-RJ,False
6582,8,CSA,Carlos Andrade Souza,62,Normal,62,0,2,62.0,61-75,2019,CSA,Botafogo-RJ,True
6585,8,Goias,Jefferson,78,Normal,78,0,2,78.0,76-90,2019,Goias,Chapecoense,True
6585,8,Goias,Kayke Moreno,37,Penalty,37,0,1,37.0,31-45,2019,Goias,Chapecoense,True
6585,8,Chapecoense,Rafael Pereira dos Santos,45,Normal,45,0,1,45.0,31-45,2019,Goias,Chapecoense,False
6585,8,Goias,Kayke Moreno,90+2,Penalty,90,2,2,90.02,90+,2019,Goias,Chapecoense,True
6586,9,Gremio,Jean Pyerre,81,Normal,81,0,2,81.0,76-90,2019,Botafogo-RJ,Gremio,False
6587,9,Fortaleza,André Luis,3,Normal,3,0,1,3.0,0-15,2019,Fortaleza,Cruzeiro,True
6587,9,Fortaleza,André Luis,45+2,Normal,45,2,1,45.02,45+,2019,Fortaleza,Cruzeiro,True
6587,9,Cruzeiro,Luiz Ricardo Alves,11,Normal,11,0,1,11.0,0-15,2019,Fortaleza,Cruzeiro,False
6588,9,Internacional,Rafael Sóbis,61,Normal,61,0,2,61.0,61-75,2019,Internacional,Bahia,True
6588,9,Internacional,Andrés D'Alessandro,81,Normal,81,0,2,81.0,76-90,2019,Internacional,Bahia,True
6588,9,Bahia,José Fernando Viana de Santana,78,Normal,78,0,2,78.0,76-90,2019,Internacional,Bahia,False
6588,9,Internacional,Rodrigo Lindoso,18,Normal,18,0,1,18.0,16-30,2019,Internacional,Bahia,True
6589,9,Flamengo,Gabriel Barbosa,77,Normal,77,0,2,77.0,76-90,2019,CSA,Flamengo,False
6589,9,Flamengo,Victor Vinícius Coelho Santos,65,Normal,65,0,2,65.0,61-75,2019,CSA,Flamengo,False
6590,9,Santos,Eduardo Sasha,59,Normal,59,0,2,59.0,46-60,2019,Santos,Corinthians,True
6595,9,Athletico-PR,Rafael Vaz,90+2,Gol Contra,90,2,2,90.02,90+,2019,Goias,Athletico-PR,False
6595,9,Goias,Kayke Moreno,6,Normal,6,0,1,6.0,0-15,2019,Goias,Athletico-PR,True
6595,9,Goias,Leandro Barcia Montero,32,Normal,32,0,1,32.0,31-45,2019,Goias,Athletico-PR,True
6591,9,Vasco,Danilo Barcelos,80,Normal,80,0,2,80.0,76-90,2019,Vasco,Ceara,True
6592,9,Chapecoense,Everaldo Stum,3,Normal,3,0,1,3.0,0-15,2019,Chapecoense,Fluminense,True
6592,9,Fluminense,Paulo Henrique Ganso,59,Penalty,59,0,2,59.0,46-60,2019,Chapecoense,Fluminense,False
6593,9,Palmeiras,Deyverson,32,Normal,32,0,1,32.0,31-45,2019,Palmeiras,Avai,True
6593,9,Palmeiras,Bruno Henrique Corsini,66,Normal,66,0,2,66.0,61-75,2019,Palmeiras,Avai,True
6594,9,Atletico-MG,Alerrandro Barra Mansa Realino de Souza,44,Normal,44,0,1,44.0,31-45,2019,Atletico-MG,Sao Paulo,True
6594,9,Sao Paulo,Alexandre Pato,73,Normal,73,0,2,73.0,61-75,2019,Atletico-MG,Sao Paulo,False
6597,10,Fortaleza,Wellington Paulista,43,Normal,43,0,1,43.0,31-45,2019,Fortaleza,Avai,True
6597,10,Fortaleza,Wellington Paulista,67,Normal,67,0,2,67.0,61-75,2019,Fortaleza,Avai,True
6596,10,Vasco,Yago Pikachu,15,Penalty,15,0,1,15.0,0-15,2019,Gremio,Vasco,False
6596,10,Gremio,Pepê,61,Normal,61,0,2,61.0,61-75,2019,Gremio,Vasco,True
6596,10,Gremio,Pepê,86,Normal,86,0,2,86.0,76-90,2019,Gremio,Vasco,True
6598,10,Santos,Carlos Andrés Sánchez,87,Normal,87,0,2,87.0,76-90,2019,Bahia,Santos,False
6599,10,Palmeiras,Eduardo Pereira Rodrigues,71,Normal,71,0,2,71.0,61-75,2019,Sao Paulo,Palmeiras,False
6599,10,Sao Paulo,Pablo Felipe Teixeira,10,Normal,10,0,1,10.0,0-15,2019,Sao Paulo,Palmeiras,True
6600,10,Flamengo,Bruno Henrique,44,Normal,44,0,1,44.0,31-45,2019,Flamengo,Goias,True
6600,10,Flamengo,Giorgian De Arrascaeta,6,Normal,6,0,1,6.0,0-15,2019,Flamengo,Goias,True
6600,10,Flamengo,Gabriel Barbosa,56,Normal,56,0,2,56.0,46-60,2019,Flamengo,Goias,True
6600,10,Flamengo,Giorgian De Arrascaeta,45+1,Normal,45,1,1,45.01,45+,2019,Flamengo,Goias,True
6600,10,Flamengo,Gabriel Barbosa,81,Normal,81,0,2,81.0,76-90,2019,Flamengo,Goias,True
6600,10,Flamengo,Giorgian De Arrascaeta,45+5,Normal,45,5,1,45.05,45+,2019,Flamengo,Goias,True
6600,10,Goias,Kayke Moreno,12,Normal,12,0,1,12.0,0-15,2019,Flamengo,Goias,False
6602,10,Athletico-PR,Vitor Hugo Naum dos Santos,89,Normal,89,0,2,89.0,76-90,2019,Athletico-PR,Internacional,True
6601,10,Corinthians,Vágner Love,78,Normal,78,0,2,78.0,76-90,2019,Corinthians,CSA,True
6604,10,Atletico-MG,Vinícius,90+9,Normal,90,9,2,90.09,90+,2019,Chapecoense,Atletico-MG,False
6604,10,Chapecoense,Everaldo Stum,1,Normal,1,0,1,1.0,0-15,2019,Chapecoense,Atletico-MG,True
6604,10,Atletico-MG,Iago Maidana,80,Normal,80,0,2,80.0,76-90,2019,Chapecoense,Atletico-MG,False
6605,10,Fluminense,Pedro,41,Normal,41,0,1,41.0,31-45,2019,Fluminense,Ceara,True
6605,10,Ceara,Tiago dos Santos Alves,45+4,Normal,45,4,1,45.04,45+,2019,Fluminense,Ceara,False
6606,11,Vasco,Bruno César,76,Normal,76,0,2,76.0,76-90,2019,Vasco,Fluminense,True
6606,11,Fluminense,Pedro,45+2,Normal,45,2,1,45.02,45+,2019,Vasco,Fluminense,False
6606,11,Vasco,Leandro Castán,67,Normal,67,0,2,67.0,61-75,2019,Vasco,Fluminense,True
6609,11,Athletico-PR,Madson,41,Normal,41,0,1,41.0,31-45,2019,CSA,Athletico-PR,False
6609,11,Athletico-PR,Thonny Anderson,60,Normal,60,0,2,60.0,46-60,2019,CSA,Athletico-PR,False
6609,11,Athletico-PR,Léo Cittadini,86,Normal,86,0,2,86.0,76-90,2019,CSA,Athletico-PR,False
6609,11,Athletico-PR,Braian Romero,90+3,Normal,90,3,2,90.03,90+,2019,CSA,Athletico-PR,False
6610,11,Gremio,Luan Guilherme de Jesus Vieira,71,Normal,71,0,2,71.0,61-75,2019,Internacional,Gremio,False
6610,11,Internacional,Paulo Miranda,22,Gol Contra,22,0,1,22.0,16-30,2019,Internacional,Gremio,True
6608,11,Ceara,Mateus Gonçalves Martins,32,Normal,32,0,1,32.0,31-45,2019,Ceara,Palmeiras,True
6608,11,Ceara,Leandro Carvalho,72,Normal,72,0,2,72.0,61-75,2019,Ceara,Palmeiras,True
6611,11,Santos,Mário Sérgio Santos Costa,75,Normal,75,0,2,75.0,61-75,2019,Botafogo-RJ,Santos,False
6613,11,Flamengo,Gabriel Barbosa,85,Normal,85,0,2,85.0,76-90,2019,Corinthians,Flamengo,False
6613,11,Corinthians,Clayson Henrique da Silva Vieira,62,Penalty,62,0,2,62.0,61-75,2019,Corinthians,Flamengo,True
6612,11,Atletico-MG,Juan Cazares,14,Penalty,14,0,1,14.0,0-15,2019,Atletico-MG,Fortaleza,True
6612,11,Atletico-MG,Paulo Roberto Valoura Junior,7,Gol Contra,7,0,1,7.0,0-15,2019,Atletico-MG,Fortaleza,True
6612,11,Fortaleza,Carlos Emiliano Pereira,65,Normal,65,0,2,65.0,61-75,2019,Atletico-MG,Fortaleza,False
6612,11,Fortaleza,Paulo Roberto Valoura Junior,72,Penalty,72,0,2,72.0,61-75,2019,Atletico-MG,Fortaleza,False
6615,11,Sao Paulo,Antony Matheus dos Santos,49,Normal,49,0,2,49.0,46-60,2019,Sao Paulo,Chapecoense,True
6615,11,Sao Paulo,Jonas Toró,53,Normal,53,0,2,53.0,46-60,2019,Sao Paulo,Chapecoense,True
6615,11,Sao Paulo,Raniel,56,Normal,56,0,2,56.0,46-60,2019,Sao Paulo,Chapecoense,True
6615,11,Sao Paulo,Vitor Bueno,90+1,Normal,90,1,2,90.01,90+,2019,Sao Paulo,Chapecoense,True
6617,12,Athletico-PR,Bruno Guimarães,77,Normal,77,0,2,77.0,76-90,2019,Cruzeiro,Athletico-PR,False
6617,12,Athletico-PR,Jonathan Cícero Moreira,30,Penalty,30,0,1,30.0,16-30,2019,Cruzeiro,Athletico-PR,False
6616,12,Vasco,Marrony,3,Normal,3,0,1,3.0,0-15,2019,Palmeiras,Vasco,False
6616,12,Palmeiras,Gustavo Scarpa,15,Penalty,15,0,1,15.0,0-15,2019,Palmeiras,Vasco,True
6619,12,Internacional,Martín Sarrafiore,39,Normal,39,0,1,39.0,31-45,2019,Internacional,Ceara,True
6618,12,Fluminense,Yony González,36,Normal,36,0,1,36.0,31-45,2019,Fluminense,Sao Paulo,True
6618,12,Sao Paulo,Reinaldo Manoel da Silva,90+7,Penalty,90,7,2,90.07,90+,2019,Fluminense,Sao Paulo,False
6618,12,Sao Paulo,Reinaldo Manoel da Silva,20,Normal,20,0,1,20.0,16-30,2019,Fluminense,Sao Paulo,False
6621,12,Botafogo-RJ,Cícero Santos,14,Normal,14,0,1,14.0,0-15,2019,Flamengo,Botafogo-RJ,False
6621,12,Flamengo,Gerson Santos da Silva,35,Normal,35,0,1,35.0,31-45,2019,Flamengo,Botafogo-RJ,True
6621,12,Botafogo-RJ,Diego Souza,67,Normal,67,0,2,67.0,61-75,2019,Flamengo,Botafogo-RJ,False
6621,12,Flamengo,Gabriel Barbosa,54,Normal,54,0,2,54.0,46-60,2019,Flamengo,Botafogo-RJ,True
6621,12,Flamengo,Bruno Henrique,74,Normal,74,0,2,74.0,61-75,2019,Flamengo,Botafogo-RJ,True
6622,12,Santos,Felipe Jonatan,78,Normal,78,0,2,78.0,76-90,2019,Santos,Avai,True
6622,12,Avai,João Paulo,28,Normal,28,0,1,28.0,16-30,2019,Santos,Avai,False
6622,12,Santos,Derlis González,9,Normal,9,0,1,9.0,0-15,2019,Santos,Avai,True
6622,12,Santos,Carlos Andrés Sánchez,33,Normal,33,0,1,33.0,31-45,2019,Santos,Avai,True
6624,12,Corinthians,Danilo Avelar,81,Normal,81,0,2,81.0,76-90,2019,Fortaleza,Corinthians,False
6624,12,Corinthians,Mauro Boselli,67,Normal,67,0,2,67.0,61-75,2019,Fortaleza,Corinthians,False
6624,12,Fortaleza,Manoel Messias Silva Carvalho,40,Gol Contra,40,0,1,40.0,31-45,2019,Fortaleza,Corinthians,True
6624,12,Corinthians,Pedrinho,71,Normal,71,0,2,71.0,61-75,2019,Fortaleza,Corinthians,False
6627,13,Fluminense,Natanael Batista Pimenta,68,Gol Contra,68,0,2,68.0,61-75,2019,Fluminense,Internacional,True
6627,13,Internacional,Edenílson Andrade dos Santos,90+2,Normal,90,2,2,90.02,90+,2019,Fluminense,Internacional,False
6627,13,Fluminense,Yony González,58,Normal,58,0,2,58.0,46-60,2019,Fluminense,Internacional,True
6626,13,Ceara,Thiago Galhardo,15,Normal,15,0,1,15.0,0-15,2019,Ceara,Fortaleza,True
6626,13,Ceara,Wanderson Felipe Cardoso dos Santos,18,Normal,18,0,1,18.0,16-30,2019,Ceara,Fortaleza,True
6626,13,Fortaleza,Paulo Roberto Valoura Junior,45+2,Penalty,45,2,1,45.02,45+,2019,Ceara,Fortaleza,False
6628,13,Santos,Eduardo Sasha,52,Normal,52,0,2,52.0,46-60,2019,Santos,Goias,True
6628,13,Santos,Carlos Andrés Sánchez,9,Normal,9,0,1,9.0,0-15,2019,Santos,Goias,True
6628,13,Santos,Yeferson Soteldo,68,Normal,68,0,2,68.0,61-75,2019,Santos,Goias,True
6628,13,Santos,Lucas Veríssimo,15,Normal,15,0,1,15.0,0-15,2019,Santos,Goias,True
6628,13,Santos,Yeferson Soteldo,81,Normal,81,0,2,81.0,76-90,2019,Santos,Goias,True
6628,13,Santos,Gustavo Henrique Vernes,37,Normal,37,0,1,37.0,31-45,2019,Santos,Goias,True
6628,13,Goias,Kayke Moreno,90+1,Normal,90,1,2,90.01,90+,2019,Santos,Goias,False
6629,13,Botafogo-RJ,Alex Paulo Menezes Santana,19,Normal,19,0,1,19.0,16-30,2019,Avai,Botafogo-RJ,False
6629,13,Botafogo-RJ,Marcelo da Conceição Benevenuto Malaquias,50,Normal,50,0,2,50.0,46-60,2019,Avai,Botafogo-RJ,False
6630,13,Bahia,Gilberto Oliveira Souza Junior,45+6,Normal,45,6,1,45.06,45+,2019,Bahia,Flamengo,True
6630,13,Bahia,Gilberto Oliveira Souza Junior,20,Normal,20,0,1,20.0,16-30,2019,Bahia,Flamengo,True
6630,13,Bahia,Gilberto Oliveira Souza Junior,31,Normal,31,0,1,31.0,31-45,2019,Bahia,Flamengo,True
6631,13,Corinthians,Manoel Messias Silva Carvalho,13,Normal,13,0,1,13.0,0-15,2019,Corinthians,Palmeiras,True
6631,13,Palmeiras,Felipe Melo,48,Normal,48,0,2,48.0,46-60,2019,Corinthians,Palmeiras,False
6633,13,Atletico-MG,Nathan Allan de Souza,90+2,Normal,90,2,2,90.02,90+,2019,Atletico-MG,Cruzeiro,True
6633,13,Atletico-MG,Vinícius,45+1,Normal,45,1,1,45.01,45+,2019,Atletico-MG,Cruzeiro,True
6634,13,Chapecoense,Everaldo Stum,12,Normal,12,0,1,12.0,0-15,2019,Gremio,Chapecoense,False
6634,13,Gremio,Pedro Geromel,9,Normal,9,0,1,9.0,0-15,2019,Gremio,Chapecoense,True
6634,13,Chapecoense,Gustavo Campanharo,34,Normal,34,0,1,34.0,31-45,2019,Gremio,Chapecoense,False
6634,13,Gremio,Everton Sousa Soares,26,Normal,26,0,1,26.0,16-30,2019,Gremio,Chapecoense,True
6634,13,Chapecoense,Arthur Gomes,60,Normal,60,0,2,60.0,46-60,2019,Gremio,Chapecoense,False
6634,13,Gremio,Diego Tardelli,80,Normal,80,0,2,80.0,76-90,2019,Gremio,Chapecoense,True
6575,7,Corinthians,Mauro Boselli,87,Penalty,87,0,2,87.0,76-90,2019,Corinthians,Goias,True
6575,7,Corinthians,Júnior Urso,25,Normal,25,0,1,25.0,16-30,2019,Corinthians,Goias,True
6636,14,Ceara,Thiago Galhardo,45+6,Normal,45,6,1,45.06,45+,2019,Ceara,Chapecoense,True
6636,14,Ceara,Thiago Galhardo,61,Penalty,61,0,2,61.0,61-75,2019,Ceara,Chapecoense,True
6636,14,Ceara,Thiago Galhardo,90,Normal,90,0,2,90.0,76-90,2019,Ceara,Chapecoense,True
6636,14,Ceara,Wanderson Felipe Cardoso dos Santos,57,Normal,57,0,2,57.0,46-60,2019,Ceara,Chapecoense,True
6636,14,Chapecoense,Renato Kayzer,89,Normal,89,0,2,89.0,76-90,2019,Ceara,Chapecoense,False
6637,14,Sao Paulo,Alexandre Pato,49,Normal,49,0,2,49.0,46-60,2019,Sao Paulo,Santos,True
6637,14,Santos,Raniel,86,Gol Contra,86,0,2,86.0,76-90,2019,Sao Paulo,Santos,False
6637,14,Sao Paulo,Alexandre Pato,72,Normal,72,0,2,72.0,61-75,2019,Sao Paulo,Santos,True
6637,14,Sao Paulo,Reinaldo Manoel da Silva,57,Penalty,57,0,2,57.0,46-60,2019,Sao Paulo,Santos,True
6637,14,Santos,Eduardo Sasha,44,Normal,44,0,1,44.0,31-45,2019,Sao Paulo,Santos,False
6638,14,Flamengo,Giorgian De Arrascaeta,50,Normal,50,0,2,50.0,46-60,2019,Flamengo,Gremio,True
6638,14,Flamengo,Éverton Ribeiro,90+2,Normal,90,2,2,90.02,90+,2019,Flamengo,Gremio,True
6638,14,Gremio,Rafael Galhardo,45+6,Penalty,45,6,1,45.06,45+,2019,Flamengo,Gremio,False
6638,14,Flamengo,Willian Arão,29,Normal,29,0,1,29.0,16-30,2019,Flamengo,Gremio,True
6639,14,Fluminense,Nenê,88,Normal,88,0,2,88.0,76-90,2019,Atletico-MG,Fluminense,False
6639,14,Atletico-MG,Juan Cazares,42,Normal,42,0,1,42.0,31-45,2019,Atletico-MG,Fluminense,True
6639,14,Atletico-MG,Ricardo Oliveira,51,Normal,51,0,2,51.0,46-60,2019,Atletico-MG,Fluminense,True
6641,14,Bahia,Gilberto Oliveira Souza Junior,85,Penalty,85,0,2,85.0,76-90,2019,Palmeiras,Bahia,False
6641,14,Palmeiras,Eduardo Pereira Rodrigues,13,Normal,13,0,1,13.0,0-15,2019,Palmeiras,Bahia,True
6641,14,Palmeiras,Eduardo Pereira Rodrigues,58,Normal,58,0,2,58.0,46-60,2019,Palmeiras,Bahia,True
6641,14,Bahia,Gilberto Oliveira Souza Junior,53,Penalty,53,0,2,53.0,46-60,2019,Palmeiras,Bahia,False
6642,14,Cruzeiro,Pedro Rocha Neves,62,Normal,62,0,2,62.0,61-75,2019,Avai,Cruzeiro,False
6642,14,Cruzeiro,Luiz Ricardo Alves,90+3,Normal,90,3,2,90.03,90+,2019,Avai,Cruzeiro,False
6642,14,Avai,Brenner Marlos Varanda de Oliveira,74,Penalty,74,0,2,74.0,61-75,2019,Avai,Cruzeiro,True
6642,14,Avai,Pedro Castro,23,Normal,23,0,1,23.0,16-30,2019,Avai,Cruzeiro,True
6643,14,Botafogo-RJ,Luiz Fernando Moraes dos Santos,31,Normal,31,0,1,31.0,31-45,2019,Botafogo-RJ,Athletico-PR,True
6643,14,Botafogo-RJ,Diego Souza,77,Penalty,77,0,2,77.0,76-90,2019,Botafogo-RJ,Athletico-PR,True
6643,14,Athletico-PR,Thonny Anderson,16,Normal,16,0,1,16.0,16-30,2019,Botafogo-RJ,Athletico-PR,False
6644,14,Vasco,Marcos Antônio Candido Ferreira Júnior,22,Normal,22,0,1,22.0,16-30,2019,Goias,Vasco,False
6645,14,Fortaleza,Bruno Ferreira Melo,5,Normal,5,0,1,5.0,0-15,2019,CSA,Fortaleza,False
6645,14,Fortaleza,Edinho,37,Normal,37,0,1,37.0,31-45,2019,CSA,Fortaleza,False
6649,15,Athletico-PR,Marcelo Cirino da Silva,38,Normal,38,0,1,38.0,31-45,2019,Athletico-PR,Atletico-MG,True
6646,15,Corinthians,Everaldo,56,Normal,56,0,2,56.0,46-60,2019,Corinthians,Botafogo-RJ,True
6646,15,Corinthians,Mauro Boselli,42,Normal,42,0,1,42.0,31-45,2019,Corinthians,Botafogo-RJ,True
6647,15,Internacional,Wellington Alves da Silva,66,Normal,66,0,2,66.0,61-75,2019,Fortaleza,Internacional,False
6648,15,Flamengo,Gabriel Barbosa,51,Normal,51,0,2,51.0,46-60,2019,Vasco,Flamengo,False
6648,15,Flamengo,Gabriel Barbosa,62,Normal,62,0,2,62.0,61-75,2019,Vasco,Flamengo,False
6648,15,Vasco,Leandro Castán,58,Normal,58,0,2,58.0,46-60,2019,Vasco,Flamengo,True
6648,15,Flamengo,Giorgian De Arrascaeta,83,Penalty,83,0,2,83.0,76-90,2019,Vasco,Flamengo,False
6648,15,Flamengo,Bruno Henrique,42,Normal,42,0,1,42.0,31-45,2019,Vasco,Flamengo,False
6650,15,Palmeiras,Eduardo Pereira Rodrigues,14,Normal,14,0,1,14.0,0-15,2019,Gremio,Palmeiras,False
6650,15,Gremio,David Braz,88,Normal,88,0,2,88.0,76-90,2019,Gremio,Palmeiras,True
6651,15,CSA,Jonatan Gómez,79,Normal,79,0,2,79.0,76-90,2019,Fluminense,CSA,False
6654,15,Cruzeiro,Fred,44,Normal,44,0,1,44.0,31-45,2019,Cruzeiro,Santos,True
6654,15,Cruzeiro,Thiago Neves,47,Normal,47,0,2,47.0,46-60,2019,Cruzeiro,Santos,True
6653,15,Goias,Fábio Sanches,34,Normal,34,0,1,34.0,31-45,2019,Bahia,Goias,False
6653,15,Bahia,Alejandro Guerra,71,Normal,71,0,2,71.0,61-75,2019,Bahia,Goias,True
6652,15,Sao Paulo,Daniel Alves,40,Normal,40,0,1,40.0,31-45,2019,Sao Paulo,Ceara,True
6655,15,Chapecoense,Everaldo Stum,73,Penalty,73,0,2,73.0,61-75,2019,Chapecoense,Avai,True
6635,13,Sao Paulo,Vitor Bueno,40,Normal,40,0,1,40.0,31-45,2019,Athletico-PR,Sao Paulo,False
6656,16,Bahia,Gilberto Oliveira Souza Junior,20,Normal,20,0,1,20.0,16-30,2019,Atletico-MG,Bahia,False
6657,16,Gremio,Luan Guilherme de Jesus Vieira,4,Normal,4,0,1,4.0,0-15,2019,Gremio,Athletico-PR,True
6657,16,Gremio,Thaciano,52,Normal,52,0,2,52.0,46-60,2019,Gremio,Athletico-PR,True
6657,16,Athletico-PR,Rony,48,Normal,48,0,2,48.0,46-60,2019,Gremio,Athletico-PR,False
6658,16,Goias,Rafael Vaz,90+6,Normal,90,6,2,90.06,90+,2019,Goias,Internacional,True
6658,16,Internacional,Guilherme Parede,12,Normal,12,0,1,12.0,0-15,2019,Goias,Internacional,False
6658,16,Goias,Michael Richard Delgado de Oliveira,71,Normal,71,0,2,71.0,61-75,2019,Goias,Internacional,True
6659,16,Vasco,Talles Magno,57,Normal,57,0,2,57.0,46-60,2019,Vasco,Sao Paulo,True
6659,16,Vasco,Fellipe Bastos,81,Normal,81,0,2,81.0,76-90,2019,Vasco,Sao Paulo,True
6660,16,Santos,Mário Sérgio Santos Costa,2,Normal,2,0,1,2.0,0-15,2019,Santos,Fortaleza,True
6660,16,Fortaleza,Tinga,90+5,Normal,90,5,2,90.05,90+,2019,Santos,Fortaleza,False
6660,16,Fortaleza,Wellington Paulista,60,Penalty,60,0,2,60.0,46-60,2019,Santos,Fortaleza,False
6660,16,Santos,Jorge Marco de Oliveira Moraes,10,Normal,10,0,1,10.0,0-15,2019,Santos,Fortaleza,True
6660,16,Santos,Eduardo Sasha,32,Normal,32,0,1,32.0,31-45,2019,Santos,Fortaleza,True
6660,16,Fortaleza,Wellington Paulista,68,Normal,68,0,2,68.0,61-75,2019,Santos,Fortaleza,False
6663,16,CSA,Apodi,90+4,Normal,90,4,2,90.04,90+,2019,CSA,Cruzeiro,True
6663,16,Cruzeiro,Fred,11,Normal,11,0,1,11.0,0-15,2019,CSA,Cruzeiro,False
6661,16,Flamengo,Pablo Marí Villar,22,Normal,22,0,1,22.0,16-30,2019,Ceara,Flamengo,False
6661,16,Flamengo,Gabriel Barbosa,35,Normal,35,0,1,35.0,31-45,2019,Ceara,Flamengo,False
6661,16,Flamengo,Giorgian De Arrascaeta,90+7,Normal,90,7,2,90.07,90+,2019,Ceara,Flamengo,False
6662,16,Avai,Richard Franco,60,Normal,60,0,2,60.0,46-60,2019,Avai,Corinthians,True
6662,16,Corinthians,Vágner Love,77,Normal,77,0,2,77.0,76-90,2019,Avai,Corinthians,False
6667,17,Bahia,Arthur Caike do Nascimento Cruz,86,Normal,86,0,2,86.0,76-90,2019,Bahia,CSA,True
6669,17,Athletico-PR,Nikão,45+4,Normal,45,4,1,45.04,45+,2019,Athletico-PR,Ceara,True
6668,17,Santos,Gum,39,Gol Contra,39,0,1,39.0,31-45,2019,Chapecoense,Santos,False
6670,17,Botafogo-RJ,Diego Souza,62,Normal,62,0,2,62.0,61-75,2019,Internacional,Botafogo-RJ,False
6670,17,Internacional,Rodrigo Lindoso,44,Normal,44,0,1,44.0,31-45,2019,Internacional,Botafogo-RJ,True
6670,17,Botafogo-RJ,Márcio Almeida de Oliveira,90+5,Normal,90,5,2,90.05,90+,2019,Internacional,Botafogo-RJ,False
6670,17,Internacional,Edenílson Andrade dos Santos,53,Normal,53,0,2,53.0,46-60,2019,Internacional,Botafogo-RJ,True
6670,17,Internacional,Nicolás Federico López,83,Normal,83,0,2,83.0,76-90,2019,Internacional,Botafogo-RJ,True
6671,17,Flamengo,Gabriel Barbosa,61,Penalty,61,0,2,61.0,61-75,2019,Flamengo,Palmeiras,True
6671,17,Flamengo,Gabriel Barbosa,11,Normal,11,0,1,11.0,0-15,2019,Flamengo,Palmeiras,True
6671,17,Flamengo,Giorgian De Arrascaeta,38,Normal,38,0,1,38.0,31-45,2019,Flamengo,Palmeiras,True
6672,17,Fortaleza,Juan Quintero Fletcher,25,Normal,25,0,1,25.0,16-30,2019,Fortaleza,Goias,True
6672,17,Fortaleza,Osvaldo Filho,59,Normal,59,0,2,59.0,46-60,2019,Fortaleza,Goias,True
6673,17,Cruzeiro,Maurício,80,Normal,80,0,2,80.0,76-90,2019,Cruzeiro,Vasco,True
6674,17,Corinthians,Gustavo,89,Normal,89,0,2,89.0,76-90,2019,Corinthians,Atletico-MG,True
6675,17,Avai,João Paulo,87,Penalty,87,0,2,87.0,76-90,2019,Fluminense,Avai,False
6677,18,Ceara,Leandro Carvalho,90+2,Normal,90,2,2,90.02,90+,2019,Corinthians,Ceara,False
6677,18,Corinthians,Vágner Love,37,Normal,37,0,1,37.0,31-45,2019,Corinthians,Ceara,True
6677,18,Corinthians,João Lucas Cardoso,23,Gol Contra,23,0,1,23.0,16-30,2019,Corinthians,Ceara,True
6677,18,Ceara,Thiago Galhardo,59,Normal,59,0,2,59.0,46-60,2019,Corinthians,Ceara,False
6676,18,Bahia,Nino Paraíba,56,Normal,56,0,2,56.0,46-60,2019,Vasco,Bahia,False
6676,18,Bahia,Gilberto Oliveira Souza Junior,61,Normal,61,0,2,61.0,61-75,2019,Vasco,Bahia,False
6678,18,Flamengo,Gabriel Barbosa,11,Normal,11,0,1,11.0,0-15,2019,Avai,Flamengo,False
6678,18,Flamengo,Pablo Marí Villar,32,Normal,32,0,1,32.0,31-45,2019,Avai,Flamengo,False
6678,18,Flamengo,Reinier,53,Normal,53,0,2,53.0,46-60,2019,Avai,Flamengo,False
6679,18,Fluminense,João Pedro,86,Normal,86,0,2,86.0,76-90,2019,Fortaleza,Fluminense,False
6680,18,Internacional,Rafael Sóbis,77,Penalty,77,0,2,77.0,76-90,2019,Internacional,Sao Paulo,True
6681,18,Goias,Rafael Vaz,20,Normal,20,0,1,20.0,16-30,2019,Goias,Palmeiras,True
6681,18,Palmeiras,Willian Gomes de Siqueira,81,Normal,81,0,2,81.0,76-90,2019,Goias,Palmeiras,False
6681,18,Palmeiras,Gustavo Scarpa,90+11,Normal,90,11,2,90.11,90+,2019,Goias,Palmeiras,False
6682,18,Gremio,Diego Tardelli,18,Normal,18,0,1,18.0,16-30,2019,Cruzeiro,Gremio,False
6682,18,Cruzeiro,Fred,37,Penalty,37,0,1,37.0,31-45,2019,Cruzeiro,Gremio,True
6682,18,Gremio,Alisson Euler de Freitas Castro,28,Normal,28,0,1,28.0,16-30,2019,Cruzeiro,Gremio,False
6682,18,Gremio,Everton Sousa Soares,64,Normal,64,0,2,64.0,61-75,2019,Cruzeiro,Gremio,False
6682,18,Gremio,Everton Sousa Soares,77,Normal,77,0,2,77.0,76-90,2019,Cruzeiro,Gremio,False
6683,18,Athletico-PR,Braian Romero,42,Normal,42,0,1,42.0,31-45,2019,Santos,Athletico-PR,False
6683,18,Santos,Carlos Andrés Sánchez,90+1,Penalty,90,1,2,90.01,90+,2019,Santos,Athletico-PR,True
6684,18,Botafogo-RJ,Alex Paulo Menezes Santana,66,Normal,66,0,2,66.0,61-75,2019,Botafogo-RJ,Atletico-MG,True
6684,18,Atletico-MG,Franco Di Santo,90+3,Normal,90,3,2,90.03,90+,2019,Botafogo-RJ,Atletico-MG,False
6684,18,Botafogo-RJ,Diego Souza,45,Penalty,45,0,1,45.0,31-45,2019,Botafogo-RJ,Atletico-MG,True
6685,18,CSA,Jonatan Gómez,90+4,Normal,90,4,2,90.04,90+,2019,CSA,Chapecoense,True
6685,18,CSA,Alecsandro,40,Normal,40,0,1,40.0,31-45,2019,CSA,Chapecoense,True
6665,16,Palmeiras,Luiz Adriano,9,Normal,9,0,1,9.0,0-15,2019,Palmeiras,Fluminense,True
6665,16,Palmeiras,Luiz Adriano,58,Normal,58,0,2,58.0,46-60,2019,Palmeiras,Fluminense,True
6665,16,Palmeiras,Luiz Adriano,63,Normal,63,0,2,63.0,61-75,2019,Palmeiras,Fluminense,True
6686,19,Flamengo,Gabriel Barbosa,44,Normal,44,0,1,44.0,31-45,2019,Flamengo,Santos,True
6687,19,Vasco,Talles Magno,75,Normal,75,0,2,75.0,61-75,2019,Chapecoense,Vasco,False
6687,19,Chapecoense,Arthur Gomes,73,Normal,73,0,2,73.0,61-75,2019,Chapecoense,Vasco,True
6687,19,Vasco,Ribamar,45+2,Normal,45,2,1,45.02,45+,2019,Chapecoense,Vasco,False
6688,19,Palmeiras,Bruno Henrique Corsini,45+1,Normal,45,1,1,45.01,45+,2019,Palmeiras,Cruzeiro,True
6691,19,Internacional,William Pottker,29,Normal,29,0,1,29.0,16-30,2019,Atletico-MG,Internacional,False
6691,19,Internacional,William Pottker,64,Normal,64,0,2,64.0,61-75,2019,Atletico-MG,Internacional,False
6691,19,Internacional,Neilton Mestzk,53,Normal,53,0,2,53.0,46-60,2019,Atletico-MG,Internacional,False
6691,19,Atletico-MG,Bruninho,88,Normal,88,0,2,88.0,76-90,2019,Atletico-MG,Internacional,True
6690,19,Avai,Jonathan,14,Normal,14,0,1,14.0,0-15,2019,Athletico-PR,Avai,False
6693,19,Gremio,Jean Pyerre,29,Normal,29,0,1,29.0,16-30,2019,Gremio,Goias,True
6693,19,Gremio,Everton Sousa Soares,32,Normal,32,0,1,32.0,31-45,2019,Gremio,Goias,True
6693,19,Gremio,Alisson Euler de Freitas Castro,45,Normal,45,0,1,45.0,31-45,2019,Gremio,Goias,True
6694,19,Fluminense,Paulo Henrique Ganso,40,Normal,40,0,1,40.0,31-45,2019,Fluminense,Corinthians,True
6692,19,Bahia,Gilberto Oliveira Souza Junior,14,Penalty,14,0,1,14.0,0-15,2019,Bahia,Fortaleza,True
6692,19,Fortaleza,Felipe Pires,10,Normal,10,0,1,10.0,0-15,2019,Bahia,Fortaleza,False
6695,19,Sao Paulo,Reinaldo Manoel da Silva,87,Normal,87,0,2,87.0,76-90,2019,Sao Paulo,CSA,True
6695,19,CSA,Héctor Bustamante,55,Normal,55,0,2,55.0,46-60,2019,Sao Paulo,CSA,False
6696,20,Sao Paulo,Pablo Felipe Teixeira,90+2,Normal,90,2,2,90.02,90+,2019,Botafogo-RJ,Sao Paulo,False
6696,20,Botafogo-RJ,João Paulo,45+1,Normal,45,1,1,45.01,45+,2019,Botafogo-RJ,Sao Paulo,True
6696,20,Sao Paulo,Hernanes,37,Normal,37,0,1,37.0,31-45,2019,Botafogo-RJ,Sao Paulo,False
6697,20,Flamengo,Gabriel Barbosa,7,Normal,7,0,1,7.0,0-15,2019,Cruzeiro,Flamengo,False
6697,20,Cruzeiro,Thiago Neves,38,Penalty,38,0,1,38.0,31-45,2019,Cruzeiro,Flamengo,True
6697,20,Flamengo,Giorgian De Arrascaeta,67,Normal,67,0,2,67.0,61-75,2019,Cruzeiro,Flamengo,False
6698,20,Corinthians,Vágner Love,44,Penalty,44,0,1,44.0,31-45,2019,Corinthians,Bahia,True
6698,20,Corinthians,Clayson Henrique da Silva Vieira,75,Normal,75,0,2,75.0,61-75,2019,Corinthians,Bahia,True
6698,20,Bahia,Gilberto Oliveira Souza Junior,64,Penalty,64,0,2,64.0,61-75,2019,Corinthians,Bahia,False
6699,20,Gremio,Luan Guilherme de Jesus Vieira,55,Normal,55,0,2,55.0,46-60,2019,Santos,Gremio,False
6699,20,Gremio,Pepê,87,Normal,87,0,2,87.0,76-90,2019,Santos,Gremio,False
6699,20,Gremio,Everton Sousa Soares,90+3,Normal,90,3,2,90.03,90+,2019,Santos,Gremio,False
6700,20,Internacional,Rodrigo Lindoso,86,Normal,86,0,2,86.0,76-90,2019,Internacional,Chapecoense,True
6703,20,Vasco,Danilo Barcelos,69,Penalty,69,0,2,69.0,61-75,2019,Vasco,Athletico-PR,True
6703,20,Athletico-PR,Madson,49,Normal,49,0,2,49.0,46-60,2019,Vasco,Athletico-PR,False
6701,20,Palmeiras,Willian Gomes de Siqueira,48,Normal,48,0,2,48.0,46-60,2019,Fortaleza,Palmeiras,False
6702,20,CSA,Carlos Andrade Souza,64,Normal,64,0,2,64.0,61-75,2019,CSA,Ceara,True
6704,20,Goias,Rafael Vaz,66,Normal,66,0,2,66.0,61-75,2019,Goias,Fluminense,True
6704,20,Goias,Yago Rocha,89,Normal,89,0,2,89.0,76-90,2019,Goias,Fluminense,True
6704,20,Goias,Michael Richard Delgado de Oliveira,12,Normal,12,0,1,12.0,0-15,2019,Goias,Fluminense,True
6705,20,Avai,Jonathan,27,Normal,27,0,1,27.0,16-30,2019,Avai,Atletico-MG,True
6707,21,Bahia,José Élber Pimentel da Silva,63,Normal,63,0,2,63.0,61-75,2019,Bahia,Botafogo-RJ,True
6707,21,Bahia,Artur Victor Guimarães,24,Normal,24,0,1,24.0,16-30,2019,Bahia,Botafogo-RJ,True
6708,21,Flamengo,Giorgian De Arrascaeta,56,Normal,56,0,2,56.0,46-60,2019,Flamengo,Internacional,True
6708,21,Flamengo,Gabriel Barbosa,20,Penalty,20,0,1,20.0,16-30,2019,Flamengo,Internacional,True
6708,21,Flamengo,Bruno Henrique,74,Normal,74,0,2,74.0,61-75,2019,Flamengo,Internacional,True
6708,21,Internacional,Edenílson Andrade dos Santos,49,Normal,49,0,2,49.0,46-60,2019,Flamengo,Internacional,False
6709,21,Goias,Leandro Barcia Montero,16,Normal,16,0,1,16.0,16-30,2019,Sao Paulo,Goias,False
6710,21,Palmeiras,Bruno Henrique Corsini,29,Normal,29,0,1,29.0,16-30,2019,Palmeiras,CSA,True
6710,21,CSA,Ricardo Bueno,88,Normal,88,0,2,88.0,76-90,2019,Palmeiras,CSA,False
6710,21,Palmeiras,Luiz Adriano,6,Normal,6,0,1,6.0,0-15,2019,Palmeiras,CSA,True
6710,21,Palmeiras,Bruno Henrique Corsini,83,Normal,83,0,2,83.0,76-90,2019,Palmeiras,CSA,True
6710,21,Palmeiras,Luiz Adriano,75,Normal,75,0,2,75.0,61-75,2019,Palmeiras,CSA,True
6710,21,Palmeiras,Gustavo Gómez,45+2,Normal,45,2,1,45.02,45+,2019,Palmeiras,CSA,True
6710,21,Palmeiras,Willian Gomes de Siqueira,11,Normal,11,0,1,11.0,0-15,2019,Palmeiras,CSA,True
6710,21,CSA,Apodi,52,Normal,52,0,2,52.0,46-60,2019,Palmeiras,CSA,False
6711,21,Fluminense,Lucas Veríssimo,45+3,Gol Contra,45,3,1,45.03,45+,2019,Fluminense,Santos,True
6711,21,Santos,Yeferson Soteldo,40,Normal,40,0,1,40.0,31-45,2019,Fluminense,Santos,False
6712,21,Gremio,Luan Guilherme de Jesus Vieira,38,Normal,38,0,1,38.0,31-45,2019,Gremio,Avai,True
6712,21,Avai,Geirton Marques Aires,86,Normal,86,0,2,86.0,76-90,2019,Gremio,Avai,False
6712,21,Gremio,Luciano da Rocha Neves,45+1,Normal,45,1,1,45.01,45+,2019,Gremio,Avai,True
6712,21,Gremio,Diego Tardelli,4,Normal,4,0,1,4.0,0-15,2019,Gremio,Avai,True
6712,21,Gremio,Bruno Cortês,64,Normal,64,0,2,64.0,61-75,2019,Gremio,Avai,True
6712,21,Gremio,David Braz,14,Normal,14,0,1,14.0,0-15,2019,Gremio,Avai,True
6712,21,Gremio,André Felipe Ribeiro de Souza,70,Normal,70,0,2,70.0,61-75,2019,Gremio,Avai,True
6713,21,Athletico-PR,Marcelo Cirino da Silva,90+4,Normal,90,4,2,90.04,90+,2019,Athletico-PR,Fortaleza,True
6713,21,Athletico-PR,Marco Ruben,32,Normal,32,0,1,32.0,31-45,2019,Athletico-PR,Fortaleza,True
6713,21,Athletico-PR,Nikão,45+3,Normal,45,3,1,45.03,45+,2019,Athletico-PR,Fortaleza,True
6713,21,Fortaleza,Wellington Paulista,11,Penalty,11,0,1,11.0,0-15,2019,Athletico-PR,Fortaleza,False
6713,21,Athletico-PR,Léo Cittadini,61,Normal,61,0,2,61.0,61-75,2019,Athletico-PR,Fortaleza,True
6717,22,Corinthians,Ralf de Souza Teles,59,Normal,59,0,2,59.0,46-60,2019,Corinthians,Vasco,True
6721,22,Chapecoense,Arthur Gomes,31,Normal,31,0,1,31.0,31-45,2019,Athletico-PR,Chapecoense,False
6721,22,Athletico-PR,Nikão,57,Normal,57,0,2,57.0,46-60,2019,Athletico-PR,Chapecoense,True
6718,22,Santos,Carlos Andrés Sánchez,35,Penalty,35,0,1,35.0,31-45,2019,Santos,CSA,True
6718,22,Santos,Eduardo Sasha,57,Normal,57,0,2,57.0,46-60,2019,Santos,CSA,True
6719,22,Internacional,Patrick,28,Normal,28,0,1,28.0,16-30,2019,Internacional,Palmeiras,True
6719,22,Palmeiras,Willian Gomes de Siqueira,58,Normal,58,0,2,58.0,46-60,2019,Internacional,Palmeiras,False
6720,22,Fluminense,Nenê,7,Normal,7,0,1,7.0,0-15,2019,Fluminense,Gremio,True
6720,22,Fluminense,Caio Henrique,50,Normal,50,0,2,50.0,46-60,2019,Fluminense,Gremio,True
6720,22,Gremio,Patrick,75,Normal,75,0,2,75.0,61-75,2019,Fluminense,Gremio,False
6722,22,Atletico-MG,Rómulo Otero,54,Normal,54,0,2,54.0,46-60,2019,Atletico-MG,Ceara,True
6722,22,Ceara,Thiago Galhardo,43,Penalty,43,0,1,43.0,31-45,2019,Atletico-MG,Ceara,False
6722,22,Atletico-MG,Luan Madson Gedeão de Paiva,81,Normal,81,0,2,81.0,76-90,2019,Atletico-MG,Ceara,True
6723,22,Bahia,Nino Paraíba,27,Normal,27,0,1,27.0,16-30,2019,Avai,Bahia,False
6723,22,Bahia,José Élber Pimentel da Silva,25,Normal,25,0,1,25.0,16-30,2019,Avai,Bahia,False
6724,22,Fortaleza,Marcelo da Conceição Benevenuto Malaquias,61,Gol Contra,61,0,2,61.0,61-75,2019,Fortaleza,Botafogo-RJ,True
6725,22,Goias,Alan Ruschel,62,Normal,62,0,2,62.0,61-75,2019,Goias,Cruzeiro,True
6714,21,Atletico-MG,Rómulo Otero,60,Normal,60,0,2,60.0,46-60,2019,Atletico-MG,Vasco,True
6714,21,Vasco,Marcos Antônio Candido Ferreira Júnior,90+4,Normal,90,4,2,90.04,90+,2019,Atletico-MG,Vasco,False
6714,21,Vasco,Rossicley Pereira da Silva,67,Penalty,67,0,2,67.0,61-75,2019,Atletico-MG,Vasco,False
6715,21,Corinthians,Danilo Avelar,63,Normal,63,0,2,63.0,61-75,2019,Chapecoense,Corinthians,False
6726,23,Santos,Tailson Pinto Gonçalves,50,Normal,50,0,2,50.0,46-60,2019,Vasco,Santos,False
6727,23,Sao Paulo,Igor Gomes,79,Normal,79,0,2,79.0,76-90,2019,Sao Paulo,Fortaleza,True
6727,23,Fortaleza,Wellington Paulista,39,Penalty,39,0,1,39.0,31-45,2019,Sao Paulo,Fortaleza,False
6727,23,Sao Paulo,Pablo Felipe Teixeira,14,Normal,14,0,1,14.0,0-15,2019,Sao Paulo,Fortaleza,True
6729,23,Bahia,José Fernando Viana de Santana,76,Normal,76,0,2,76.0,76-90,2019,Bahia,Athletico-PR,True
6729,23,Athletico-PR,Marcelo Cirino da Silva,57,Normal,57,0,2,57.0,46-60,2019,Bahia,Athletico-PR,False
6729,23,Athletico-PR,Léo Cittadini,65,Normal,65,0,2,65.0,61-75,2019,Bahia,Athletico-PR,False
6730,23,Internacional,Gustavo Nonato Santana,10,Normal,10,0,1,10.0,0-15,2019,Cruzeiro,Internacional,False
6730,23,Cruzeiro,Fred,63,Penalty,63,0,2,63.0,61-75,2019,Cruzeiro,Internacional,True
6731,23,Flamengo,Bruno Henrique,35,Normal,35,0,1,35.0,31-45,2019,Chapecoense,Flamengo,False
6733,23,Atletico-MG,Nathan Allan de Souza,45+3,Normal,45,3,1,45.03,45+,2019,Palmeiras,Atletico-MG,False
6733,23,Palmeiras,Eduardo Pereira Rodrigues,83,Normal,83,0,2,83.0,76-90,2019,Palmeiras,Atletico-MG,True
6734,23,Fluminense,Yony González,35,Normal,35,0,1,35.0,31-45,2019,Botafogo-RJ,Fluminense,False
6732,23,Goias,Michael Richard Delgado de Oliveira,27,Normal,27,0,1,27.0,16-30,2019,Ceara,Goias,False
6735,23,CSA,Jonatan Gómez,71,Penalty,71,0,2,71.0,61-75,2019,CSA,Avai,True
6735,23,Avai,Jonathan,48,Normal,48,0,2,48.0,46-60,2019,CSA,Avai,False
6735,23,CSA,Ricardo Bueno,14,Normal,14,0,1,14.0,0-15,2019,CSA,Avai,True
6735,23,CSA,Apodi,90+5,Normal,90,5,2,90.05,90+,2019,CSA,Avai,True
6737,24,Botafogo-RJ,Gabriel Costa França,32,Normal,32,0,1,32.0,31-45,2019,Botafogo-RJ,Goias,True
6737,24,Goias,Marcelo da Conceição Benevenuto Malaquias,77,Gol Contra,77,0,2,77.0,76-90,2019,Botafogo-RJ,Goias,False
6737,24,Botafogo-RJ,João Paulo,65,Normal,65,0,2,65.0,61-75,2019,Botafogo-RJ,Goias,True
6737,24,Botafogo-RJ,Leonardo Valencia,81,Normal,81,0,2,81.0,76-90,2019,Botafogo-RJ,Goias,True
6736,24,CSA,Jonatan Gómez,66,Penalty,66,0,2,66.0,61-75,2019,CSA,Internacional,True
6738,24,Fortaleza,Wellington Paulista,81,Normal,81,0,2,81.0,76-90,2019,Fortaleza,Chapecoense,True
6738,24,Fortaleza,Wellington Paulista,50,Penalty,50,0,2,50.0,46-60,2019,Fortaleza,Chapecoense,True
6740,24,Gremio,Pedro Geromel,35,Normal,35,0,1,35.0,31-45,2019,Gremio,Ceara,True
6740,24,Ceara,Fabinho,44,Normal,44,0,1,44.0,31-45,2019,Gremio,Ceara,False
6740,24,Gremio,Maicon,42,Penalty,42,0,1,42.0,31-45,2019,Gremio,Ceara,True
6742,24,Santos,Mário Sérgio Santos Costa,17,Normal,17,0,1,17.0,16-30,2019,Santos,Palmeiras,True
6742,24,Santos,Gustavo Henrique Vernes,14,Normal,14,0,1,14.0,0-15,2019,Santos,Palmeiras,True
6743,24,Athletico-PR,Erick Luis Conrado Carvalho,32,Normal,32,0,1,32.0,31-45,2019,Corinthians,Athletico-PR,False
6743,24,Corinthians,Carlos Gilberto do Nascimento Silva,16,Normal,16,0,1,16.0,16-30,2019,Corinthians,Athletico-PR,True
6743,24,Corinthians,Mauro Boselli,45+3,Normal,45,3,1,45.03,45+,2019,Corinthians,Athletico-PR,True
6743,24,Athletico-PR,Léo Cittadini,24,Normal,24,0,1,24.0,16-30,2019,Corinthians,Athletico-PR,False
6745,24,Atletico-MG,Nathan Allan de Souza,51,Normal,51,0,2,51.0,46-60,2019,Flamengo,Atletico-MG,False
6745,24,Flamengo,Willian Arão,37,Normal,37,0,1,37.0,31-45,2019,Flamengo,Atletico-MG,True
6745,24,Flamengo,Victor Vinícius Coelho Santos,61,Normal,61,0,2,61.0,61-75,2019,Flamengo,Atletico-MG,True
6745,24,Flamengo,Reinier,76,Normal,76,0,2,76.0,76-90,2019,Flamengo,Atletico-MG,True
6746,25,Goias,Michael Richard Delgado de Oliveira,44,Normal,44,0,1,44.0,31-45,2019,Goias,CSA,True
6747,25,Fluminense,Nenê,20,Penalty,20,0,1,20.0,16-30,2019,Fluminense,Bahia,True
6747,25,Fluminense,Daniel Sampaio Simões,45,Normal,45,0,1,45.0,31-45,2019,Fluminense,Bahia,True
6748,25,Palmeiras,Thiago dos Santos,15,Normal,15,0,1,15.0,0-15,2019,Palmeiras,Botafogo-RJ,True
6750,25,Flamengo,Bruno Henrique,45,Normal,45,0,1,45.0,31-45,2019,Athletico-PR,Flamengo,False
6750,25,Flamengo,Bruno Henrique,90+1,Normal,90,1,2,90.01,90+,2019,Athletico-PR,Flamengo,False
6752,25,Vasco,Yago Pikachu,68,Penalty,68,0,2,68.0,61-75,2019,Vasco,Fortaleza,True
6751,25,Ceara,Bérgson Gustavo Silveira da Silva,90,Normal,90,0,2,90.0,76-90,2019,Ceara,Avai,True
6753,25,Sao Paulo,Reinaldo Manoel da Silva,66,Penalty,66,0,2,66.0,61-75,2019,Sao Paulo,Corinthians,True
6754,25,Gremio,Maicon,44,Penalty,44,0,1,44.0,31-45,2019,Atletico-MG,Gremio,False
6754,25,Gremio,Pepê,47,Normal,47,0,2,47.0,46-60,2019,Atletico-MG,Gremio,False
6754,25,Gremio,Alisson Euler de Freitas Castro,90+4,Normal,90,4,2,90.04,90+,2019,Atletico-MG,Gremio,False
6754,25,Atletico-MG,Franco Di Santo,45+4,Penalty,45,4,1,45.04,45+,2019,Atletico-MG,Gremio,True
6754,25,Gremio,Rafael Galhardo,34,Normal,34,0,1,34.0,31-45,2019,Atletico-MG,Gremio,False
6755,25,Chapecoense,Camilo,90+5,Normal,90,5,2,90.05,90+,2019,Chapecoense,Cruzeiro,True
6755,25,Cruzeiro,Dedé,4,Normal,4,0,1,4.0,0-15,2019,Chapecoense,Cruzeiro,False
6756,26,CSA,Alecsandro,34,Normal,34,0,1,34.0,31-45,2019,CSA,Atletico-MG,True
6756,26,CSA,Jonatan Gómez,89,Penalty,89,0,2,89.0,76-90,2019,CSA,Atletico-MG,True
6756,26,Atletico-MG,Réver,69,Normal,69,0,2,69.0,61-75,2019,CSA,Atletico-MG,False
6756,26,Atletico-MG,Luan Madson Gedeão de Paiva,85,Normal,85,0,2,85.0,76-90,2019,CSA,Atletico-MG,False
6757,26,Bahia,Arthur Caike do Nascimento Cruz,90+1,Penalty,90,1,2,90.01,90+,2019,Gremio,Bahia,False
6758,26,Flamengo,Gabriel Barbosa,83,Penalty,83,0,2,83.0,76-90,2019,Fortaleza,Flamengo,False
6758,26,Fortaleza,Bruno Ferreira Melo,61,Penalty,61,0,2,61.0,61-75,2019,Fortaleza,Flamengo,True
6758,26,Flamengo,Reinier,90,Normal,90,0,2,90.0,76-90,2019,Fortaleza,Flamengo,False
6759,26,Cruzeiro,Thiago Neves,58,Normal,58,0,2,58.0,46-60,2019,Cruzeiro,Sao Paulo,True
6760,26,Palmeiras,Felipe Melo,90+9,Normal,90,9,2,90.09,90+,2019,Palmeiras,Chapecoense,True
6762,26,Vasco,Bruno Gomes,8,Normal,8,0,1,8.0,0-15,2019,Vasco,Botafogo-RJ,True
6762,26,Vasco,Ribamar,18,Normal,18,0,1,18.0,16-30,2019,Vasco,Botafogo-RJ,True
6762,26,Botafogo-RJ,Marcelo da Conceição Benevenuto Malaquias,22,Normal,22,0,1,22.0,16-30,2019,Vasco,Botafogo-RJ,False
6761,26,Corinthians,Janderson,11,Normal,11,0,1,11.0,0-15,2019,Goias,Corinthians,False
6761,26,Corinthians,Gustavo,90+7,Penalty,90,7,2,90.07,90+,2019,Goias,Corinthians,False
6761,26,Goias,Michael Richard Delgado de Oliveira,37,Normal,37,0,1,37.0,31-45,2019,Goias,Corinthians,True
6761,26,Goias,Leandro Barcia Montero,71,Normal,71,0,2,71.0,61-75,2019,Goias,Corinthians,True
6765,26,Fluminense,Frazan,4,Normal,4,0,1,4.0,0-15,2019,Fluminense,Athletico-PR,True
6765,26,Athletico-PR,Madson,45+3,Normal,45,3,1,45.03,45+,2019,Fluminense,Athletico-PR,False
6765,26,Athletico-PR,Madson,71,Normal,71,0,2,71.0,61-75,2019,Fluminense,Athletico-PR,False
6764,26,Ceara,Lima,18,Normal,18,0,1,18.0,16-30,2019,Santos,Ceara,False
6764,26,Santos,Eduardo Sasha,56,Normal,56,0,2,56.0,46-60,2019,Santos,Ceara,True
6764,26,Santos,Gustavo Henrique Vernes,84,Normal,84,0,2,84.0,76-90,2019,Santos,Ceara,True
6763,26,Internacional,Patrick,22,Normal,22,0,1,22.0,16-30,2019,Avai,Internacional,False
6763,26,Internacional,Martín Sarrafiore,85,Normal,85,0,2,85.0,76-90,2019,Avai,Internacional,False
6766,27,Fortaleza,Wellington Paulista,35,Normal,35,0,1,35.0,31-45,2019,Fortaleza,Gremio,True
6766,27,Fortaleza,Osvaldo Filho,41,Normal,41,0,1,41.0,31-45,2019,Fortaleza,Gremio,True
6766,27,Gremio,Paulo Miranda,10,Normal,10,0,1,10.0,0-15,2019,Fortaleza,Gremio,False
6767,27,Cruzeiro,Éderson,71,Normal,71,0,2,71.0,61-75,2019,Corinthians,Cruzeiro,False
6767,27,Cruzeiro,Fred,38,Penalty,38,0,1,38.0,31-45,2019,Corinthians,Cruzeiro,False
6767,27,Corinthians,Fagner,34,Normal,34,0,1,34.0,31-45,2019,Corinthians,Cruzeiro,True
6768,27,Vasco,Marrony,53,Normal,53,0,2,53.0,46-60,2019,Internacional,Vasco,False
6769,27,Sao Paulo,Robert Arboleda,51,Normal,51,0,2,51.0,46-60,2019,Sao Paulo,Avai,True
6770,27,Atletico-MG,Leonardo Silva,22,Normal,22,0,1,22.0,16-30,2019,Atletico-MG,Santos,True
6770,27,Atletico-MG,Luan Madson Gedeão de Paiva,2,Normal,2,0,1,2.0,0-15,2019,Atletico-MG,Santos,True
6771,27,Flamengo,Bruno Henrique,4,Normal,4,0,1,4.0,0-15,2019,Flamengo,Fluminense,True
6771,27,Flamengo,Gerson Santos da Silva,66,Normal,66,0,2,66.0,61-75,2019,Flamengo,Fluminense,True
6772,27,Goias,Rafael Diniz Alves e Silva,49,Normal,49,0,2,49.0,46-60,2019,Chapecoense,Goias,False
6772,27,Goias,Rafael Vaz,85,Normal,85,0,2,85.0,76-90,2019,Chapecoense,Goias,False
6772,27,Chapecoense,Henrique Almeida,30,Penalty,30,0,1,30.0,16-30,2019,Chapecoense,Goias,True
6772,27,Chapecoense,Everaldo Stum,23,Normal,23,0,1,23.0,16-30,2019,Chapecoense,Goias,True
6773,27,Athletico-PR,Marcelo Cirino da Silva,7,Normal,7,0,1,7.0,0-15,2019,Athletico-PR,Palmeiras,True
6773,27,Palmeiras,Deyverson,41,Normal,41,0,1,41.0,31-45,2019,Athletico-PR,Palmeiras,False
6774,27,Bahia,Artur Victor Guimarães,76,Normal,76,0,2,76.0,76-90,2019,Bahia,Ceara,True
6774,27,Ceara,Luiz Otávio,86,Normal,86,0,2,86.0,76-90,2019,Bahia,Ceara,False
6774,27,Ceara,Luiz Otávio,90+4,Normal,90,4,2,90.04,90+,2019,Bahia,Ceara,False
6775,27,CSA,Ricardo Bueno,67,Penalty,67,0,2,67.0,61-75,2019,Botafogo-RJ,CSA,False
6775,27,Botafogo-RJ,Luciano Castán,16,Gol Contra,16,0,1,16.0,16-30,2019,Botafogo-RJ,CSA,True
6775,27,Botafogo-RJ,Igor Cássio,69,Normal,69,0,2,69.0,61-75,2019,Botafogo-RJ,CSA,True
6780,28,Cruzeiro,Luis Manuel Orejuela,80,Normal,80,0,2,80.0,76-90,2019,Cruzeiro,Fortaleza,True
6780,28,Fortaleza,Wellington Paulista,83,Normal,83,0,2,83.0,76-90,2019,Cruzeiro,Fortaleza,False
6777,28,Ceara,Bérgson Gustavo Silveira da Silva,81,Normal,81,0,2,81.0,76-90,2019,Ceara,Vasco,True
6777,28,Vasco,Rossicley Pereira da Silva,18,Normal,18,0,1,18.0,16-30,2019,Ceara,Vasco,False
6778,28,Internacional,Paolo Guerrero,50,Normal,50,0,2,50.0,46-60,2019,Bahia,Internacional,False
6778,28,Internacional,Paolo Guerrero,74,Normal,74,0,2,74.0,61-75,2019,Bahia,Internacional,False
6778,28,Bahia,Artur Victor Guimarães,71,Normal,71,0,2,71.0,61-75,2019,Bahia,Internacional,True
6778,28,Internacional,Guilherme Parede,53,Normal,53,0,2,53.0,46-60,2019,Bahia,Internacional,False
6778,28,Bahia,José Carlos Ferreira Júnior,86,Normal,86,0,2,86.0,76-90,2019,Bahia,Internacional,True
6779,28,Chapecoense,Everaldo Stum,27,Normal,27,0,1,27.0,16-30,2019,Fluminense,Chapecoense,False
6779,28,Fluminense,Marcos Paulo Costa do Nascimento,52,Normal,52,0,2,52.0,46-60,2019,Fluminense,Chapecoense,True
6781,28,Athletico-PR,Rony,54,Normal,54,0,2,54.0,46-60,2019,Athletico-PR,Goias,True
6781,28,Athletico-PR,Adriano Correia Claro,62,Normal,62,0,2,62.0,61-75,2019,Athletico-PR,Goias,True
6781,28,Athletico-PR,Marco Ruben,90+4,Normal,90,4,2,90.04,90+,2019,Athletico-PR,Goias,True
6781,28,Athletico-PR,Léo Pereira,48,Normal,48,0,2,48.0,46-60,2019,Athletico-PR,Goias,True
6781,28,Goias,Rafael Moura,45+1,Normal,45,1,1,45.01,45+,2019,Athletico-PR,Goias,False
6782,28,Gremio,Maicon,12,Normal,12,0,1,12.0,0-15,2019,Gremio,Botafogo-RJ,True
6782,28,Gremio,Thaciano,71,Normal,71,0,2,71.0,61-75,2019,Gremio,Botafogo-RJ,True
6782,28,Gremio,Everton Sousa Soares,80,Normal,80,0,2,80.0,76-90,2019,Gremio,Botafogo-RJ,True
6783,28,Sao Paulo,Vitor Bueno,57,Normal,57,0,2,57.0,46-60,2019,Sao Paulo,Atletico-MG,True
6783,28,Sao Paulo,Igor Gomes,51,Normal,51,0,2,51.0,46-60,2019,Sao Paulo,Atletico-MG,True
6784,28,Avai,João Paulo,79,Penalty,79,0,2,79.0,76-90,2019,Avai,Palmeiras,True
6784,28,Palmeiras,Deyverson,54,Normal,54,0,2,54.0,46-60,2019,Avai,Palmeiras,False
6784,28,Palmeiras,Gustavo Scarpa,86,Penalty,86,0,2,86.0,76-90,2019,Avai,Palmeiras,False
6785,28,Flamengo,Giorgian De Arrascaeta,9,Normal,9,0,1,9.0,0-15,2019,Flamengo,CSA,True
6786,29,Palmeiras,Felipe Melo,42,Normal,42,0,1,42.0,31-45,2019,Palmeiras,Sao Paulo,True
6786,29,Palmeiras,Gustavo Scarpa,57,Normal,57,0,2,57.0,46-60,2019,Palmeiras,Sao Paulo,True
6786,29,Palmeiras,Bruno Henrique Corsini,12,Normal,12,0,1,12.0,0-15,2019,Palmeiras,Sao Paulo,True
6788,29,Chapecoense,Henrique Almeida,6,Normal,6,0,1,6.0,0-15,2019,Atletico-MG,Chapecoense,False
6788,29,Chapecoense,Everaldo Stum,50,Normal,50,0,2,50.0,46-60,2019,Atletico-MG,Chapecoense,False
6787,29,Fortaleza,Romarinho,52,Normal,52,0,2,52.0,46-60,2019,Avai,Fortaleza,False
6787,29,Avai,Vinícius Vasconcelos Araújo,51,Normal,51,0,2,51.0,46-60,2019,Avai,Fortaleza,True
6787,29,Fortaleza,Wellington Paulista,89,Penalty,89,0,2,89.0,76-90,2019,Avai,Fortaleza,False
6787,29,Fortaleza,Paulo Marcos de Jesus Ribeiro,23,Normal,23,0,1,23.0,16-30,2019,Avai,Fortaleza,False
6790,29,Gremio,Luciano da Rocha Neves,68,Penalty,68,0,2,68.0,61-75,2019,Vasco,Gremio,False
6790,29,Vasco,Fredy Guarín,9,Normal,9,0,1,9.0,0-15,2019,Vasco,Gremio,True
6790,29,Gremio,Pepê,33,Normal,33,0,1,33.0,31-45,2019,Vasco,Gremio,False
6790,29,Gremio,Everton Sousa Soares,54,Normal,54,0,2,54.0,46-60,2019,Vasco,Gremio,False
6789,29,Ceara,Mateus Gonçalves Martins,90+2,Normal,90,2,2,90.02,90+,2019,Ceara,Fluminense,True
6789,29,Ceara,Bérgson Gustavo Silveira da Silva,14,Normal,14,0,1,14.0,0-15,2019,Ceara,Fluminense,True
6791,29,CSA,Apodi,25,Normal,25,0,1,25.0,16-30,2019,CSA,Corinthians,True
6791,29,CSA,Ricardo Bueno,80,Normal,80,0,2,80.0,76-90,2019,CSA,Corinthians,True
6791,29,Corinthians,Pedrinho,45,Normal,45,0,1,45.0,31-45,2019,CSA,Corinthians,False
6792,29,Santos,Carlos Andrés Sánchez,54,Penalty,54,0,2,54.0,46-60,2019,Santos,Bahia,True
6793,29,Goias,Michael Richard Delgado de Oliveira,90+4,Normal,90,4,2,90.04,90+,2019,Goias,Flamengo,True
6793,29,Flamengo,Gabriel Barbosa,55,Normal,55,0,2,55.0,46-60,2019,Goias,Flamengo,False
6793,29,Flamengo,Rodrigo Caio,63,Normal,63,0,2,63.0,61-75,2019,Goias,Flamengo,False
6793,29,Goias,Rafael Moura,77,Normal,77,0,2,77.0,76-90,2019,Goias,Flamengo,True
6794,29,Athletico-PR,Rony,22,Normal,22,0,1,22.0,16-30,2019,Internacional,Athletico-PR,False
6794,29,Internacional,Rodrigo Lindoso,11,Normal,11,0,1,11.0,0-15,2019,Internacional,Athletico-PR,True
6795,29,Cruzeiro,Carlos de Menezes Júnior,26,Normal,26,0,1,26.0,16-30,2019,Botafogo-RJ,Cruzeiro,False
6795,29,Cruzeiro,Éderson,90+7,Normal,90,7,2,90.07,90+,2019,Botafogo-RJ,Cruzeiro,False
6796,30,Fortaleza,Gabriel Dias de Oliveira,28,Normal,28,0,1,28.0,16-30,2019,Fortaleza,Atletico-MG,True
6796,30,Atletico-MG,Patric Cabral Lalau,24,Normal,24,0,1,24.0,16-30,2019,Fortaleza,Atletico-MG,False
6796,30,Atletico-MG,Fábio Santos,86,Normal,86,0,2,86.0,76-90,2019,Fortaleza,Atletico-MG,False
6796,30,Fortaleza,Gabriel Dias de Oliveira,15,Normal,15,0,1,15.0,0-15,2019,Fortaleza,Atletico-MG,True
6798,30,Palmeiras,José Rafael Vivian,17,Normal,17,0,1,17.0,16-30,2019,Palmeiras,Ceara,True
6799,30,Sao Paulo,Bruno Alves,7,Normal,7,0,1,7.0,0-15,2019,Chapecoense,Sao Paulo,False
6799,30,Sao Paulo,Vitor Bueno,24,Normal,24,0,1,24.0,16-30,2019,Chapecoense,Sao Paulo,False
6799,30,Sao Paulo,Antony Matheus dos Santos,80,Normal,80,0,2,80.0,76-90,2019,Chapecoense,Sao Paulo,False
6801,30,Athletico-PR,Marcelo Cirino da Silva,82,Normal,82,0,2,82.0,76-90,2019,Athletico-PR,CSA,True
6800,30,Flamengo,Bruno Henrique,46,Normal,46,0,2,46.0,46-60,2019,Flamengo,Corinthians,True
6800,30,Flamengo,Bruno Henrique,45+2,Normal,45,2,1,45.02,45+,2019,Flamengo,Corinthians,True
6800,30,Flamengo,Victor Vinícius Coelho Santos,67,Normal,67,0,2,67.0,61-75,2019,Flamengo,Corinthians,True
6800,30,Flamengo,Bruno Henrique,45+1,Normal,45,1,1,45.01,45+,2019,Flamengo,Corinthians,True
6800,30,Corinthians,Mateus Vital,52,Normal,52,0,2,52.0,46-60,2019,Flamengo,Corinthians,False
6802,30,Gremio,Pedro Geromel,34,Normal,34,0,1,34.0,31-45,2019,Gremio,Internacional,True
6802,30,Gremio,Rômulo Borges Monteiro,78,Normal,78,0,2,78.0,76-90,2019,Gremio,Internacional,True
6803,30,Santos,Mário Sérgio Santos Costa,13,Normal,13,0,1,13.0,0-15,2019,Santos,Botafogo-RJ,True
6803,30,Santos,Yeferson Soteldo,68,Normal,68,0,2,68.0,61-75,2019,Santos,Botafogo-RJ,True
6803,30,Santos,Yeferson Soteldo,69,Normal,69,0,2,69.0,61-75,2019,Santos,Botafogo-RJ,True
6803,30,Santos,Eduardo Sasha,3,Normal,3,0,1,3.0,0-15,2019,Santos,Botafogo-RJ,True
6803,30,Botafogo-RJ,Igor Cássio,34,Normal,34,0,1,34.0,31-45,2019,Santos,Botafogo-RJ,False
6804,30,Cruzeiro,Luiz Ricardo Alves,74,Normal,74,0,2,74.0,61-75,2019,Cruzeiro,Bahia,True
6804,30,Bahia,José Fernando Viana de Santana,66,Penalty,66,0,2,66.0,61-75,2019,Cruzeiro,Bahia,False
6805,30,Goias,Thalles,90+4,Normal,90,4,2,90.04,90+,2019,Goias,Avai,True
6805,30,Goias,Rafael Moura,90+1,Penalty,90,1,2,90.01,90+,2019,Goias,Avai,True
6806,31,Corinthians,Júnior Urso,48,Normal,48,0,2,48.0,46-60,2019,Corinthians,Fortaleza,True
6806,31,Fortaleza,Romarinho,34,Normal,34,0,1,34.0,31-45,2019,Corinthians,Fortaleza,False
6806,31,Corinthians,Mauro Boselli,37,Normal,37,0,1,37.0,31-45,2019,Corinthians,Fortaleza,True
6806,31,Fortaleza,Kieza,52,Normal,52,0,2,52.0,46-60,2019,Corinthians,Fortaleza,False
6806,31,Corinthians,Mauro Boselli,72,Normal,72,0,2,72.0,61-75,2019,Corinthians,Fortaleza,True
6807,31,Atletico-MG,Bruninho,90+4,Normal,90,4,2,90.04,90+,2019,Atletico-MG,Goias,True
6807,31,Atletico-MG,José Marcos Costa Martins,54,Normal,54,0,2,54.0,46-60,2019,Atletico-MG,Goias,True
6808,31,Avai,João Paulo,35,Normal,35,0,1,35.0,31-45,2019,Avai,Santos,True
6808,31,Santos,Eduardo Sasha,9,Normal,9,0,1,9.0,0-15,2019,Avai,Santos,False
6808,31,Santos,Mário Sérgio Santos Costa,24,Normal,24,0,1,24.0,16-30,2019,Avai,Santos,False
6810,31,Vasco,Mayke,18,Gol Contra,18,0,1,18.0,16-30,2019,Vasco,Palmeiras,True
6810,31,Palmeiras,Lucas Rafael Araújo Lima,12,Normal,12,0,1,12.0,0-15,2019,Vasco,Palmeiras,False
6810,31,Palmeiras,Luiz Adriano,77,Normal,77,0,2,77.0,76-90,2019,Vasco,Palmeiras,False
6811,31,Bahia,Marco Antonio Rosa Furtado Júnior,85,Normal,85,0,2,85.0,76-90,2019,Bahia,Chapecoense,True
6811,31,Chapecoense,Henrique Almeida,14,Normal,14,0,1,14.0,0-15,2019,Bahia,Chapecoense,False
6812,31,Ceara,Thiago Galhardo,42,Normal,42,0,1,42.0,31-45,2019,Ceara,Internacional,True
6812,31,Ceara,Mateus Gonçalves Martins,88,Normal,88,0,2,88.0,76-90,2019,Ceara,Internacional,True
6813,31,Fluminense,Rodrigo Junior Paula Silva,37,Normal,37,0,1,37.0,31-45,2019,Sao Paulo,Fluminense,False
6813,31,Fluminense,Marcos Paulo Costa do Nascimento,40,Normal,40,0,1,40.0,31-45,2019,Sao Paulo,Fluminense,False
6814,31,Flamengo,Lincoln Corrêa dos Santos,89,Normal,89,0,2,89.0,76-90,2019,Botafogo-RJ,Flamengo,False
6815,31,Gremio,Ronaldo Alves,90+3,Gol Contra,90,3,2,90.03,90+,2019,Gremio,CSA,True
6815,31,Gremio,Diego Tardelli,8,Normal,8,0,1,8.0,0-15,2019,Gremio,CSA,True
6815,31,CSA,Rafinha,90,Normal,90,0,2,90.0,76-90,2019,Gremio,CSA,False
6816,32,Santos,Yeferson Soteldo,73,Normal,73,0,2,73.0,61-75,2019,Goias,Santos,False
6816,32,Santos,Mário Sérgio Santos Costa,60,Normal,60,0,2,60.0,46-60,2019,Goias,Santos,False
6816,32,Santos,Yeferson Soteldo,25,Normal,25,0,1,25.0,16-30,2019,Goias,Santos,False
6817,32,Palmeiras,Bruno Henrique Corsini,90+4,Normal,90,4,2,90.04,90+,2019,Palmeiras,Corinthians,True
6817,32,Corinthians,Michel Macedo Rocha Machado,90+2,Normal,90,2,2,90.02,90+,2019,Palmeiras,Corinthians,False
6820,32,Athletico-PR,Marcelo Cirino da Silva,90,Normal,90,0,2,90.0,76-90,2019,Sao Paulo,Athletico-PR,False
6818,32,Internacional,William Pottker,35,Normal,35,0,1,35.0,31-45,2019,Internacional,Fluminense,True
6818,32,Internacional,William Pottker,39,Normal,39,0,1,39.0,31-45,2019,Internacional,Fluminense,True
6818,32,Fluminense,Wellington Nem,72,Normal,72,0,2,72.0,61-75,2019,Internacional,Fluminense,False
6821,32,Flamengo,Reinier,54,Normal,54,0,2,54.0,46-60,2019,Flamengo,Bahia,True
6821,32,Flamengo,Bruno Henrique,72,Normal,72,0,2,72.0,61-75,2019,Flamengo,Bahia,True
6821,32,Bahia,Willian Arão,39,Gol Contra,39,0,1,39.0,31-45,2019,Flamengo,Bahia,False
6821,32,Flamengo,Gabriel Barbosa,87,Normal,87,0,2,87.0,76-90,2019,Flamengo,Bahia,True
6822,32,Gremio,Luciano da Rocha Neves,3,Normal,3,0,1,3.0,0-15,2019,Chapecoense,Gremio,False
6823,32,Fortaleza,Wellington Paulista,13,Normal,13,0,1,13.0,0-15,2019,Fortaleza,Ceara,True
6824,32,Vasco,Raul,26,Normal,26,0,1,26.0,16-30,2019,CSA,Vasco,False
6824,32,Vasco,Oswaldo José Henríquez Bocanegra,67,Normal,67,0,2,67.0,61-75,2019,CSA,Vasco,False
6824,32,Vasco,Carlos Andrade Souza,81,Gol Contra,81,0,2,81.0,76-90,2019,CSA,Vasco,False
6825,32,Botafogo-RJ,Ricardo Thalheimer,13,Gol Contra,13,0,1,13.0,0-15,2019,Botafogo-RJ,Avai,True
6825,32,Botafogo-RJ,Diego Souza,88,Penalty,88,0,2,88.0,76-90,2019,Botafogo-RJ,Avai,True
6826,34,Flamengo,Bruno Henrique,65,Normal,65,0,2,65.0,61-75,2019,Flamengo,Vasco,True
6826,34,Vasco,Ribamar,90+3,Normal,90,3,2,90.03,90+,2019,Flamengo,Vasco,False
6826,34,Flamengo,Danilo Barcelos,45+5,Gol Contra,45,5,1,45.05,45+,2019,Flamengo,Vasco,True
6826,34,Flamengo,Bruno Henrique,80,Normal,80,0,2,80.0,76-90,2019,Flamengo,Vasco,True
6826,34,Vasco,Yago Pikachu,38,Penalty,38,0,1,38.0,31-45,2019,Flamengo,Vasco,False
6826,34,Vasco,Marrony,34,Normal,34,0,1,34.0,31-45,2019,Flamengo,Vasco,False
6826,34,Flamengo,Éverton Ribeiro,1,Normal,1,0,1,1.0,0-15,2019,Flamengo,Vasco,True
6826,34,Vasco,Marcos Antônio Candido Ferreira Júnior,52,Normal,52,0,2,52.0,46-60,2019,Flamengo,Vasco,False
6836,33,Sao Paulo,Daniel Alves,55,Normal,55,0,2,55.0,46-60,2019,Santos,Sao Paulo,False
6836,33,Santos,Carlos Andrés Sánchez,8,Penalty,8,0,1,8.0,0-15,2019,Santos,Sao Paulo,True
6837,33,Atletico-MG,Franco Di Santo,89,Normal,89,0,2,89.0,76-90,2019,Fluminense,Atletico-MG,False
6837,33,Fluminense,Patric Cabral Lalau,16,Gol Contra,16,0,1,16.0,16-30,2019,Fluminense,Atletico-MG,True
6841,33,Athletico-PR,Thonny Anderson,59,Normal,59,0,2,59.0,46-60,2019,Athletico-PR,Botafogo-RJ,True
6838,33,Flamengo,Gabriel Barbosa,37,Penalty,37,0,1,37.0,31-45,2019,Gremio,Flamengo,False
6839,33,Bahia,Arthur Caike do Nascimento Cruz,45+2,Normal,45,2,1,45.02,45+,2019,Bahia,Palmeiras,True
6839,33,Palmeiras,Miguel Borja,71,Normal,71,0,2,71.0,61-75,2019,Bahia,Palmeiras,False
6840,33,Chapecoense,Everaldo Stum,82,Normal,82,0,2,82.0,76-90,2019,Chapecoense,Ceara,True
6843,33,Fortaleza,Paulo Marcos de Jesus Ribeiro,54,Normal,54,0,2,54.0,46-60,2019,Fortaleza,CSA,True
6843,33,Fortaleza,Paulo Roberto Valoura Junior,34,Normal,34,0,1,34.0,31-45,2019,Fortaleza,CSA,True
6843,33,Fortaleza,Tinga,49,Normal,49,0,2,49.0,46-60,2019,Fortaleza,CSA,True
6844,33,Vasco,Fredy Guarín,35,Normal,35,0,1,35.0,31-45,2019,Vasco,Goias,True
6844,33,Goias,Oswaldo José Henríquez Bocanegra,90+7,Gol Contra,90,7,2,90.07,90+,2019,Vasco,Goias,False
6827,34,Santos,Diego Pituca,90,Normal,90,0,2,90.0,76-90,2019,Santos,Cruzeiro,True
6827,34,Santos,Eduardo Sasha,23,Normal,23,0,1,23.0,16-30,2019,Santos,Cruzeiro,True
6827,34,Cruzeiro,Luis Manuel Orejuela,14,Normal,14,0,1,14.0,0-15,2019,Santos,Cruzeiro,False
6827,34,Santos,Mário Sérgio Santos Costa,60,Normal,60,0,2,60.0,46-60,2019,Santos,Cruzeiro,True
6827,34,Santos,Yeferson Soteldo,65,Normal,65,0,2,65.0,61-75,2019,Santos,Cruzeiro,True
6829,34,Athletico-PR,Vitor Hugo Naum dos Santos,87,Normal,87,0,2,87.0,76-90,2019,Atletico-MG,Athletico-PR,False
6828,34,Gremio,Pepê,90+4,Normal,90,4,2,90.04,90+,2019,Palmeiras,Gremio,False
6828,34,Palmeiras,Bruno Henrique Corsini,83,Penalty,83,0,2,83.0,76-90,2019,Palmeiras,Gremio,True
6828,34,Gremio,Everton Sousa Soares,69,Penalty,69,0,2,69.0,61-75,2019,Palmeiras,Gremio,False
6830,34,Goias,Rafael Moura,8,Normal,8,0,1,8.0,0-15,2019,Goias,Bahia,True
6830,34,Bahia,Gilberto Oliveira Souza Junior,59,Normal,59,0,2,59.0,46-60,2019,Goias,Bahia,False
6830,34,Goias,Michael Richard Delgado de Oliveira,12,Normal,12,0,1,12.0,0-15,2019,Goias,Bahia,True
6830,34,Bahia,João Pedro Maturano dos Santos,77,Normal,77,0,2,77.0,76-90,2019,Goias,Bahia,False
6830,34,Goias,Gilberto dos Santos Souza Júnior,71,Normal,71,0,2,71.0,61-75,2019,Goias,Bahia,True
6830,34,Bahia,José Fernando Viana de Santana,90+1,Normal,90,1,2,90.01,90+,2019,Goias,Bahia,False
6830,34,Goias,Jonathan Marlone,79,Normal,79,0,2,79.0,76-90,2019,Goias,Bahia,True
6831,34,Botafogo-RJ,Diego Souza,19,Normal,19,0,1,19.0,16-30,2019,Botafogo-RJ,Corinthians,True
6833,34,Fortaleza,Osvaldo Filho,8,Normal,8,0,1,8.0,0-15,2019,Internacional,Fortaleza,False
6833,34,Fortaleza,Tinga,72,Normal,72,0,2,72.0,61-75,2019,Internacional,Fortaleza,False
6833,34,Internacional,Paolo Guerrero,43,Normal,43,0,1,43.0,31-45,2019,Internacional,Fortaleza,True
6833,34,Internacional,Paolo Guerrero,83,Normal,83,0,2,83.0,76-90,2019,Internacional,Fortaleza,True
6834,34,Chapecoense,Everaldo Stum,77,Normal,77,0,2,77.0,76-90,2019,Avai,Chapecoense,False
6832,34,Ceara,Felipe de Oliveira Silva,90+6,Normal,90,6,2,90.06,90+,2019,Ceara,Sao Paulo,True
6832,34,Sao Paulo,Vitor Bueno,45+1,Normal,45,1,1,45.01,45+,2019,Ceara,Sao Paulo,False
6835,34,Fluminense,Yony González,50,Normal,50,0,2,50.0,46-60,2019,CSA,Fluminense,False
6846,35,Goias,Michael Richard Delgado de Oliveira,72,Normal,72,0,2,72.0,61-75,2019,Internacional,Goias,False
6846,35,Internacional,Paolo Guerrero,78,Normal,78,0,2,78.0,76-90,2019,Internacional,Goias,True
6846,35,Goias,Rafael Moura,14,Normal,14,0,1,14.0,0-15,2019,Internacional,Goias,False
6847,35,Botafogo-RJ,Rhuan,53,Normal,53,0,2,53.0,46-60,2019,Chapecoense,Botafogo-RJ,False
6849,35,Athletico-PR,Márcio Azevedo,33,Normal,33,0,1,33.0,31-45,2019,Athletico-PR,Gremio,True
6849,35,Athletico-PR,Nikão,64,Penalty,64,0,2,64.0,61-75,2019,Athletico-PR,Gremio,True
6848,35,Bahia,José Élber Pimentel da Silva,64,Normal,64,0,2,64.0,61-75,2019,Bahia,Atletico-MG,True
6848,35,Atletico-MG,Juan Cazares,54,Normal,54,0,2,54.0,46-60,2019,Bahia,Atletico-MG,False
6851,35,Corinthians,Mauro Boselli,87,Normal,87,0,2,87.0,76-90,2019,Corinthians,Avai,True
6851,35,Corinthians,Gustavo,22,Normal,22,0,1,22.0,16-30,2019,Corinthians,Avai,True
6851,35,Corinthians,Júnior Urso,52,Normal,52,0,2,52.0,46-60,2019,Corinthians,Avai,True
6850,35,Flamengo,Victor Vinícius Coelho Santos,90+1,Normal,90,1,2,90.01,90+,2019,Flamengo,Ceara,True
6850,35,Flamengo,Bruno Henrique,65,Normal,65,0,2,65.0,61-75,2019,Flamengo,Ceara,True
6850,35,Ceara,Thiago Galhardo,27,Normal,27,0,1,27.0,16-30,2019,Flamengo,Ceara,False
6850,35,Flamengo,Bruno Henrique,74,Normal,74,0,2,74.0,61-75,2019,Flamengo,Ceara,True
6850,35,Flamengo,Bruno Henrique,85,Normal,85,0,2,85.0,76-90,2019,Flamengo,Ceara,True
6852,35,Fluminense,Marcos Paulo Costa do Nascimento,38,Normal,38,0,1,38.0,31-45,2019,Fluminense,Palmeiras,True
6853,35,Santos,Carlos Andrés Sánchez,69,Normal,69,0,2,69.0,61-75,2019,Fortaleza,Santos,False
6853,35,Fortaleza,Edinho,50,Normal,50,0,2,50.0,46-60,2019,Fortaleza,Santos,True
6853,35,Fortaleza,Osvaldo Filho,65,Normal,65,0,2,65.0,61-75,2019,Fortaleza,Santos,True
6854,35,Sao Paulo,Antony Matheus dos Santos,6,Normal,6,0,1,6.0,0-15,2019,Sao Paulo,Vasco,True
6855,35,CSA,Alan Henrique Costa,43,Normal,43,0,1,43.0,31-45,2019,Cruzeiro,CSA,False
6856,36,Internacional,Paolo Guerrero,84,Normal,84,0,2,84.0,76-90,2019,Botafogo-RJ,Internacional,False
6857,36,Ceara,Mateus Gonçalves Martins,88,Normal,88,0,2,88.0,76-90,2019,Ceara,Athletico-PR,True
6857,36,Athletico-PR,Madson,90+4,Normal,90,4,2,90.04,90+,2019,Ceara,Athletico-PR,False
6859,36,Flamengo,Giorgian De Arrascaeta,4,Normal,4,0,1,4.0,0-15,2019,Palmeiras,Flamengo,False
6859,36,Flamengo,Gabriel Barbosa,45+1,Normal,45,1,1,45.01,45+,2019,Palmeiras,Flamengo,False
6859,36,Flamengo,Gabriel Barbosa,46,Normal,46,0,2,46.0,46-60,2019,Palmeiras,Flamengo,False
6859,36,Palmeiras,Matheus Fernandes,84,Normal,84,0,2,84.0,76-90,2019,Palmeiras,Flamengo,True
6858,36,Fluminense,Marcos Paulo Costa do Nascimento,36,Normal,36,0,1,36.0,31-45,2019,Avai,Fluminense,False
6858,36,Avai,João Paulo,90+3,Penalty,90,3,2,90.03,90+,2019,Avai,Fluminense,True
6860,36,Fortaleza,Bruno Ferreira Melo,16,Normal,16,0,1,16.0,16-30,2019,Goias,Fortaleza,False
6860,36,Fortaleza,Osvaldo Filho,26,Normal,26,0,1,26.0,16-30,2019,Goias,Fortaleza,False
6860,36,Goias,Rafael Moura,43,Normal,43,0,1,43.0,31-45,2019,Goias,Fortaleza,True
6861,36,Bahia,Arthur Caike do Nascimento Cruz,86,Normal,86,0,2,86.0,76-90,2019,CSA,Bahia,False
6861,36,CSA,Nílton Ferreira Júnior,55,Normal,55,0,2,55.0,46-60,2019,CSA,Bahia,True
6861,36,Bahia,Gilberto Oliveira Souza Junior,32,Normal,32,0,1,32.0,31-45,2019,CSA,Bahia,False
6862,36,Atletico-MG,Fábio Santos,74,Penalty,74,0,2,74.0,61-75,2019,Atletico-MG,Corinthians,True
6862,36,Atletico-MG,Juan Cazares,19,Normal,19,0,1,19.0,16-30,2019,Atletico-MG,Corinthians,True
6862,36,Corinthians,Janderson,20,Normal,20,0,1,20.0,16-30,2019,Atletico-MG,Corinthians,False
6863,36,Santos,Evandro Goebel,49,Normal,49,0,2,49.0,46-60,2019,Santos,Chapecoense,True
6863,36,Santos,Lucas Veríssimo,8,Normal,8,0,1,8.0,0-15,2019,Santos,Chapecoense,True
6864,36,Gremio,Luciano da Rocha Neves,62,Normal,62,0,2,62.0,61-75,2019,Gremio,Sao Paulo,True
6864,36,Gremio,Luciano da Rocha Neves,56,Penalty,56,0,2,56.0,46-60,2019,Gremio,Sao Paulo,True
6864,36,Gremio,Alisson Euler de Freitas Castro,58,Normal,58,0,2,58.0,46-60,2019,Gremio,Sao Paulo,True
6865,36,Vasco,Fredy Guarín,10,Normal,10,0,1,10.0,0-15,2019,Vasco,Cruzeiro,True
6866,37,Athletico-PR,Marco Ruben,47,Normal,47,0,2,47.0,46-60,2019,Athletico-PR,Santos,True
6868,37,Atletico-MG,Jair Rodrigues Júnior,41,Normal,41,0,1,41.0,31-45,2019,Atletico-MG,Botafogo-RJ,True
6868,37,Atletico-MG,Luan Madson Gedeão de Paiva,68,Normal,68,0,2,68.0,61-75,2019,Atletico-MG,Botafogo-RJ,True
6867,37,Corinthians,Gustavo,81,Normal,81,0,2,81.0,76-90,2019,Ceara,Corinthians,False
6869,37,Chapecoense,Gustavo Campanharo,2,Normal,2,0,1,2.0,0-15,2019,Chapecoense,CSA,True
6869,37,Chapecoense,Arthur Gomes,59,Normal,59,0,2,59.0,46-60,2019,Chapecoense,CSA,True
6869,37,Chapecoense,Maurício Ramos,79,Normal,79,0,2,79.0,76-90,2019,Chapecoense,CSA,True
6871,37,Sao Paulo,Vitor Bueno,49,Normal,49,0,2,49.0,46-60,2019,Sao Paulo,Internacional,True
6871,37,Internacional,Guilherme Parede,70,Normal,70,0,2,70.0,61-75,2019,Sao Paulo,Internacional,False
6871,37,Sao Paulo,Antony Matheus dos Santos,16,Normal,16,0,1,16.0,16-30,2019,Sao Paulo,Internacional,True
6872,37,Gremio,Aldemir Ferreira,67,Normal,67,0,2,67.0,61-75,2019,Gremio,Cruzeiro,True
6872,37,Gremio,Pepê,85,Penalty,85,0,2,85.0,76-90,2019,Gremio,Cruzeiro,True
6873,37,Palmeiras,Eduardo Pereira Rodrigues,34,Normal,34,0,1,34.0,31-45,2019,Palmeiras,Goias,True
6873,37,Palmeiras,Eduardo Pereira Rodrigues,82,Normal,82,0,2,82.0,76-90,2019,Palmeiras,Goias,True
6873,37,Palmeiras,Gabriel Veron,70,Normal,70,0,2,70.0,61-75,2019,Palmeiras,Goias,True
6873,37,Palmeiras,José Rafael Vivian,22,Normal,22,0,1,22.0,16-30,2019,Palmeiras,Goias,True
6873,37,Palmeiras,Gabriel Veron,90,Normal,90,0,2,90.0,76-90,2019,Palmeiras,Goias,True
6873,37,Goias,Rafael Moura,27,Penalty,27,0,1,27.0,16-30,2019,Palmeiras,Goias,False
6874,37,Vasco,Marrony,85,Normal,85,0,2,85.0,76-90,2019,Bahia,Vasco,False
6874,37,Bahia,Gilberto Oliveira Souza Junior,45,Penalty,45,0,1,45.0,31-45,2019,Bahia,Vasco,True
6875,37,Flamengo,Lincoln Corrêa dos Santos,57,Normal,57,0,2,57.0,46-60,2019,Flamengo,Avai,True
6875,37,Flamengo,Giorgian De Arrascaeta,11,Normal,11,0,1,11.0,0-15,2019,Flamengo,Avai,True
6875,37,Flamengo,Reinier,84,Normal,84,0,2,84.0,76-90,2019,Flamengo,Avai,True
6875,37,Flamengo,Diego Ribas,37,Normal,37,0,1,37.0,31-45,2019,Flamengo,Avai,True
6875,37,Flamengo,Reinier,89,Normal,89,0,2,89.0,76-90,2019,Flamengo,Avai,True
6875,37,Flamengo,Gabriel Barbosa,39,Normal,39,0,1,39.0,31-45,2019,Flamengo,Avai,True
6875,37,Avai,Lourenço,22,Normal,22,0,1,22.0,16-30,2019,Flamengo,Avai,False
6876,38,Corinthians,Gustavo,63,Normal,63,0,2,63.0,61-75,2019,Corinthians,Fluminense,True
6876,38,Fluminense,Francisco Evanilson de Lima Barbosa,8,Normal,8,0,1,8.0,0-15,2019,Corinthians,Fluminense,False
6876,38,Fluminense,Francisco Evanilson de Lima Barbosa,28,Normal,28,0,1,28.0,16-30,2019,Corinthians,Fluminense,False
6878,38,Ceara,Thiago Galhardo,66,Penalty,66,0,2,66.0,61-75,2019,Botafogo-RJ,Ceara,False
6878,38,Botafogo-RJ,Marcos Vinícius de Jesus Araújo,39,Normal,39,0,1,39.0,31-45,2019,Botafogo-RJ,Ceara,True
6880,38,Internacional,Víctor Cuesta,90+8,Normal,90,8,2,90.08,90+,2019,Internacional,Atletico-MG,True
6880,38,Atletico-MG,Rómulo Otero,6,Normal,6,0,1,6.0,0-15,2019,Internacional,Atletico-MG,False
6880,38,Internacional,Paolo Guerrero,82,Normal,82,0,2,82.0,76-90,2019,Internacional,Atletico-MG,True
6879,38,CSA,Jarro Pedroso,44,Normal,44,0,1,44.0,31-45,2019,CSA,Sao Paulo,True
6879,38,Sao Paulo,Jonas Toró,11,Normal,11,0,1,11.0,0-15,2019,CSA,Sao Paulo,False
6879,38,Sao Paulo,Igor Vinícius,14,Normal,14,0,1,14.0,0-15,2019,CSA,Sao Paulo,False
6881,38,Palmeiras,José Rafael Vivian,58,Normal,58,0,2,58.0,46-60,2019,Cruzeiro,Palmeiras,False
6881,38,Palmeiras,Eduardo Pereira Rodrigues,84,Normal,84,0,2,84.0,76-90,2019,Cruzeiro,Palmeiras,False
6882,38,Goias,Rafael Moura,4,Normal,4,0,1,4.0,0-15,2019,Goias,Gremio,True
6882,38,Gremio,Isaque Elias,37,Normal,37,0,1,37.0,31-45,2019,Goias,Gremio,False
6882,38,Goias,Rafael Moura,45,Normal,45,0,1,45.0,31-45,2019,Goias,Gremio,True
6882,38,Goias,Yago Rocha,65,Normal,65,0,2,65.0,61-75,2019,Goias,Gremio,True
6882,38,Gremio,Patrick,23,Normal,23,0,1,23.0,16-30,2019,Goias,Gremio,False
6883,38,Chapecoense,Vinícius,90+3,Normal,90,3,2,90.03,90+,2019,Vasco,Chapecoense,False
6883,38,Vasco,Yago Pikachu,84,Penalty,84,0,2,84.0,76-90,2019,Vasco,Chapecoense,True
6885,38,Bahia,Artur Victor Guimarães,33,Normal,33,0,1,33.0,31-45,2019,Fortaleza,Bahia,False
6885,38,Fortaleza,Osvaldo Filho,13,Normal,13,0,1,13.0,0-15,2019,Fortaleza,Bahia,True
6885,38,Fortaleza,Tinga,78,Normal,78,0,2,78.0,76-90,2019,Fortaleza,Bahia,True
6877,38,Santos,Carlos Andrés Sánchez,23,Normal,23,0,1,23.0,16-30,2019,Santos,Flamengo,True
6877,38,Santos,Carlos Andrés Sánchez,85,Normal,85,0,2,85.0,76-90,2019,Santos,Flamengo,True
6877,38,Santos,Eduardo Sasha,63,Normal,63,0,2,63.0,61-75,2019,Santos,Flamengo,True
6877,38,Santos,Mário Sérgio Santos Costa,15,Normal,15,0,1,15.0,0-15,2019,Santos,Flamengo,True
6888,1,Sport,Elton Rodrigues Brandão,20,Normal,20,0,1,20.0,16-30,2020,Sport,Ceara,True
6888,1,Sport,Jonatan Gómez,42,Normal,42,0,1,42.0,31-45,2020,Sport,Ceara,True
6888,1,Ceara,Cléber,36,Normal,36,0,1,36.0,31-45,2020,Sport,Ceara,False
6888,1,Sport,Elton Rodrigues Brandão,34,Penalty,34,0,1,34.0,31-45,2020,Sport,Ceara,True
6888,1,Ceara,Vítor Jacaré,57,Normal,57,0,2,57.0,46-60,2020,Sport,Ceara,False
6887,1,Internacional,Paolo Guerrero,72,Normal,72,0,2,72.0,61-75,2020,Coritiba,Internacional,False
6886,1,Athletico-PR,Vitor Hugo Naum dos Santos,22,Normal,22,0,1,22.0,16-30,2020,Fortaleza,Athletico-PR,False
6886,1,Athletico-PR,Léo Cittadini,45+3,Normal,45,3,1,45.03,45+,2020,Fortaleza,Athletico-PR,False
6890,1,Atletico-MG,Filipe Luís,24,Gol Contra,24,0,1,24.0,16-30,2020,Flamengo,Atletico-MG,False
6889,1,Santos,Mário Sérgio Santos Costa,65,Normal,65,0,2,65.0,61-75,2020,Santos,Bragantino,True
6889,1,Bragantino,Claudinho,90+3,Normal,90,3,2,90.03,90+,2020,Santos,Bragantino,False
6891,1,Gremio,Diego Souza,45,Normal,45,0,1,45.0,31-45,2020,Gremio,Fluminense,True
6896,2,Athletico-PR,Carlos Eduardo Ferreira de Souza,76,Normal,76,0,2,76.0,76-90,2020,Athletico-PR,Goias,True
6896,2,Goias,Daniel Bessa,45+13,Penalty,45,13,1,45.13,45+,2020,Athletico-PR,Goias,False
6896,2,Athletico-PR,Vitor Hugo Naum dos Santos,32,Normal,32,0,1,32.0,31-45,2020,Athletico-PR,Goias,True
6898,2,Bragantino,Alerrandro Barra Mansa Realino de Souza,6,Normal,6,0,1,6.0,0-15,2020,Bragantino,Botafogo-RJ,True
6898,2,Botafogo-RJ,Matheus Babi,65,Normal,65,0,2,65.0,61-75,2020,Bragantino,Botafogo-RJ,False
6897,2,Corinthians,Jô,12,Normal,12,0,1,12.0,0-15,2020,Atletico-MG,Corinthians,False
6897,2,Atletico-MG,Hyoran,52,Normal,52,0,2,52.0,46-60,2020,Atletico-MG,Corinthians,True
6897,2,Corinthians,Ángelo Araos,30,Normal,30,0,1,30.0,16-30,2020,Atletico-MG,Corinthians,False
6897,2,Atletico-MG,Hyoran,56,Normal,56,0,2,56.0,46-60,2020,Atletico-MG,Corinthians,True
6897,2,Atletico-MG,Nathan Allan de Souza,61,Normal,61,0,2,61.0,61-75,2020,Atletico-MG,Corinthians,True
6899,2,Bahia,Rodrigo Eduardo Costa Marinho,40,Penalty,40,0,1,40.0,31-45,2020,Bahia,Coritiba,True
6900,2,Atletico-GO,Hyuri,15,Normal,15,0,1,15.0,0-15,2020,Atletico-GO,Flamengo,True
6900,2,Atletico-GO,Jorginho,32,Normal,32,0,1,32.0,31-45,2020,Atletico-GO,Flamengo,True
6900,2,Atletico-GO,Gustavo Ferrareis,61,Normal,61,0,2,61.0,61-75,2020,Atletico-GO,Flamengo,True
6901,2,Gremio,Thaciano,71,Normal,71,0,2,71.0,61-75,2020,Ceara,Gremio,False
6901,2,Ceara,Cléber,44,Normal,44,0,1,44.0,31-45,2020,Ceara,Gremio,True
6902,2,Fluminense,Francisco Evanilson de Lima Barbosa,39,Normal,39,0,1,39.0,31-45,2020,Fluminense,Palmeiras,True
6902,2,Palmeiras,Luiz Adriano,15,Normal,15,0,1,15.0,0-15,2020,Fluminense,Palmeiras,False
6903,2,Sao Paulo,Daniel Alves,43,Normal,43,0,1,43.0,31-45,2020,Sao Paulo,Fortaleza,True
6904,2,Internacional,Paolo Guerrero,57,Normal,57,0,2,57.0,46-60,2020,Internacional,Santos,True
6904,2,Internacional,Edenílson Andrade dos Santos,88,Normal,88,0,2,88.0,76-90,2020,Internacional,Santos,True
6905,2,Vasco,Fellipe Bastos,9,Normal,9,0,1,9.0,0-15,2020,Vasco,Sport,True
6905,2,Vasco,Fellipe Bastos,32,Normal,32,0,1,32.0,31-45,2020,Vasco,Sport,True
6907,3,Flamengo,Giorgian De Arrascaeta,28,Normal,28,0,1,28.0,16-30,2020,Coritiba,Flamengo,False
6908,3,Palmeiras,Gustavo Gómez,18,Normal,18,0,1,18.0,16-30,2020,Palmeiras,Goias,True
6908,3,Goias,Rafael Vaz,39,Normal,39,0,1,39.0,31-45,2020,Palmeiras,Goias,False
6909,3,Atletico-MG,Marrony,73,Penalty,73,0,2,73.0,61-75,2020,Atletico-MG,Ceara,True
6909,3,Atletico-MG,Marrony,90+2,Normal,90,2,2,90.02,90+,2020,Atletico-MG,Ceara,True
6910,3,Bahia,José Carlos Ferreira Júnior,26,Normal,26,0,1,26.0,16-30,2020,Bahia,Bragantino,True
6910,3,Bahia,Ernando Rodrigues Lopes,90+3,Normal,90,3,2,90.03,90+,2020,Bahia,Bragantino,True
6910,3,Bragantino,Léo Ortiz,77,Normal,77,0,2,77.0,76-90,2020,Bahia,Bragantino,False
6911,3,Vasco,Germán Cano,75,Normal,75,0,2,75.0,61-75,2020,Vasco,Sao Paulo,True
6911,3,Vasco,Germán Cano,62,Normal,62,0,2,62.0,61-75,2020,Vasco,Sao Paulo,True
6911,3,Sao Paulo,Reinaldo Manoel da Silva,90+7,Penalty,90,7,2,90.07,90+,2020,Vasco,Sao Paulo,False
6912,3,Fluminense,Nenê,39,Penalty,39,0,1,39.0,31-45,2020,Fluminense,Internacional,True
6912,3,Internacional,Paolo Guerrero,28,Normal,28,0,1,28.0,16-30,2020,Fluminense,Internacional,False
6912,3,Fluminense,Nenê,77,Penalty,77,0,2,77.0,76-90,2020,Fluminense,Internacional,True
6913,3,Atletico-GO,Jorginho,13,Normal,13,0,1,13.0,0-15,2020,Atletico-GO,Sport,True
6913,3,Sport,Iago Maidana,90+4,Normal,90,4,2,90.04,90+,2020,Atletico-GO,Sport,False
6915,3,Santos,Yeferson Soteldo,29,Normal,29,0,1,29.0,16-30,2020,Santos,Athletico-PR,True
6915,3,Santos,Felipe Jonatan,41,Normal,41,0,1,41.0,31-45,2020,Santos,Athletico-PR,True
6915,3,Santos,Mário Sérgio Santos Costa,82,Normal,82,0,2,82.0,76-90,2020,Santos,Athletico-PR,True
6915,3,Athletico-PR,Abner Vinícius,88,Normal,88,0,2,88.0,76-90,2020,Santos,Athletico-PR,False
6916,4,Gremio,Pepê,45,Normal,45,0,1,45.0,31-45,2020,Flamengo,Gremio,False
6916,4,Flamengo,Gabriel Barbosa,89,Penalty,89,0,2,89.0,76-90,2020,Flamengo,Gremio,True
6917,4,Bragantino,Alerrandro Barra Mansa Realino de Souza,1,Normal,1,0,1,1.0,0-15,2020,Bragantino,Fluminense,True
6917,4,Bragantino,Luis Phelipe,82,Normal,82,0,2,82.0,76-90,2020,Bragantino,Fluminense,True
6917,4,Fluminense,Nenê,2,Normal,2,0,1,2.0,0-15,2020,Bragantino,Fluminense,False
6918,4,Palmeiras,Raphael Cavalcante Veiga,90+2,Normal,90,2,2,90.02,90+,2020,Athletico-PR,Palmeiras,False
6920,4,Internacional,Damián Musto,52,Normal,52,0,2,52.0,46-60,2020,Internacional,Atletico-GO,True
6920,4,Internacional,Thiago Galhardo,69,Normal,69,0,2,69.0,61-75,2020,Internacional,Atletico-GO,True
6920,4,Internacional,Thiago Galhardo,90,Penalty,90,0,2,90.0,76-90,2020,Internacional,Atletico-GO,True
6919,4,Fortaleza,Yuri César,69,Normal,69,0,2,69.0,61-75,2020,Goias,Fortaleza,False
6919,4,Goias,Jefferson,80,Normal,80,0,2,80.0,76-90,2020,Goias,Fortaleza,True
6919,4,Fortaleza,Wellington Paulista,8,Normal,8,0,1,8.0,0-15,2020,Goias,Fortaleza,False
6919,4,Fortaleza,Bruno Ferreira Melo,59,Normal,59,0,2,59.0,46-60,2020,Goias,Fortaleza,False
6921,4,Corinthians,Jô,49,Normal,49,0,2,49.0,46-60,2020,Corinthians,Coritiba,True
6921,4,Corinthians,Gustavo Mosquito,87,Normal,87,0,2,87.0,76-90,2020,Corinthians,Coritiba,True
6921,4,Coritiba,Luiz Ricardo Alves,42,Normal,42,0,1,42.0,31-45,2020,Corinthians,Coritiba,False
6921,4,Corinthians,Leonardo Natel,38,Normal,38,0,1,38.0,31-45,2020,Corinthians,Coritiba,True
6922,4,Botafogo-RJ,Caio Alexandre,88,Normal,88,0,2,88.0,76-90,2020,Botafogo-RJ,Atletico-MG,True
6922,4,Atletico-MG,Igor Rabello,90+7,Normal,90,7,2,90.07,90+,2020,Botafogo-RJ,Atletico-MG,False
6922,4,Botafogo-RJ,Luiz Fernando Moraes dos Santos,27,Normal,27,0,1,27.0,16-30,2020,Botafogo-RJ,Atletico-MG,True
6923,4,Santos,Mário Sérgio Santos Costa,76,Normal,76,0,2,76.0,76-90,2020,Sport,Santos,False
6924,4,Vasco,Fellipe Bastos,78,Normal,78,0,2,78.0,76-90,2020,Ceara,Vasco,False
6924,4,Vasco,Ribamar,90+5,Normal,90,5,2,90.05,90+,2020,Ceara,Vasco,False
6924,4,Vasco,Germán Cano,68,Normal,68,0,2,68.0,61-75,2020,Ceara,Vasco,False
6925,4,Sao Paulo,Luciano da Rocha Neves,85,Normal,85,0,2,85.0,76-90,2020,Sao Paulo,Bahia,True
6925,4,Bahia,Rossicley Pereira da Silva,21,Normal,21,0,1,21.0,16-30,2020,Sao Paulo,Bahia,False
6926,5,Fluminense,Felipe Aguilar,45+4,Gol Contra,45,4,1,45.04,45+,2020,Athletico-PR,Fluminense,False
6927,5,Internacional,Thiago Galhardo,8,Normal,8,0,1,8.0,0-15,2020,Internacional,Atletico-MG,True
6928,5,Goias,Daniel Bessa,21,Normal,21,0,1,21.0,16-30,2020,Goias,Atletico-GO,True
6928,5,Goias,Victor Andrade,90+5,Normal,90,5,2,90.05,90+,2020,Goias,Atletico-GO,True
6929,5,Botafogo-RJ,Pedro Raúl,90+3,Normal,90,3,2,90.03,90+,2020,Flamengo,Botafogo-RJ,False
6929,5,Flamengo,Gabriel Barbosa,90+11,Penalty,90,11,2,90.11,90+,2020,Flamengo,Botafogo-RJ,True
6932,5,Bragantino,Alerrandro Barra Mansa Realino de Souza,45,Normal,45,0,1,45.0,31-45,2020,Bragantino,Coritiba,True
6932,5,Coritiba,Sabino,45+4,Penalty,45,4,1,45.04,45+,2020,Bragantino,Coritiba,False
6932,5,Coritiba,Robson Fernandes,53,Normal,53,0,2,53.0,46-60,2020,Bragantino,Coritiba,False
6931,5,Palmeiras,Patrick de Paula,73,Normal,73,0,2,73.0,61-75,2020,Palmeiras,Santos,True
6931,5,Palmeiras,Luiz Adriano,45+1,Penalty,45,1,1,45.01,45+,2020,Palmeiras,Santos,True
6931,5,Santos,Ramires,48,Gol Contra,48,0,2,48.0,46-60,2020,Palmeiras,Santos,False
6933,5,Sao Paulo,Pablo Felipe Teixeira,6,Normal,6,0,1,6.0,0-15,2020,Sport,Sao Paulo,False
6934,5,Ceara,Cléber,12,Normal,12,0,1,12.0,0-15,2020,Ceara,Bahia,True
6934,5,Ceara,Mateus Gonçalves Martins,75,Normal,75,0,2,75.0,61-75,2020,Ceara,Bahia,True
6935,5,Fortaleza,Romarinho,62,Normal,62,0,2,62.0,61-75,2020,Corinthians,Fortaleza,False
6935,5,Corinthians,Luan Guilherme de Jesus Vieira,76,Normal,76,0,2,76.0,76-90,2020,Corinthians,Fortaleza,True
6936,11,Sao Paulo,Luciano da Rocha Neves,65,Normal,65,0,2,65.0,61-75,2020,Sao Paulo,Athletico-PR,True
6946,6,Internacional,Thiago Galhardo,5,Normal,5,0,1,5.0,0-15,2020,Botafogo-RJ,Internacional,False
6946,6,Internacional,Gabriel Boschilia,28,Normal,28,0,1,28.0,16-30,2020,Botafogo-RJ,Internacional,False
6947,6,Fluminense,Fred,81,Normal,81,0,2,81.0,76-90,2020,Fluminense,Vasco,True
6947,6,Vasco,Talles Magno,86,Normal,86,0,2,86.0,76-90,2020,Fluminense,Vasco,False
6947,6,Fluminense,Douglas Moreira,3,Normal,3,0,1,3.0,0-15,2020,Fluminense,Vasco,True
6948,6,Bahia,Marco Antonio Rosa Furtado Júnior,90+5,Normal,90,5,2,90.05,90+,2020,Bahia,Palmeiras,True
6948,6,Palmeiras,José Rafael Vivian,77,Normal,77,0,2,77.0,76-90,2020,Bahia,Palmeiras,False
6949,6,Fortaleza,Wellington Paulista,39,Normal,39,0,1,39.0,31-45,2020,Fortaleza,Bragantino,True
6949,6,Fortaleza,Wellington Paulista,86,Normal,86,0,2,86.0,76-90,2020,Fortaleza,Bragantino,True
6949,6,Fortaleza,Romarinho,60,Normal,60,0,2,60.0,46-60,2020,Fortaleza,Bragantino,True
6950,6,Sao Paulo,Brenner,90+2,Normal,90,2,2,90.02,90+,2020,Sao Paulo,Corinthians,True
6950,6,Corinthians,Ramiro Moschen Benetti,36,Normal,36,0,1,36.0,31-45,2020,Sao Paulo,Corinthians,False
6950,6,Sao Paulo,Hernanes,14,Normal,14,0,1,14.0,0-15,2020,Sao Paulo,Corinthians,True
6952,6,Flamengo,Gabriel Barbosa,45+5,Normal,45,5,1,45.05,45+,2020,Santos,Flamengo,False
6951,6,Coritiba,Sabino,90+5,Penalty,90,5,2,90.05,90+,2020,Coritiba,Sport,True
6953,6,Ceara,Lima,90+6,Normal,90,6,2,90.06,90+,2020,Atletico-GO,Ceara,False
6953,6,Ceara,Vinícius,64,Normal,64,0,2,64.0,61-75,2020,Atletico-GO,Ceara,False
6956,7,Ceara,Vinícius,44,Normal,44,0,1,44.0,31-45,2020,Ceara,Fortaleza,True
6957,7,Atletico-GO,Renato Kayzer,79,Normal,79,0,2,79.0,76-90,2020,Fluminense,Atletico-GO,False
6957,7,Fluminense,Francisco Evanilson de Lima Barbosa,7,Normal,7,0,1,7.0,0-15,2020,Fluminense,Atletico-GO,True
6958,7,Goias,Vinícius Lopes,66,Normal,66,0,2,66.0,61-75,2020,Goias,Corinthians,True
6958,7,Corinthians,Danilo Avelar,90+1,Normal,90,1,2,90.01,90+,2020,Goias,Corinthians,False
6958,7,Corinthians,Fábio Sanches,28,Gol Contra,28,0,1,28.0,16-30,2020,Goias,Corinthians,False
6961,7,Flamengo,Pedro,2,Normal,2,0,1,2.0,0-15,2020,Bahia,Flamengo,False
6961,7,Flamengo,Éverton Ribeiro,48,Normal,48,0,2,48.0,46-60,2020,Bahia,Flamengo,False
6961,7,Bahia,Rodrigo Eduardo Costa Marinho,32,Normal,32,0,1,32.0,31-45,2020,Bahia,Flamengo,True
6961,7,Flamengo,Pedro,16,Normal,16,0,1,16.0,16-30,2020,Bahia,Flamengo,False
6961,7,Bahia,José Élber Pimentel da Silva,42,Normal,42,0,1,42.0,31-45,2020,Bahia,Flamengo,True
6961,7,Flamengo,Giorgian De Arrascaeta,37,Normal,37,0,1,37.0,31-45,2020,Bahia,Flamengo,False
6961,7,Bahia,Daniel Sampaio Simões,90,Normal,90,0,2,90.0,76-90,2020,Bahia,Flamengo,True
6961,7,Flamengo,Giorgian De Arrascaeta,52,Normal,52,0,2,52.0,46-60,2020,Bahia,Flamengo,False
6960,7,Bragantino,Claudinho,29,Normal,29,0,1,29.0,16-30,2020,Athletico-PR,Bragantino,False
6960,7,Athletico-PR,Geuvânio,17,Normal,17,0,1,17.0,16-30,2020,Athletico-PR,Bragantino,True
6962,7,Palmeiras,Luiz Adriano,90+4,Normal,90,4,2,90.04,90+,2020,Palmeiras,Internacional,True
6962,7,Internacional,Thiago Galhardo,90+2,Penalty,90,2,2,90.02,90+,2020,Palmeiras,Internacional,False
6963,7,Vasco,Fellipe Bastos,41,Normal,41,0,1,41.0,31-45,2020,Santos,Vasco,False
6963,7,Vasco,Germán Cano,73,Penalty,73,0,2,73.0,61-75,2020,Santos,Vasco,False
6963,7,Santos,Lucas Veríssimo,21,Normal,21,0,1,21.0,16-30,2020,Santos,Vasco,True
6963,7,Santos,Mário Sérgio Santos Costa,59,Normal,59,0,2,59.0,46-60,2020,Santos,Vasco,True
6964,7,Gremio,Pepê,78,Normal,78,0,2,78.0,76-90,2020,Gremio,Sport,True
6964,7,Sport,Iago Maidana,74,Penalty,74,0,2,74.0,61-75,2020,Gremio,Sport,False
6964,7,Sport,Patric Cabral Lalau,5,Normal,5,0,1,5.0,0-15,2020,Gremio,Sport,False
6965,7,Atletico-MG,Alan Steven Franco Palma,45,Normal,45,0,1,45.0,31-45,2020,Atletico-MG,Sao Paulo,True
6965,7,Atletico-MG,Jair Rodrigues Júnior,59,Normal,59,0,2,59.0,46-60,2020,Atletico-MG,Sao Paulo,True
6965,7,Atletico-MG,Alan Steven Franco Palma,35,Normal,35,0,1,35.0,31-45,2020,Atletico-MG,Sao Paulo,True
6968,8,Santos,Felipe Jonatan,9,Normal,9,0,1,9.0,0-15,2020,Ceara,Santos,False
6966,8,Flamengo,Éverton Ribeiro,6,Normal,6,0,1,6.0,0-15,2020,Flamengo,Fortaleza,True
6966,8,Fortaleza,Paulo Roberto Valoura Junior,14,Penalty,14,0,1,14.0,0-15,2020,Flamengo,Fortaleza,False
6966,8,Flamengo,Gabriel Barbosa,87,Normal,87,0,2,87.0,76-90,2020,Flamengo,Fortaleza,True
6967,8,Corinthians,Jô,90+3,Normal,90,3,2,90.03,90+,2020,Corinthians,Botafogo-RJ,True
6967,8,Botafogo-RJ,Bruno Nazário,22,Normal,22,0,1,22.0,16-30,2020,Corinthians,Botafogo-RJ,False
6967,8,Botafogo-RJ,Salomon Kalou,75,Normal,75,0,2,75.0,61-75,2020,Corinthians,Botafogo-RJ,False
6967,8,Corinthians,Fagner,12,Penalty,12,0,1,12.0,0-15,2020,Corinthians,Botafogo-RJ,True
6969,8,Bragantino,Claudinho,54,Normal,54,0,2,54.0,46-60,2020,Bragantino,Palmeiras,True
6969,8,Palmeiras,Gabriel Veron,69,Normal,69,0,2,69.0,61-75,2020,Bragantino,Palmeiras,False
6969,8,Palmeiras,Willian Gomes de Siqueira,90+4,Normal,90,4,2,90.04,90+,2020,Bragantino,Palmeiras,False
6970,8,Bahia,Rodrigo Eduardo Costa Marinho,20,Normal,20,0,1,20.0,16-30,2020,Internacional,Bahia,False
6970,8,Internacional,Thiago Galhardo,68,Penalty,68,0,2,68.0,61-75,2020,Internacional,Bahia,True
6970,8,Bahia,Clayson Henrique da Silva Vieira,90+7,Penalty,90,7,2,90.07,90+,2020,Internacional,Bahia,False
6970,8,Internacional,Patrick,28,Normal,28,0,1,28.0,16-30,2020,Internacional,Bahia,True
6971,8,Fluminense,Wellington Alves da Silva,40,Normal,40,0,1,40.0,31-45,2020,Sao Paulo,Fluminense,False
6971,8,Sao Paulo,Brenner,50,Normal,50,0,2,50.0,46-60,2020,Sao Paulo,Fluminense,True
6971,8,Sao Paulo,Luciano da Rocha Neves,54,Normal,54,0,2,54.0,46-60,2020,Sao Paulo,Fluminense,True
6971,8,Sao Paulo,Vitor Bueno,90+2,Normal,90,2,2,90.02,90+,2020,Sao Paulo,Fluminense,True
6972,8,Vasco,Germán Cano,7,Normal,7,0,1,7.0,0-15,2020,Vasco,Athletico-PR,True
6973,8,Atletico-GO,Edson Felipe da Cruz,11,Normal,11,0,1,11.0,0-15,2020,Atletico-GO,Gremio,True
6973,8,Gremio,Isaque Elias,41,Normal,41,0,1,41.0,31-45,2020,Atletico-GO,Gremio,False
6974,8,Sport,Leandro Barcia Montero,60,Normal,60,0,2,60.0,46-60,2020,Sport,Goias,True
6974,8,Goias,Elton Rodrigues Brandão,68,Gol Contra,68,0,2,68.0,61-75,2020,Sport,Goias,False
6974,8,Sport,Marquinhos,76,Normal,76,0,2,76.0,76-90,2020,Sport,Goias,True
6975,8,Atletico-MG,Eduardo Sasha,33,Normal,33,0,1,33.0,31-45,2020,Coritiba,Atletico-MG,False
6976,9,Botafogo-RJ,Victor Luis,80,Penalty,80,0,2,80.0,76-90,2020,Athletico-PR,Botafogo-RJ,False
6976,9,Athletico-PR,Ravanelli Ferreira dos Santos,88,Normal,88,0,2,88.0,76-90,2020,Athletico-PR,Botafogo-RJ,True
6977,9,Fortaleza,Wellington Paulista,54,Penalty,54,0,2,54.0,46-60,2020,Fortaleza,Sport,True
6978,9,Goias,Ignacio Jara,81,Normal,81,0,2,81.0,76-90,2020,Goias,Coritiba,True
6978,9,Goias,Rafael Moura,45,Penalty,45,0,1,45.0,31-45,2020,Goias,Coritiba,True
6978,9,Coritiba,Robson Fernandes,13,Normal,13,0,1,13.0,0-15,2020,Goias,Coritiba,False
6978,9,Goias,Sabino,83,Gol Contra,83,0,2,83.0,76-90,2020,Goias,Coritiba,True
6978,9,Coritiba,Sabino,90+6,Penalty,90,6,2,90.06,90+,2020,Goias,Coritiba,False
6978,9,Coritiba,William Matheus,37,Normal,37,0,1,37.0,31-45,2020,Goias,Coritiba,False
6979,9,Bragantino,Raul,53,Normal,53,0,2,53.0,46-60,2020,Sao Paulo,Bragantino,False
6979,9,Sao Paulo,Luciano da Rocha Neves,78,Normal,78,0,2,78.0,76-90,2020,Sao Paulo,Bragantino,True
6980,9,Fluminense,Rodrigo Junior Paula Silva,90+2,Normal,90,2,2,90.02,90+,2020,Fluminense,Flamengo,True
6980,9,Flamengo,Filipe Luís,8,Normal,8,0,1,8.0,0-15,2020,Fluminense,Flamengo,False
6980,9,Flamengo,Gabriel Barbosa,34,Normal,34,0,1,34.0,31-45,2020,Fluminense,Flamengo,False
6981,9,Santos,Arthur Gomes,22,Normal,22,0,1,22.0,16-30,2020,Santos,Atletico-MG,True
6981,9,Santos,Mário Sérgio Santos Costa,39,Normal,39,0,1,39.0,31-45,2020,Santos,Atletico-MG,True
6981,9,Atletico-MG,Alan Steven Franco Palma,35,Normal,35,0,1,35.0,31-45,2020,Santos,Atletico-MG,False
6981,9,Santos,Mário Sérgio Santos Costa,90+9,Penalty,90,9,2,90.09,90+,2020,Santos,Atletico-MG,True
6983,9,Palmeiras,Gabriel Veron,65,Normal,65,0,2,65.0,61-75,2020,Corinthians,Palmeiras,False
6983,9,Palmeiras,Luiz Adriano,43,Penalty,43,0,1,43.0,31-45,2020,Corinthians,Palmeiras,False
6982,9,Internacional,Thiago Galhardo,76,Normal,76,0,2,76.0,76-90,2020,Internacional,Ceara,True
6982,9,Internacional,Thiago Galhardo,44,Normal,44,0,1,44.0,31-45,2020,Internacional,Ceara,True
6984,9,Gremio,Alisson Euler de Freitas Castro,25,Normal,25,0,1,25.0,16-30,2020,Bahia,Gremio,False
6984,9,Gremio,Darlan Mendes,54,Normal,54,0,2,54.0,46-60,2020,Bahia,Gremio,False
6985,9,Vasco,Germán Cano,61,Normal,61,0,2,61.0,61-75,2020,Vasco,Atletico-GO,True
6985,9,Atletico-GO,Renato Kayzer,63,Normal,63,0,2,63.0,61-75,2020,Vasco,Atletico-GO,False
6985,9,Atletico-GO,Renato Kayzer,74,Normal,74,0,2,74.0,61-75,2020,Vasco,Atletico-GO,False
6986,10,Athletico-PR,Fabinho,12,Normal,12,0,1,12.0,0-15,2020,Athletico-PR,Coritiba,True
6987,10,Santos,Madson,30,Normal,30,0,1,30.0,16-30,2020,Santos,Sao Paulo,True
6987,10,Santos,Mário Sérgio Santos Costa,74,Normal,74,0,2,74.0,61-75,2020,Santos,Sao Paulo,True
6987,10,Sao Paulo,Gabriel Sara,8,Normal,8,0,1,8.0,0-15,2020,Santos,Sao Paulo,False
6987,10,Sao Paulo,Gabriel Sara,38,Normal,38,0,1,38.0,31-45,2020,Santos,Sao Paulo,False
6988,10,Fluminense,Nenê,8,Normal,8,0,1,8.0,0-15,2020,Fluminense,Corinthians,True
6988,10,Fluminense,Nenê,88,Penalty,88,0,2,88.0,76-90,2020,Fluminense,Corinthians,True
6988,10,Corinthians,Mateus Vital,90+5,Normal,90,5,2,90.05,90+,2020,Fluminense,Corinthians,False
6989,10,Gremio,Diego Souza,52,Penalty,52,0,2,52.0,46-60,2020,Gremio,Fortaleza,True
6989,10,Fortaleza,Osvaldo Filho,17,Normal,17,0,1,17.0,16-30,2020,Gremio,Fortaleza,False
6990,10,Atletico-MG,Jefferson Savarino,87,Normal,87,0,2,87.0,76-90,2020,Atletico-MG,Bragantino,True
6990,10,Bragantino,Alerrandro Barra Mansa Realino de Souza,49,Normal,49,0,2,49.0,46-60,2020,Atletico-MG,Bragantino,False
6990,10,Atletico-MG,Réver,29,Normal,29,0,1,29.0,16-30,2020,Atletico-MG,Bragantino,True
6991,10,Atletico-GO,Jean Paulo Fernandes Filho,40,Normal,40,0,1,40.0,31-45,2020,Bahia,Atletico-GO,False
6992,10,Ceara,Charles Rigon Matos,56,Normal,56,0,2,56.0,46-60,2020,Ceara,Flamengo,True
6992,10,Ceara,Luiz Otávio,50,Normal,50,0,2,50.0,46-60,2020,Ceara,Flamengo,True
6993,10,Goias,Vinícius Lopes,45,Normal,45,0,1,45.0,31-45,2020,Goias,Internacional,True
6994,10,Sport,Lucas Mugni,64,Normal,64,0,2,64.0,61-75,2020,Palmeiras,Sport,False
6994,10,Palmeiras,Willian Gomes de Siqueira,29,Normal,29,0,1,29.0,16-30,2020,Palmeiras,Sport,True
6994,10,Sport,Iago Maidana,12,Penalty,12,0,1,12.0,0-15,2020,Palmeiras,Sport,False
6994,10,Palmeiras,José Rafael Vivian,42,Normal,42,0,1,42.0,31-45,2020,Palmeiras,Sport,True
6995,10,Vasco,Germán Cano,71,Normal,71,0,2,71.0,61-75,2020,Botafogo-RJ,Vasco,False
6995,10,Botafogo-RJ,Matheus Babi,49,Normal,49,0,2,49.0,46-60,2020,Botafogo-RJ,Vasco,True
6995,10,Vasco,Ygor Catatau,72,Normal,72,0,2,72.0,61-75,2020,Botafogo-RJ,Vasco,False
6995,10,Botafogo-RJ,Matheus Babi,83,Normal,83,0,2,83.0,76-90,2020,Botafogo-RJ,Vasco,True
6995,10,Vasco,Ribamar,35,Normal,35,0,1,35.0,31-45,2020,Botafogo-RJ,Vasco,False
6937,11,Corinthians,Carlos Gilberto do Nascimento Silva,61,Normal,61,0,2,61.0,61-75,2020,Corinthians,Bahia,True
6937,11,Bahia,Nino Paraíba,36,Normal,36,0,1,36.0,31-45,2020,Corinthians,Bahia,False
6937,11,Corinthians,Rómulo Otero,17,Normal,17,0,1,17.0,16-30,2020,Corinthians,Bahia,True
6937,11,Bahia,Saldanha,89,Normal,89,0,2,89.0,76-90,2020,Corinthians,Bahia,False
6937,11,Corinthians,Roni,34,Normal,34,0,1,34.0,31-45,2020,Corinthians,Bahia,True
6938,11,Fortaleza,Felipe,66,Normal,66,0,2,66.0,61-75,2020,Fortaleza,Internacional,True
6939,11,Bragantino,Léo Ortiz,4,Normal,4,0,1,4.0,0-15,2020,Bragantino,Ceara,True
6939,11,Ceara,Vinícius,20,Normal,20,0,1,20.0,16-30,2020,Bragantino,Ceara,False
6939,11,Bragantino,Bruno Tubarão,23,Normal,23,0,1,23.0,16-30,2020,Bragantino,Ceara,True
6939,11,Ceara,Wescley,89,Normal,89,0,2,89.0,76-90,2020,Bragantino,Ceara,False
6939,11,Bragantino,Alerrandro Barra Mansa Realino de Souza,45,Normal,45,0,1,45.0,31-45,2020,Bragantino,Ceara,True
6939,11,Bragantino,Lucas Evangelista,63,Normal,63,0,2,63.0,61-75,2020,Bragantino,Ceara,True
6940,11,Atletico-GO,Gilvan,90+5,Normal,90,5,2,90.05,90+,2020,Atletico-GO,Atletico-MG,True
6940,11,Atletico-MG,Keno,65,Normal,65,0,2,65.0,61-75,2020,Atletico-GO,Atletico-MG,False
6940,11,Atletico-GO,Oliveira,21,Normal,21,0,1,21.0,16-30,2020,Atletico-GO,Atletico-MG,True
6940,11,Atletico-MG,Keno,78,Normal,78,0,2,78.0,76-90,2020,Atletico-GO,Atletico-MG,False
6940,11,Atletico-GO,Gustavo Ferrareis,55,Normal,55,0,2,55.0,46-60,2020,Atletico-GO,Atletico-MG,True
6940,11,Atletico-MG,Nathan Allan de Souza,60,Normal,60,0,2,60.0,46-60,2020,Atletico-GO,Atletico-MG,False
6940,11,Atletico-MG,Keno,53,Penalty,53,0,2,53.0,46-60,2020,Atletico-GO,Atletico-MG,False
6941,11,Gremio,Aldemir Ferreira,90+2,Normal,90,2,2,90.02,90+,2020,Gremio,Palmeiras,True
6941,11,Palmeiras,Raphael Cavalcante Veiga,71,Normal,71,0,2,71.0,61-75,2020,Gremio,Palmeiras,False
6942,11,Coritiba,Robson Fernandes,90,Penalty,90,0,2,90.0,76-90,2020,Coritiba,Vasco,True
6944,11,Sport,Hernane Vidal de Souza,13,Penalty,13,0,1,13.0,0-15,2020,Sport,Fluminense,True
6996,12,Sport,Iago Maidana,37,Penalty,37,0,1,37.0,31-45,2020,Sport,Corinthians,True
6997,12,Athletico-PR,Christian Roberto Alves Cardoso,70,Normal,70,0,2,70.0,61-75,2020,Athletico-PR,Bahia,True
6998,12,Sao Paulo,Luciano da Rocha Neves,25,Normal,25,0,1,25.0,16-30,2020,Internacional,Sao Paulo,False
6998,12,Internacional,Thiago Galhardo,20,Normal,20,0,1,20.0,16-30,2020,Internacional,Sao Paulo,True
6999,12,Gremio,Isaque Elias,55,Normal,55,0,2,55.0,46-60,2020,Atletico-MG,Gremio,False
6999,12,Atletico-MG,Keno,11,Normal,11,0,1,11.0,0-15,2020,Atletico-MG,Gremio,True
6999,12,Atletico-MG,Keno,51,Normal,51,0,2,51.0,46-60,2020,Atletico-MG,Gremio,True
6999,12,Atletico-MG,Keno,66,Normal,66,0,2,66.0,61-75,2020,Atletico-MG,Gremio,True
7000,12,Vasco,Vinícius Paiva,50,Normal,50,0,2,50.0,46-60,2020,Vasco,Bragantino,True
7000,12,Bragantino,Lucas Evangelista,51,Normal,51,0,2,51.0,46-60,2020,Vasco,Bragantino,False
7001,12,Flamengo,Pedro,56,Normal,56,0,2,56.0,46-60,2020,Palmeiras,Flamengo,False
7001,12,Palmeiras,Patrick de Paula,54,Normal,54,0,2,54.0,46-60,2020,Palmeiras,Flamengo,True
7003,12,Botafogo-RJ,Victor Luis,45,Penalty,45,0,1,45.0,31-45,2020,Atletico-GO,Botafogo-RJ,False
7003,12,Atletico-GO,Hyuri,50,Normal,50,0,2,50.0,46-60,2020,Atletico-GO,Botafogo-RJ,True
7002,12,Goias,David Duarte,90+1,Normal,90,1,2,90.01,90+,2020,Ceara,Goias,False
7002,12,Ceara,Charles Rigon Matos,53,Normal,53,0,2,53.0,46-60,2020,Ceara,Goias,True
7002,12,Ceara,Vinícius,73,Normal,73,0,2,73.0,61-75,2020,Ceara,Goias,True
7002,12,Goias,Rafael Moura,2,Normal,2,0,1,2.0,0-15,2020,Ceara,Goias,False
7004,12,Santos,Madson,41,Normal,41,0,1,41.0,31-45,2020,Santos,Fortaleza,True
7004,12,Fortaleza,Gabriel Dias de Oliveira,47,Normal,47,0,2,47.0,46-60,2020,Santos,Fortaleza,False
7005,12,Fluminense,Michel Araújo,8,Normal,8,0,1,8.0,0-15,2020,Fluminense,Coritiba,True
7005,12,Fluminense,Wanderson Felipe Cardoso dos Santos,61,Normal,61,0,2,61.0,61-75,2020,Fluminense,Coritiba,True
7005,12,Fluminense,Paulo Henrique Ganso,87,Penalty,87,0,2,87.0,76-90,2020,Fluminense,Coritiba,True
7005,12,Fluminense,Nino,72,Normal,72,0,2,72.0,61-75,2020,Fluminense,Coritiba,True
6893,1,Bahia,Gilberto Oliveira Souza Junior,42,Normal,42,0,1,42.0,31-45,2020,Botafogo-RJ,Bahia,False
6893,1,Bahia,José Élber Pimentel da Silva,84,Normal,84,0,2,84.0,76-90,2020,Botafogo-RJ,Bahia,False
6893,1,Botafogo-RJ,Pedro Raúl,90+1,Normal,90,1,2,90.01,90+,2020,Botafogo-RJ,Bahia,True
7006,13,Internacional,Thiago Galhardo,75,Penalty,75,0,2,75.0,61-75,2020,Gremio,Internacional,False
7006,13,Gremio,Pepê,53,Normal,53,0,2,53.0,46-60,2020,Gremio,Internacional,True
7007,13,Palmeiras,Raphael Cavalcante Veiga,10,Normal,10,0,1,10.0,0-15,2020,Palmeiras,Ceara,True
7007,13,Palmeiras,Willian Gomes de Siqueira,82,Normal,82,0,2,82.0,76-90,2020,Palmeiras,Ceara,True
7007,13,Ceara,Eduardo Brock,18,Normal,18,0,1,18.0,16-30,2020,Palmeiras,Ceara,False
7015,13,Atletico-MG,Keno,37,Penalty,37,0,1,37.0,31-45,2020,Atletico-MG,Vasco,True
7015,13,Atletico-MG,Guilherme Arana,14,Normal,14,0,1,14.0,0-15,2020,Atletico-MG,Vasco,True
7015,13,Atletico-MG,Jefferson Savarino,18,Normal,18,0,1,18.0,16-30,2020,Atletico-MG,Vasco,True
7015,13,Vasco,Martín Benítez,9,Normal,9,0,1,9.0,0-15,2020,Atletico-MG,Vasco,False
7015,13,Atletico-MG,Cláudio Rodrigues Gomes,29,Penalty,29,0,1,29.0,16-30,2020,Atletico-MG,Vasco,True
7009,13,Fluminense,Kevin Peterson dos Santos Silva,41,Gol Contra,41,0,1,41.0,31-45,2020,Botafogo-RJ,Fluminense,False
7009,13,Botafogo-RJ,Caio Alexandre,73,Normal,73,0,2,73.0,61-75,2020,Botafogo-RJ,Fluminense,True
7010,13,Coritiba,Robson Fernandes,6,Normal,6,0,1,6.0,0-15,2020,Coritiba,Sao Paulo,True
7010,13,Sao Paulo,Reinaldo Manoel da Silva,69,Penalty,69,0,2,69.0,61-75,2020,Coritiba,Sao Paulo,False
7011,13,Flamengo,Bruno Henrique,59,Penalty,59,0,2,59.0,46-60,2020,Flamengo,Athletico-PR,True
7011,13,Flamengo,Pedro,56,Normal,56,0,2,56.0,46-60,2020,Flamengo,Athletico-PR,True
7011,13,Flamengo,Éverton Ribeiro,77,Normal,77,0,2,77.0,76-90,2020,Flamengo,Athletico-PR,True
7011,13,Athletico-PR,Renato Kayzer,67,Normal,67,0,2,67.0,61-75,2020,Flamengo,Athletico-PR,False
7013,13,Goias,Vinícius Lopes,5,Normal,5,0,1,5.0,0-15,2020,Goias,Santos,True
7013,13,Goias,Victor Andrade,85,Normal,85,0,2,85.0,76-90,2020,Goias,Santos,True
7013,13,Santos,Mário Sérgio Santos Costa,19,Penalty,19,0,1,19.0,16-30,2020,Goias,Santos,False
7013,13,Santos,Marcos Leonardo Santos Almeida,77,Normal,77,0,2,77.0,76-90,2020,Goias,Santos,False
7013,13,Santos,Jefferson,54,Gol Contra,54,0,2,54.0,46-60,2020,Goias,Santos,False
7014,13,Sport,Marcão,54,Normal,54,0,2,54.0,46-60,2020,Bahia,Sport,False
7014,13,Sport,Hernane Vidal de Souza,40,Penalty,40,0,1,40.0,31-45,2020,Bahia,Sport,False
7014,13,Bahia,Saldanha,77,Normal,77,0,2,77.0,76-90,2020,Bahia,Sport,True
7016,14,Corinthians,Danilo Avelar,45,Normal,45,0,1,45.0,31-45,2020,Corinthians,Santos,True
7016,14,Santos,Madson,11,Normal,11,0,1,11.0,0-15,2020,Corinthians,Santos,False
7018,14,Bahia,Rossicley Pereira da Silva,10,Normal,10,0,1,10.0,0-15,2020,Bahia,Vasco,True
7018,14,Bahia,Gilberto Oliveira Souza Junior,32,Normal,32,0,1,32.0,31-45,2020,Bahia,Vasco,True
7018,14,Bahia,Clayson Henrique da Silva Vieira,45+1,Normal,45,1,1,45.01,45+,2020,Bahia,Vasco,True
7017,14,Flamengo,Gustavo Henrique Vernes,55,Normal,55,0,2,55.0,46-60,2020,Flamengo,Sport,True
7017,14,Flamengo,Pedro,51,Normal,51,0,2,51.0,46-60,2020,Flamengo,Sport,True
7017,14,Flamengo,Pedro,60,Normal,60,0,2,60.0,46-60,2020,Flamengo,Sport,True
7019,14,Gremio,Luiz Fernando Moraes dos Santos,3,Normal,3,0,1,3.0,0-15,2020,Gremio,Coritiba,True
7019,14,Gremio,David Braz,11,Normal,11,0,1,11.0,0-15,2020,Gremio,Coritiba,True
7019,14,Coritiba,Nathan Silva,72,Normal,72,0,2,72.0,61-75,2020,Gremio,Coritiba,False
7020,14,Sao Paulo,Brenner,71,Normal,71,0,2,71.0,61-75,2020,Sao Paulo,Atletico-GO,True
7020,14,Sao Paulo,Gabriel Sara,65,Normal,65,0,2,65.0,61-75,2020,Sao Paulo,Atletico-GO,True
7020,14,Sao Paulo,Brenner,45+2,Normal,45,2,1,45.02,45+,2020,Sao Paulo,Atletico-GO,True
7021,14,Fluminense,Fred,52,Normal,52,0,2,52.0,46-60,2020,Goias,Fluminense,False
7021,14,Fluminense,Nenê,70,Normal,70,0,2,70.0,61-75,2020,Goias,Fluminense,False
7021,14,Goias,Rafael Moura,67,Penalty,67,0,2,67.0,61-75,2020,Goias,Fluminense,True
7021,14,Goias,Rafael Moura,22,Normal,22,0,1,22.0,16-30,2020,Goias,Fluminense,True
7021,14,Fluminense,Rodrigo Junior Paula Silva,76,Normal,76,0,2,76.0,76-90,2020,Goias,Fluminense,False
7021,14,Fluminense,Yago Rocha,40,Normal,40,0,1,40.0,31-45,2020,Goias,Fluminense,False
7022,14,Botafogo-RJ,Caio Alexandre,50,Normal,50,0,2,50.0,46-60,2020,Botafogo-RJ,Palmeiras,True
7022,14,Palmeiras,Willian Gomes de Siqueira,77,Normal,77,0,2,77.0,76-90,2020,Botafogo-RJ,Palmeiras,False
7022,14,Botafogo-RJ,Pedro Raúl,46,Normal,46,0,2,46.0,46-60,2020,Botafogo-RJ,Palmeiras,True
7023,14,Atletico-MG,Eduardo Sasha,42,Normal,42,0,1,42.0,31-45,2020,Fortaleza,Atletico-MG,False
7023,14,Fortaleza,David Corrêa da Fonseca,37,Normal,37,0,1,37.0,31-45,2020,Fortaleza,Atletico-MG,True
7023,14,Fortaleza,Bruno Ferreira Melo,85,Normal,85,0,2,85.0,76-90,2020,Fortaleza,Atletico-MG,True
7025,14,Internacional,Thiago Galhardo,17,Normal,17,0,1,17.0,16-30,2020,Bragantino,Internacional,False
7025,14,Internacional,Thiago Galhardo,25,Normal,25,0,1,25.0,16-30,2020,Bragantino,Internacional,False
7026,15,Flamengo,Léo Pereira,48,Normal,48,0,2,48.0,46-60,2020,Vasco,Flamengo,False
7026,15,Flamengo,Bruno Henrique,70,Normal,70,0,2,70.0,61-75,2020,Vasco,Flamengo,False
7026,15,Vasco,Talles Magno,9,Normal,9,0,1,9.0,0-15,2020,Vasco,Flamengo,True
7028,15,Sao Paulo,Vitor Bueno,90+3,Normal,90,3,2,90.03,90+,2020,Palmeiras,Sao Paulo,False
7028,15,Sao Paulo,Reinaldo Manoel da Silva,56,Penalty,56,0,2,56.0,46-60,2020,Palmeiras,Sao Paulo,False
7029,15,Atletico-MG,Marrony,90+2,Normal,90,2,2,90.02,90+,2020,Atletico-MG,Goias,True
7029,15,Atletico-MG,Nathan Allan de Souza,45+1,Normal,45,1,1,45.01,45+,2020,Atletico-MG,Goias,True
7029,15,Atletico-MG,Keno,42,Penalty,42,0,1,42.0,31-45,2020,Atletico-MG,Goias,True
7030,15,Fluminense,Nenê,72,Penalty,72,0,2,72.0,61-75,2020,Fluminense,Bahia,True
7031,15,Gremio,Diego Souza,73,Normal,73,0,2,73.0,61-75,2020,Santos,Gremio,False
7031,15,Santos,Mário Sérgio Santos Costa,20,Penalty,20,0,1,20.0,16-30,2020,Santos,Gremio,True
7031,15,Santos,Mário Sérgio Santos Costa,79,Penalty,79,0,2,79.0,76-90,2020,Santos,Gremio,True
7033,15,Atletico-GO,Janderson,28,Normal,28,0,1,28.0,16-30,2020,Atletico-GO,Bragantino,True
7033,15,Atletico-GO,Matheus Cotulio Bossa,90,Normal,90,0,2,90.0,76-90,2020,Atletico-GO,Bragantino,True
7033,15,Bragantino,Claudinho,20,Normal,20,0,1,20.0,16-30,2020,Atletico-GO,Bragantino,False
7032,15,Botafogo-RJ,Caio Alexandre,45+1,Normal,45,1,1,45.01,45+,2020,Sport,Botafogo-RJ,False
7032,15,Sport,Thiago Neves,56,Normal,56,0,2,56.0,46-60,2020,Sport,Botafogo-RJ,True
7032,15,Botafogo-RJ,Keisuke Honda,29,Normal,29,0,1,29.0,16-30,2020,Sport,Botafogo-RJ,False
7034,15,Corinthians,Leonardo Natel,15,Normal,15,0,1,15.0,0-15,2020,Ceara,Corinthians,False
7034,15,Ceara,Carlos Gilberto do Nascimento Silva,34,Gol Contra,34,0,1,34.0,31-45,2020,Ceara,Corinthians,True
7034,15,Ceara,Fernando Sobral,90+1,Penalty,90,1,2,90.01,90+,2020,Ceara,Corinthians,True
7035,15,Internacional,Thiago Galhardo,7,Normal,7,0,1,7.0,0-15,2020,Internacional,Athletico-PR,True
7035,15,Internacional,Abel Hernández,36,Normal,36,0,1,36.0,31-45,2020,Internacional,Athletico-PR,True
7035,15,Athletico-PR,Renato Kayzer,42,Normal,42,0,1,42.0,31-45,2020,Internacional,Athletico-PR,False
6945,11,Goias,Vinícius Lopes,13,Normal,13,0,1,13.0,0-15,2020,Flamengo,Goias,False
6945,11,Flamengo,Pedro,39,Normal,39,0,1,39.0,31-45,2020,Flamengo,Goias,True
6945,11,Flamengo,Pedro,90+6,Normal,90,6,2,90.06,90+,2020,Flamengo,Goias,True
7036,16,Palmeiras,Gabriel Veron,38,Normal,38,0,1,38.0,31-45,2020,Palmeiras,Coritiba,True
7036,16,Coritiba,Robson Fernandes,8,Normal,8,0,1,8.0,0-15,2020,Palmeiras,Coritiba,False
7036,16,Coritiba,Robson Fernandes,24,Normal,24,0,1,24.0,16-30,2020,Palmeiras,Coritiba,False
7036,16,Coritiba,Giovanni Augusto,65,Normal,65,0,2,65.0,61-75,2020,Palmeiras,Coritiba,False
7037,16,Gremio,Diego Souza,34,Normal,34,0,1,34.0,31-45,2020,Gremio,Botafogo-RJ,True
7037,16,Gremio,Pepê,48,Normal,48,0,2,48.0,46-60,2020,Gremio,Botafogo-RJ,True
7037,16,Gremio,Pepê,66,Normal,66,0,2,66.0,61-75,2020,Gremio,Botafogo-RJ,True
7037,16,Botafogo-RJ,Matheus Babi,41,Normal,41,0,1,41.0,31-45,2020,Gremio,Botafogo-RJ,False
7038,16,Atletico-GO,Chico,68,Normal,68,0,2,68.0,61-75,2020,Santos,Atletico-GO,False
7039,16,Corinthians,Everaldo,90+5,Normal,90,5,2,90.05,90+,2020,Athletico-PR,Corinthians,False
7040,16,Atletico-MG,Guilherme Arana,52,Normal,52,0,2,52.0,46-60,2020,Atletico-MG,Fluminense,True
7040,16,Fluminense,Caio Paulista,20,Normal,20,0,1,20.0,16-30,2020,Atletico-MG,Fluminense,False
7041,16,Sport,Marquinhos,43,Normal,43,0,1,43.0,31-45,2020,Sport,Internacional,True
7041,16,Internacional,Patrick,75,Normal,75,0,2,75.0,61-75,2020,Sport,Internacional,False
7041,16,Sport,Leandro Barcia Montero,56,Normal,56,0,2,56.0,46-60,2020,Sport,Internacional,True
7041,16,Internacional,Rodrigo Moledo,53,Normal,53,0,2,53.0,46-60,2020,Sport,Internacional,False
7041,16,Internacional,Adryelson,40,Gol Contra,40,0,1,40.0,31-45,2020,Sport,Internacional,False
7041,16,Sport,Mikael,90,Normal,90,0,2,90.0,76-90,2020,Sport,Internacional,True
7041,16,Internacional,Yuri Alberto,81,Normal,81,0,2,81.0,76-90,2020,Sport,Internacional,False
7041,16,Internacional,Patrick,34,Normal,34,0,1,34.0,31-45,2020,Sport,Internacional,False
7042,16,Bragantino,Claudinho,46,Normal,46,0,2,46.0,46-60,2020,Flamengo,Bragantino,False
7042,16,Flamengo,Lincoln Corrêa dos Santos,70,Normal,70,0,2,70.0,61-75,2020,Flamengo,Bragantino,True
7043,16,Goias,Vinícius Lopes,49,Normal,49,0,2,49.0,46-60,2020,Goias,Bahia,True
7043,16,Bahia,Fessin (futebolista),90+5,Normal,90,5,2,90.05,90+,2020,Goias,Bahia,False
7046,17,Atletico-GO,Zé Roberto,45+1,Normal,45,1,1,45.01,45+,2020,Atletico-GO,Athletico-PR,True
7046,17,Athletico-PR,Léo Cittadini,61,Normal,61,0,2,61.0,61-75,2020,Atletico-GO,Athletico-PR,False
7047,17,Santos,Kaio Jorge,6,Normal,6,0,1,6.0,0-15,2020,Coritiba,Santos,False
7047,17,Santos,Yeferson Soteldo,27,Penalty,27,0,1,27.0,16-30,2020,Coritiba,Santos,False
7047,17,Coritiba,Giovanni Augusto,74,Normal,74,0,2,74.0,61-75,2020,Coritiba,Santos,True
7048,17,Fluminense,Luiz Henrique,13,Normal,13,0,1,13.0,0-15,2020,Fluminense,Ceara,True
7048,17,Fluminense,Danilo Barcelos,90+1,Normal,90,1,2,90.01,90+,2020,Fluminense,Ceara,True
7048,17,Ceara,Hudson,41,Gol Contra,41,0,1,41.0,31-45,2020,Fluminense,Ceara,False
7048,17,Ceara,Vinícius,78,Normal,78,0,2,78.0,76-90,2020,Fluminense,Ceara,False
7050,17,Corinthians,Carlos Gilberto do Nascimento Silva,64,Normal,64,0,2,64.0,61-75,2020,Corinthians,Flamengo,True
7050,17,Flamengo,Bruno Henrique,71,Normal,71,0,2,71.0,61-75,2020,Corinthians,Flamengo,False
7050,17,Flamengo,Éverton Ribeiro,32,Normal,32,0,1,32.0,31-45,2020,Corinthians,Flamengo,False
7050,17,Flamengo,Diego Ribas,86,Normal,86,0,2,86.0,76-90,2020,Corinthians,Flamengo,False
7050,17,Flamengo,Victor Vinícius Coelho Santos,52,Normal,52,0,2,52.0,46-60,2020,Corinthians,Flamengo,False
7050,17,Flamengo,Natan Bernardo de Souza,58,Normal,58,0,2,58.0,46-60,2020,Corinthians,Flamengo,False
7051,17,Internacional,Thiago Galhardo,39,Penalty,39,0,1,39.0,31-45,2020,Internacional,Vasco,True
7051,17,Internacional,Edenílson Andrade dos Santos,25,Normal,25,0,1,25.0,16-30,2020,Internacional,Vasco,True
7053,17,Fortaleza,David Corrêa da Fonseca,35,Normal,35,0,1,35.0,31-45,2020,Fortaleza,Palmeiras,True
7053,17,Fortaleza,David Corrêa da Fonseca,41,Normal,41,0,1,41.0,31-45,2020,Fortaleza,Palmeiras,True
7052,17,Bragantino,Claudinho,61,Normal,61,0,2,61.0,61-75,2020,Bragantino,Sport,True
7052,17,Bragantino,Ricardo Ryller,50,Normal,50,0,2,50.0,46-60,2020,Bragantino,Sport,True
7054,17,Bahia,Gilberto Oliveira Souza Junior,80,Normal,80,0,2,80.0,76-90,2020,Bahia,Atletico-MG,True
7054,17,Bahia,Gilberto Oliveira Souza Junior,89,Normal,89,0,2,89.0,76-90,2020,Bahia,Atletico-MG,True
7054,17,Atletico-MG,Jefferson Savarino,21,Normal,21,0,1,21.0,16-30,2020,Bahia,Atletico-MG,False
7054,17,Bahia,Daniel Sampaio Simões,69,Normal,69,0,2,69.0,61-75,2020,Bahia,Atletico-MG,True
7056,18,Corinthians,Gustavo Mantuan,23,Normal,23,0,1,23.0,16-30,2020,Vasco,Corinthians,False
7056,18,Corinthians,Everaldo,90,Normal,90,0,2,90.0,76-90,2020,Vasco,Corinthians,False
7056,18,Vasco,Ribamar,72,Normal,72,0,2,72.0,61-75,2020,Vasco,Corinthians,True
7057,18,Bragantino,Ytalo José dos Santos,45+2,Normal,45,2,1,45.02,45+,2020,Bragantino,Goias,True
7057,18,Bragantino,Claudinho,83,Normal,83,0,2,83.0,76-90,2020,Bragantino,Goias,True
7058,18,Ceara,Vinícius,8,Normal,8,0,1,8.0,0-15,2020,Ceara,Coritiba,True
7058,18,Ceara,Carlos Eduardo Santos Oliveira,52,Normal,52,0,2,52.0,46-60,2020,Ceara,Coritiba,True
7058,18,Coritiba,Rodrigo Muniz,2,Normal,2,0,1,2.0,0-15,2020,Ceara,Coritiba,False
7060,18,Palmeiras,Luiz Adriano,55,Normal,55,0,2,55.0,46-60,2020,Atletico-GO,Palmeiras,False
7060,18,Palmeiras,Luiz Adriano,64,Normal,64,0,2,64.0,61-75,2020,Atletico-GO,Palmeiras,False
7060,18,Palmeiras,Wesley Ribeiro Silva,20,Normal,20,0,1,20.0,16-30,2020,Atletico-GO,Palmeiras,False
7061,18,Fluminense,Marcos Paulo Costa do Nascimento,90+3,Normal,90,3,2,90.03,90+,2020,Fluminense,Santos,True
7061,18,Santos,Mário Sérgio Santos Costa,36,Normal,36,0,1,36.0,31-45,2020,Fluminense,Santos,False
7061,18,Fluminense,Luccas Claro,29,Normal,29,0,1,29.0,16-30,2020,Fluminense,Santos,True
7061,18,Fluminense,Nino,56,Normal,56,0,2,56.0,46-60,2020,Fluminense,Santos,True
7062,18,Athletico-PR,Carlos Eduardo Ferreira de Souza,44,Normal,44,0,1,44.0,31-45,2020,Athletico-PR,Gremio,True
7062,18,Gremio,Aldemir Ferreira,88,Normal,88,0,2,88.0,76-90,2020,Athletico-PR,Gremio,False
7062,18,Gremio,Thiago Heleno,55,Gol Contra,55,0,2,55.0,46-60,2020,Athletico-PR,Gremio,False
7063,18,Internacional,Abel Hernández,7,Normal,7,0,1,7.0,0-15,2020,Internacional,Flamengo,True
7063,18,Internacional,Thiago Galhardo,25,Normal,25,0,1,25.0,16-30,2020,Internacional,Flamengo,True
7063,18,Flamengo,Pedro,11,Normal,11,0,1,11.0,0-15,2020,Internacional,Flamengo,False
7063,18,Flamengo,Éverton Ribeiro,90+5,Normal,90,5,2,90.05,90+,2020,Internacional,Flamengo,False
7066,19,Botafogo-RJ,Keisuke Honda,16,Penalty,16,0,1,16.0,16-30,2020,Botafogo-RJ,Ceara,True
7066,19,Botafogo-RJ,Matheus Babi,28,Normal,28,0,1,28.0,16-30,2020,Botafogo-RJ,Ceara,True
7066,19,Ceara,Cléber,23,Normal,23,0,1,23.0,16-30,2020,Botafogo-RJ,Ceara,False
7066,19,Ceara,Leandro Carvalho,51,Normal,51,0,2,51.0,46-60,2020,Botafogo-RJ,Ceara,False
7067,19,Coritiba,Matheus Galdezani,8,Normal,8,0,1,8.0,0-15,2020,Coritiba,Atletico-GO,True
7068,19,Corinthians,Matheus Alvarenga de Oliveira,33,Normal,33,0,1,33.0,31-45,2020,Corinthians,Internacional,True
7069,19,Fluminense,Wellington Alves da Silva,75,Normal,75,0,2,75.0,61-75,2020,Fortaleza,Fluminense,False
7070,19,Sao Paulo,Danilo Neves,17,Normal,17,0,1,17.0,16-30,2020,Flamengo,Sao Paulo,False
7070,19,Sao Paulo,Brenner,45+1,Normal,45,1,1,45.01,45+,2020,Flamengo,Sao Paulo,False
7070,19,Sao Paulo,Reinaldo Manoel da Silva,59,Penalty,59,0,2,59.0,46-60,2020,Flamengo,Sao Paulo,False
7070,19,Sao Paulo,Luciano da Rocha Neves,82,Normal,82,0,2,82.0,76-90,2020,Flamengo,Sao Paulo,False
7070,19,Flamengo,Pedro,6,Normal,6,0,1,6.0,0-15,2020,Flamengo,Sao Paulo,True
7071,19,Sport,Thiago Neves,53,Normal,53,0,2,53.0,46-60,2020,Sport,Athletico-PR,True
7072,19,Santos,Madson,9,Normal,9,0,1,9.0,0-15,2020,Santos,Bahia,True
7072,19,Santos,Mário Sérgio Santos Costa,26,Normal,26,0,1,26.0,16-30,2020,Santos,Bahia,True
7072,19,Santos,Jobson Souza Santos,37,Normal,37,0,1,37.0,31-45,2020,Santos,Bahia,True
7072,19,Bahia,Daniel Sampaio Simões,28,Normal,28,0,1,28.0,16-30,2020,Santos,Bahia,False
7073,19,Goias,Shaylon,57,Normal,57,0,2,57.0,46-60,2020,Goias,Vasco,True
7073,19,Vasco,Léo Matos,17,Normal,17,0,1,17.0,16-30,2020,Goias,Vasco,False
7074,19,Palmeiras,Wesley Ribeiro Silva,77,Normal,77,0,2,77.0,76-90,2020,Palmeiras,Atletico-MG,True
7074,19,Palmeiras,Raphael Cavalcante Veiga,19,Normal,19,0,1,19.0,16-30,2020,Palmeiras,Atletico-MG,True
7074,19,Palmeiras,Rony,70,Normal,70,0,2,70.0,61-75,2020,Palmeiras,Atletico-MG,True
7075,19,Gremio,David Braz,68,Normal,68,0,2,68.0,61-75,2020,Gremio,Bragantino,True
7075,19,Gremio,Luis Manuel Orejuela,72,Normal,72,0,2,72.0,61-75,2020,Gremio,Bragantino,True
7075,19,Bragantino,Jan Hurtado,77,Normal,77,0,2,77.0,76-90,2020,Gremio,Bragantino,False
7076,20,Athletico-PR,Carlos Eduardo Ferreira de Souza,62,Normal,62,0,2,62.0,61-75,2020,Athletico-PR,Fortaleza,True
7076,20,Athletico-PR,Renato Kayzer,90+1,Normal,90,1,2,90.01,90+,2020,Athletico-PR,Fortaleza,True
7076,20,Fortaleza,Bérgson Gustavo Silveira da Silva,18,Normal,18,0,1,18.0,16-30,2020,Athletico-PR,Fortaleza,False
7077,20,Sao Paulo,Igor Gomes,79,Normal,79,0,2,79.0,76-90,2020,Sao Paulo,Goias,True
7077,20,Goias,José Fernando Viana de Santana,19,Normal,19,0,1,19.0,16-30,2020,Sao Paulo,Goias,False
7077,20,Sao Paulo,Brenner,24,Normal,24,0,1,24.0,16-30,2020,Sao Paulo,Goias,True
7078,20,Atletico-GO,Oliveira,42,Normal,42,0,1,42.0,31-45,2020,Atletico-GO,Corinthians,True
7078,20,Corinthians,Fábio Santos,57,Penalty,57,0,2,57.0,46-60,2020,Atletico-GO,Corinthians,False
7080,20,Internacional,Yuri Alberto,33,Normal,33,0,1,33.0,31-45,2020,Internacional,Coritiba,True
7080,20,Internacional,Gustavo Nonato Santana,59,Normal,59,0,2,59.0,46-60,2020,Internacional,Coritiba,True
7080,20,Coritiba,Giovanni Augusto,48,Normal,48,0,2,48.0,46-60,2020,Internacional,Coritiba,False
7080,20,Coritiba,Sabino,74,Normal,74,0,2,74.0,61-75,2020,Internacional,Coritiba,False
7079,20,Palmeiras,Luiz Adriano,73,Normal,73,0,2,73.0,61-75,2020,Vasco,Palmeiras,False
7082,20,Atletico-MG,Gustavo Henrique Vernes,4,Gol Contra,4,0,1,4.0,0-15,2020,Atletico-MG,Flamengo,True
7082,20,Atletico-MG,Keno,8,Normal,8,0,1,8.0,0-15,2020,Atletico-MG,Flamengo,True
7082,20,Atletico-MG,Eduardo Sasha,59,Normal,59,0,2,59.0,46-60,2020,Atletico-MG,Flamengo,True
7082,20,Atletico-MG,Matías Zaracho,82,Normal,82,0,2,82.0,76-90,2020,Atletico-MG,Flamengo,True
7083,20,Bahia,Rodrigo Eduardo Costa Marinho,90+9,Penalty,90,9,2,90.09,90+,2020,Bahia,Botafogo-RJ,True
7081,20,Santos,Léo Ortiz,64,Gol Contra,64,0,2,64.0,61-75,2020,Bragantino,Santos,False
7081,20,Bragantino,Léo Ortiz,90+6,Normal,90,6,2,90.06,90+,2020,Bragantino,Santos,True
7084,20,Gremio,Pepê,28,Normal,28,0,1,28.0,16-30,2020,Fluminense,Gremio,False
7064,18,Bahia,José Carlos Ferreira Júnior,24,Normal,24,0,1,24.0,16-30,2020,Bahia,Fortaleza,True
7064,18,Fortaleza,Bérgson Gustavo Silveira da Silva,65,Normal,65,0,2,65.0,61-75,2020,Bahia,Fortaleza,False
7064,18,Bahia,Gilberto Oliveira Souza Junior,71,Penalty,71,0,2,71.0,61-75,2020,Bahia,Fortaleza,True
7086,21,Vasco,Germán Cano,25,Normal,25,0,1,25.0,16-30,2020,Sport,Vasco,False
7086,21,Vasco,Germán Cano,52,Normal,52,0,2,52.0,46-60,2020,Sport,Vasco,False
7087,21,Santos,Kaio Jorge,68,Normal,68,0,2,68.0,61-75,2020,Santos,Internacional,True
7087,21,Santos,Ivonei,59,Normal,59,0,2,59.0,46-60,2020,Santos,Internacional,True
7088,21,Athletico-PR,Renato Kayzer,20,Normal,20,0,1,20.0,16-30,2020,Goias,Athletico-PR,False
7090,21,Sao Paulo,Luciano da Rocha Neves,61,Normal,61,0,2,61.0,61-75,2020,Fortaleza,Sao Paulo,False
7090,21,Fortaleza,David Corrêa da Fonseca,11,Normal,11,0,1,11.0,0-15,2020,Fortaleza,Sao Paulo,True
7090,21,Sao Paulo,Luciano da Rocha Neves,81,Normal,81,0,2,81.0,76-90,2020,Fortaleza,Sao Paulo,False
7090,21,Fortaleza,Wellington Paulista,74,Normal,74,0,2,74.0,61-75,2020,Fortaleza,Sao Paulo,True
7090,21,Sao Paulo,Gabriel Sara,40,Normal,40,0,1,40.0,31-45,2020,Fortaleza,Sao Paulo,False
7091,21,Gremio,Diego Souza,40,Normal,40,0,1,40.0,31-45,2020,Gremio,Ceara,True
7091,21,Gremio,Diego Churín,70,Normal,70,0,2,70.0,61-75,2020,Gremio,Ceara,True
7091,21,Gremio,Jean Pyerre,20,Normal,20,0,1,20.0,16-30,2020,Gremio,Ceara,True
7091,21,Ceara,Kelvyn,37,Normal,37,0,1,37.0,31-45,2020,Gremio,Ceara,False
7091,21,Gremio,Pepê,33,Normal,33,0,1,33.0,31-45,2020,Gremio,Ceara,True
7091,21,Ceara,Tiago Pagnussat,90+1,Normal,90,1,2,90.01,90+,2020,Gremio,Ceara,False
7089,21,Atletico-MG,Marrony,83,Normal,83,0,2,83.0,76-90,2020,Corinthians,Atletico-MG,False
7089,21,Corinthians,Matheus Alvarenga de Oliveira,6,Normal,6,0,1,6.0,0-15,2020,Corinthians,Atletico-MG,True
7089,21,Atletico-MG,Guilherme Arana,61,Normal,61,0,2,61.0,61-75,2020,Corinthians,Atletico-MG,False
7092,21,Palmeiras,Raphael Cavalcante Veiga,60,Normal,60,0,2,60.0,46-60,2020,Palmeiras,Fluminense,True
7092,21,Palmeiras,Raphael Cavalcante Veiga,52,Penalty,52,0,2,52.0,46-60,2020,Palmeiras,Fluminense,True
7093,21,Flamengo,Bruno Henrique,45,Normal,45,0,1,45.0,31-45,2020,Flamengo,Atletico-GO,True
7093,21,Atletico-GO,Zé Roberto,59,Normal,59,0,2,59.0,46-60,2020,Flamengo,Atletico-GO,False
7094,21,Bahia,José Élber Pimentel da Silva,36,Normal,36,0,1,36.0,31-45,2020,Coritiba,Bahia,False
7094,21,Bahia,José Carlos Cracco Neto,72,Normal,72,0,2,72.0,61-75,2020,Coritiba,Bahia,False
7094,21,Coritiba,Giovanni Augusto,3,Normal,3,0,1,3.0,0-15,2020,Coritiba,Bahia,True
7095,21,Bragantino,Claudinho,86,Penalty,86,0,2,86.0,76-90,2020,Botafogo-RJ,Bragantino,False
7095,21,Botafogo-RJ,Matheus Babi,44,Normal,44,0,1,44.0,31-45,2020,Botafogo-RJ,Bragantino,True
7095,21,Bragantino,Ytalo José dos Santos,45+1,Normal,45,1,1,45.01,45+,2020,Botafogo-RJ,Bragantino,False
6954,6,Athletico-PR,Christian Roberto Alves Cardoso,35,Normal,35,0,1,35.0,31-45,2020,Atletico-MG,Athletico-PR,False
6954,6,Athletico-PR,Nikão,45+1,Normal,45,1,1,45.01,45+,2020,Atletico-MG,Athletico-PR,False
7096,22,Bragantino,Claudinho,4,Normal,4,0,1,4.0,0-15,2020,Bragantino,Bahia,True
7096,22,Bragantino,Claudinho,11,Normal,11,0,1,11.0,0-15,2020,Bragantino,Bahia,True
7096,22,Bragantino,Ytalo José dos Santos,21,Normal,21,0,1,21.0,16-30,2020,Bragantino,Bahia,True
7096,22,Bragantino,Hélio Junio Nunes de Castro,51,Normal,51,0,2,51.0,46-60,2020,Bragantino,Bahia,True
7097,22,Athletico-PR,Thiago Heleno,76,Normal,76,0,2,76.0,76-90,2020,Athletico-PR,Santos,True
7098,22,Coritiba,Mattheus Oliveira,90+3,Normal,90,3,2,90.03,90+,2020,Flamengo,Coritiba,False
7098,22,Flamengo,Bruno Henrique,3,Normal,3,0,1,3.0,0-15,2020,Flamengo,Coritiba,True
7098,22,Flamengo,Giorgian De Arrascaeta,27,Normal,27,0,1,27.0,16-30,2020,Flamengo,Coritiba,True
7098,22,Flamengo,Renê Rodrigues Martins,76,Normal,76,0,2,76.0,76-90,2020,Flamengo,Coritiba,True
7099,22,Goias,Miguel Figueira,90+3,Normal,90,3,2,90.03,90+,2020,Goias,Palmeiras,True
7101,22,Ceara,Lima,48,Normal,48,0,2,48.0,46-60,2020,Ceara,Atletico-MG,True
7101,22,Ceara,Felipe Vizeu,56,Normal,56,0,2,56.0,46-60,2020,Ceara,Atletico-MG,True
7101,22,Atletico-MG,Eduardo Sasha,29,Normal,29,0,1,29.0,16-30,2020,Ceara,Atletico-MG,False
7101,22,Atletico-MG,Keno,74,Penalty,74,0,2,74.0,61-75,2020,Ceara,Atletico-MG,False
7100,22,Sao Paulo,Luciano da Rocha Neves,33,Normal,33,0,1,33.0,31-45,2020,Sao Paulo,Vasco,True
7100,22,Vasco,Germán Cano,19,Normal,19,0,1,19.0,16-30,2020,Sao Paulo,Vasco,False
7102,22,Fluminense,Lucca Borges de Brito,57,Normal,57,0,2,57.0,46-60,2020,Internacional,Fluminense,False
7102,22,Fluminense,Caio Paulista,81,Normal,81,0,2,81.0,76-90,2020,Internacional,Fluminense,False
7102,22,Internacional,Maurício,15,Normal,15,0,1,15.0,0-15,2020,Internacional,Fluminense,True
7103,22,Fortaleza,David Corrêa da Fonseca,79,Normal,79,0,2,79.0,76-90,2020,Botafogo-RJ,Fortaleza,False
7103,22,Botafogo-RJ,Warley,81,Normal,81,0,2,81.0,76-90,2020,Botafogo-RJ,Fortaleza,True
7103,22,Fortaleza,Bérgson Gustavo Silveira da Silva,61,Normal,61,0,2,61.0,61-75,2020,Botafogo-RJ,Fortaleza,False
7105,22,Atletico-GO,Janderson,61,Normal,61,0,2,61.0,61-75,2020,Sport,Atletico-GO,False
7045,16,Sao Paulo,Diego Costa,11,Normal,11,0,1,11.0,0-15,2020,Ceara,Sao Paulo,False
7045,16,Ceara,Léo Chú,47,Normal,47,0,2,47.0,46-60,2020,Ceara,Sao Paulo,True
7106,23,Botafogo-RJ,Marcelo da Conceição Benevenuto Malaquias,53,Normal,53,0,2,53.0,46-60,2020,Atletico-MG,Botafogo-RJ,False
7106,23,Atletico-MG,Jefferson Savarino,17,Normal,17,0,1,17.0,16-30,2020,Atletico-MG,Botafogo-RJ,True
7106,23,Atletico-MG,Eduardo Sasha,50,Normal,50,0,2,50.0,46-60,2020,Atletico-MG,Botafogo-RJ,True
7107,23,Corinthians,Fábio Santos,21,Penalty,21,0,1,21.0,16-30,2020,Coritiba,Corinthians,False
7108,23,Fortaleza,Wellington Paulista,61,Normal,61,0,2,61.0,61-75,2020,Fortaleza,Goias,True
7108,23,Goias,José Fernando Viana de Santana,24,Normal,24,0,1,24.0,16-30,2020,Fortaleza,Goias,False
7110,23,Sport,Marquinhos,28,Normal,28,0,1,28.0,16-30,2020,Santos,Sport,False
7110,23,Santos,Mário Sérgio Santos Costa,7,Penalty,7,0,1,7.0,0-15,2020,Santos,Sport,True
7110,23,Sport,Leandro Barcia Montero,45,Normal,45,0,1,45.0,31-45,2020,Santos,Sport,False
7110,23,Santos,Yeferson Soteldo,82,Penalty,82,0,2,82.0,76-90,2020,Santos,Sport,True
7110,23,Santos,Lucas Braga Ribeiro,11,Normal,11,0,1,11.0,0-15,2020,Santos,Sport,True
7110,23,Santos,Bruno Henrique Marques Torres,71,Normal,71,0,2,71.0,61-75,2020,Santos,Sport,True
7109,23,Palmeiras,Rony,36,Normal,36,0,1,36.0,31-45,2020,Palmeiras,Athletico-PR,True
7109,23,Palmeiras,Rony,50,Normal,50,0,2,50.0,46-60,2020,Palmeiras,Athletico-PR,True
7109,23,Palmeiras,Patrick de Paula,8,Normal,8,0,1,8.0,0-15,2020,Palmeiras,Athletico-PR,True
7111,23,Sao Paulo,Luciano da Rocha Neves,74,Normal,74,0,2,74.0,61-75,2020,Bahia,Sao Paulo,False
7111,23,Sao Paulo,Robert Arboleda,66,Normal,66,0,2,66.0,61-75,2020,Bahia,Sao Paulo,False
7111,23,Bahia,Clayson Henrique da Silva Vieira,81,Normal,81,0,2,81.0,76-90,2020,Bahia,Sao Paulo,True
7111,23,Sao Paulo,Luciano da Rocha Neves,52,Normal,52,0,2,52.0,46-60,2020,Bahia,Sao Paulo,False
6955,6,Gremio,Maicon,65,Normal,65,0,2,65.0,61-75,2020,Gremio,Goias,True
6955,6,Goias,João Marcos Lima Candido,70,Normal,70,0,2,70.0,61-75,2020,Gremio,Goias,False
6955,6,Gremio,Jean Pyerre,19,Normal,19,0,1,19.0,16-30,2020,Gremio,Goias,True
7113,23,Ceara,Saulo Mineiro,79,Normal,79,0,2,79.0,76-90,2020,Vasco,Ceara,False
7113,23,Ceara,Pedro Henrique Naressi Machado,4,Normal,4,0,1,4.0,0-15,2020,Vasco,Ceara,False
7113,23,Vasco,Ribamar,65,Penalty,65,0,2,65.0,61-75,2020,Vasco,Ceara,True
7113,23,Ceara,Cléber,26,Normal,26,0,1,26.0,16-30,2020,Vasco,Ceara,False
7113,23,Ceara,Vinícius,90,Penalty,90,0,2,90.0,76-90,2020,Vasco,Ceara,False
6894,1,Sao Paulo,Hernanes,83,Normal,83,0,2,83.0,76-90,2020,Goias,Sao Paulo,False
6894,1,Sao Paulo,Igor Gomes,19,Normal,19,0,1,19.0,16-30,2020,Goias,Sao Paulo,False
6894,1,Sao Paulo,Brenner,49,Normal,49,0,2,49.0,46-60,2020,Goias,Sao Paulo,False
7118,24,Flamengo,Éverton Ribeiro,55,Normal,55,0,2,55.0,46-60,2020,Botafogo-RJ,Flamengo,False
7117,24,Santos,Mário Sérgio Santos Costa,71,Normal,71,0,2,71.0,61-75,2020,Santos,Palmeiras,True
7117,24,Palmeiras,Raphael Cavalcante Veiga,55,Penalty,55,0,2,55.0,46-60,2020,Santos,Palmeiras,False
7117,24,Palmeiras,Willian Gomes de Siqueira,63,Normal,63,0,2,63.0,61-75,2020,Santos,Palmeiras,False
7117,24,Santos,Diego Pituca,38,Normal,38,0,1,38.0,31-45,2020,Santos,Palmeiras,True
7119,24,Fluminense,Marcos Paulo Costa do Nascimento,73,Normal,73,0,2,73.0,61-75,2020,Fluminense,Athletico-PR,True
7119,24,Fluminense,Marcos Paulo Costa do Nascimento,75,Normal,75,0,2,75.0,61-75,2020,Fluminense,Athletico-PR,True
7119,24,Athletico-PR,Léo Cittadini,10,Normal,10,0,1,10.0,0-15,2020,Fluminense,Athletico-PR,False
7119,24,Fluminense,Nenê,26,Normal,26,0,1,26.0,16-30,2020,Fluminense,Athletico-PR,True
7120,24,Ceara,Saulo Mineiro,90+5,Normal,90,5,2,90.05,90+,2020,Bahia,Ceara,False
7120,24,Ceara,Vinícius,82,Normal,82,0,2,82.0,76-90,2020,Bahia,Ceara,False
7122,24,Sao Paulo,Luciano da Rocha Neves,14,Normal,14,0,1,14.0,0-15,2020,Sao Paulo,Sport,True
7123,24,Gremio,César Pinares,55,Normal,55,0,2,55.0,46-60,2020,Gremio,Vasco,True
7123,24,Gremio,Lucas Silva Borges,90+3,Penalty,90,3,2,90.03,90+,2020,Gremio,Vasco,True
7123,24,Gremio,Diego Souza,41,Normal,41,0,1,41.0,31-45,2020,Gremio,Vasco,True
7123,24,Gremio,Diego Souza,53,Normal,53,0,2,53.0,46-60,2020,Gremio,Vasco,True
7124,24,Atletico-MG,Hyoran,61,Normal,61,0,2,61.0,61-75,2020,Atletico-MG,Internacional,True
7124,24,Atletico-MG,Damián Musto,11,Gol Contra,11,0,1,11.0,0-15,2020,Atletico-MG,Internacional,True
7124,24,Internacional,Yuri Alberto,9,Normal,9,0,1,9.0,0-15,2020,Atletico-MG,Internacional,False
7124,24,Internacional,João Peglow,88,Normal,88,0,2,88.0,76-90,2020,Atletico-MG,Internacional,False
7125,24,Goias,Rafael Moura,26,Normal,26,0,1,26.0,16-30,2020,Atletico-GO,Goias,False
7065,18,Sao Paulo,Hernanes,90,Normal,90,0,2,90.0,76-90,2020,Sao Paulo,Botafogo-RJ,True
7065,18,Sao Paulo,Brenner,10,Normal,10,0,1,10.0,0-15,2020,Sao Paulo,Botafogo-RJ,True
7065,18,Sao Paulo,Brenner,27,Normal,27,0,1,27.0,16-30,2020,Sao Paulo,Botafogo-RJ,True
7065,18,Sao Paulo,Reinaldo Manoel da Silva,45+3,Penalty,45,3,1,45.03,45+,2020,Sao Paulo,Botafogo-RJ,True
7126,25,Atletico-MG,Eduardo Vargas,44,Normal,44,0,1,44.0,31-45,2020,Athletico-PR,Atletico-MG,False
7127,25,Bragantino,Luan Cândido,13,Normal,13,0,1,13.0,0-15,2020,Bragantino,Fortaleza,True
7127,25,Fortaleza,Paulo Roberto Valoura Junior,45+1,Penalty,45,1,1,45.01,45+,2020,Bragantino,Fortaleza,False
7127,25,Bragantino,Thonny Anderson,88,Normal,88,0,2,88.0,76-90,2020,Bragantino,Fortaleza,True
7128,25,Internacional,Patrick,36,Normal,36,0,1,36.0,31-45,2020,Internacional,Botafogo-RJ,True
7128,25,Internacional,Yuri Alberto,67,Normal,67,0,2,67.0,61-75,2020,Internacional,Botafogo-RJ,True
7128,25,Botafogo-RJ,Pedro Raúl,28,Normal,28,0,1,28.0,16-30,2020,Internacional,Botafogo-RJ,False
7129,25,Palmeiras,Rony,43,Normal,43,0,1,43.0,31-45,2020,Palmeiras,Bahia,True
7129,25,Palmeiras,Willian Gomes de Siqueira,6,Normal,6,0,1,6.0,0-15,2020,Palmeiras,Bahia,True
7129,25,Palmeiras,Raphael Cavalcante Veiga,36,Penalty,36,0,1,36.0,31-45,2020,Palmeiras,Bahia,True
7131,25,Atletico-GO,Jean Paulo Fernandes Filho,78,Penalty,78,0,2,78.0,76-90,2020,Ceara,Atletico-GO,False
7131,25,Ceara,Léo Chú,60,Normal,60,0,2,60.0,46-60,2020,Ceara,Atletico-GO,True
7131,25,Atletico-GO,Roberson,90,Normal,90,0,2,90.0,76-90,2020,Ceara,Atletico-GO,False
7132,25,Flamengo,Filipe Luís,58,Normal,58,0,2,58.0,46-60,2020,Flamengo,Santos,True
7132,25,Santos,Bruno Henrique Marques Torres,75,Normal,75,0,2,75.0,61-75,2020,Flamengo,Santos,False
7132,25,Flamengo,Gabriel Barbosa,50,Penalty,50,0,2,50.0,46-60,2020,Flamengo,Santos,True
7132,25,Flamengo,Gabriel Barbosa,71,Penalty,71,0,2,71.0,61-75,2020,Flamengo,Santos,True
7132,25,Flamengo,Gerson Santos da Silva,42,Normal,42,0,1,42.0,31-45,2020,Flamengo,Santos,True
7133,25,Corinthians,Rómulo Otero,25,Normal,25,0,1,25.0,16-30,2020,Corinthians,Sao Paulo,True
7134,25,Sport,Thiago Neves,38,Normal,38,0,1,38.0,31-45,2020,Sport,Coritiba,True
7135,25,Vasco,Germán Cano,90+2,Normal,90,2,2,90.02,90+,2020,Vasco,Fluminense,True
7135,25,Fluminense,Wellington Alves da Silva,10,Normal,10,0,1,10.0,0-15,2020,Vasco,Fluminense,False
7136,26,Sao Paulo,Jonas Toró,90+1,Normal,90,1,2,90.01,90+,2020,Sao Paulo,Atletico-MG,True
7136,26,Sao Paulo,Igor Gomes,25,Normal,25,0,1,25.0,16-30,2020,Sao Paulo,Atletico-MG,True
7136,26,Sao Paulo,Gabriel Sara,83,Normal,83,0,2,83.0,76-90,2020,Sao Paulo,Atletico-MG,True
7137,26,Atletico-GO,Wellington Soares da Silva,43,Normal,43,0,1,43.0,31-45,2020,Atletico-GO,Fluminense,True
7137,26,Fluminense,Wanderson Felipe Cardoso dos Santos,90+3,Normal,90,3,2,90.03,90+,2020,Atletico-GO,Fluminense,False
7137,26,Atletico-GO,Jean Paulo Fernandes Filho,87,Penalty,87,0,2,87.0,76-90,2020,Atletico-GO,Fluminense,True
7138,26,Gremio,Pepê,73,Penalty,73,0,2,73.0,61-75,2020,Sport,Gremio,False
7138,26,Sport,Dalberto,9,Normal,9,0,1,9.0,0-15,2020,Sport,Gremio,True
7139,26,Internacional,Edenílson Andrade dos Santos,11,Normal,11,0,1,11.0,0-15,2020,Internacional,Palmeiras,True
7139,26,Internacional,Yuri Alberto,83,Normal,83,0,2,83.0,76-90,2020,Internacional,Palmeiras,True
7140,26,Botafogo-RJ,Pedro Raúl,82,Penalty,82,0,2,82.0,76-90,2020,Coritiba,Botafogo-RJ,False
7140,26,Coritiba,Neilton Mestzk,27,Normal,27,0,1,27.0,16-30,2020,Coritiba,Botafogo-RJ,True
7140,26,Botafogo-RJ,Pedro Raúl,75,Normal,75,0,2,75.0,61-75,2020,Coritiba,Botafogo-RJ,False
7142,26,Vasco,Carlinhos,9,Normal,9,0,1,9.0,0-15,2020,Vasco,Santos,True
7141,26,Athletico-PR,Renato Kayzer,26,Normal,26,0,1,26.0,16-30,2020,Bragantino,Athletico-PR,False
7143,26,Flamengo,Pedro,82,Normal,82,0,2,82.0,76-90,2020,Flamengo,Bahia,True
7143,26,Bahia,Gilberto Oliveira Souza Junior,59,Normal,59,0,2,59.0,46-60,2020,Flamengo,Bahia,False
7143,26,Flamengo,Victor Vinícius Coelho Santos,90,Normal,90,0,2,90.0,76-90,2020,Flamengo,Bahia,True
7143,26,Flamengo,Bruno Henrique,5,Normal,5,0,1,5.0,0-15,2020,Flamengo,Bahia,True
7143,26,Bahia,Juan Pablo Ramírez Velásquez,50,Normal,50,0,2,50.0,46-60,2020,Flamengo,Bahia,False
7143,26,Flamengo,Mauricio Isla,33,Normal,33,0,1,33.0,31-45,2020,Flamengo,Bahia,True
7143,26,Bahia,Gilberto Oliveira Souza Junior,56,Normal,56,0,2,56.0,46-60,2020,Flamengo,Bahia,False
7144,26,Ceara,Lima,47,Normal,47,0,2,47.0,46-60,2020,Fortaleza,Ceara,False
7144,26,Ceara,Cléber,54,Normal,54,0,2,54.0,46-60,2020,Fortaleza,Ceara,False
7145,26,Corinthians,Jô,51,Normal,51,0,2,51.0,46-60,2020,Corinthians,Goias,True
7145,26,Goias,José Fernando Viana de Santana,3,Normal,3,0,1,3.0,0-15,2020,Corinthians,Goias,False
7145,26,Corinthians,Gustavo Mosquito,14,Normal,14,0,1,14.0,0-15,2020,Corinthians,Goias,True
7146,27,Atletico-MG,Hyoran,66,Normal,66,0,2,66.0,61-75,2020,Atletico-MG,Coritiba,True
7146,27,Atletico-MG,Eduardo Sasha,83,Normal,83,0,2,83.0,76-90,2020,Atletico-MG,Coritiba,True
7147,27,Goias,José Fernando Viana de Santana,5,Normal,5,0,1,5.0,0-15,2020,Goias,Sport,True
7149,27,Fluminense,Fred,52,Normal,52,0,2,52.0,46-60,2020,Fluminense,Sao Paulo,True
7149,27,Sao Paulo,Brenner,15,Normal,15,0,1,15.0,0-15,2020,Fluminense,Sao Paulo,False
7149,27,Sao Paulo,Brenner,72,Normal,72,0,2,72.0,61-75,2020,Fluminense,Sao Paulo,False
7150,27,Corinthians,Juan Cazares,34,Normal,34,0,1,34.0,31-45,2020,Botafogo-RJ,Corinthians,False
7150,27,Corinthians,Mateus Vital,90+5,Normal,90,5,2,90.05,90+,2020,Botafogo-RJ,Corinthians,False
7151,27,Bahia,Juan Pablo Ramírez Velásquez,69,Normal,69,0,2,69.0,61-75,2020,Bahia,Internacional,True
7151,27,Internacional,Thiago Galhardo,48,Penalty,48,0,2,48.0,46-60,2020,Bahia,Internacional,False
7151,27,Internacional,Rodrigo Dourado,45+1,Normal,45,1,1,45.01,45+,2020,Bahia,Internacional,False
7152,27,Athletico-PR,Nikão,10,Normal,10,0,1,10.0,0-15,2020,Athletico-PR,Vasco,True
7152,27,Athletico-PR,Carlos Eduardo Ferreira de Souza,38,Normal,38,0,1,38.0,31-45,2020,Athletico-PR,Vasco,True
7152,27,Athletico-PR,Carlos Eduardo Ferreira de Souza,61,Normal,61,0,2,61.0,61-75,2020,Athletico-PR,Vasco,True
7153,27,Palmeiras,Luiz Adriano,28,Normal,28,0,1,28.0,16-30,2020,Palmeiras,Bragantino,True
7154,27,Santos,Mário Sérgio Santos Costa,11,Normal,11,0,1,11.0,0-15,2020,Santos,Ceara,True
7154,27,Ceara,Samuel Xavier,37,Normal,37,0,1,37.0,31-45,2020,Santos,Ceara,False
7155,27,Gremio,Diego Churín,62,Normal,62,0,2,62.0,61-75,2020,Gremio,Atletico-GO,True
7155,27,Gremio,Dudu,44,Gol Contra,44,0,1,44.0,31-45,2020,Gremio,Atletico-GO,True
7155,27,Atletico-GO,Gustavo Ferrareis,57,Normal,57,0,2,57.0,46-60,2020,Gremio,Atletico-GO,False
7156,28,Gremio,Vanderson de Oliveira Campos,16,Normal,16,0,1,16.0,16-30,2020,Gremio,Bahia,True
7156,28,Gremio,Diego Souza,54,Normal,54,0,2,54.0,46-60,2020,Gremio,Bahia,True
7156,28,Bahia,Anderson Martins,47,Normal,47,0,2,47.0,46-60,2020,Gremio,Bahia,False
7157,28,Athletico-PR,Léo Cittadini,48,Normal,48,0,2,48.0,46-60,2020,Botafogo-RJ,Athletico-PR,False
7157,28,Athletico-PR,Renato Kayzer,31,Normal,31,0,1,31.0,31-45,2020,Botafogo-RJ,Athletico-PR,False
7159,28,Sport,Thiago Neves,10,Normal,10,0,1,10.0,0-15,2020,Sport,Fortaleza,True
7158,28,Coritiba,Robson Fernandes,59,Normal,59,0,2,59.0,46-60,2020,Coritiba,Goias,True
7158,28,Goias,Fábio Sanches,21,Normal,21,0,1,21.0,16-30,2020,Coritiba,Goias,False
7158,28,Goias,Rafael Moura,30,Normal,30,0,1,30.0,16-30,2020,Coritiba,Goias,False
7160,28,Flamengo,Giorgian De Arrascaeta,40,Normal,40,0,1,40.0,31-45,2020,Flamengo,Fluminense,True
7160,28,Fluminense,Luccas Claro,55,Normal,55,0,2,55.0,46-60,2020,Flamengo,Fluminense,False
7160,28,Fluminense,Yago Rocha,90+3,Normal,90,3,2,90.03,90+,2020,Flamengo,Fluminense,False
7161,28,Bragantino,Claudinho,4,Normal,4,0,1,4.0,0-15,2020,Bragantino,Sao Paulo,True
7161,28,Sao Paulo,Danilo Neves,16,Normal,16,0,1,16.0,16-30,2020,Bragantino,Sao Paulo,False
7161,28,Bragantino,Raul,14,Normal,14,0,1,14.0,0-15,2020,Bragantino,Sao Paulo,True
7161,28,Sao Paulo,Gonzalo Carneiro,90+5,Normal,90,5,2,90.05,90+,2020,Bragantino,Sao Paulo,False
7161,28,Bragantino,Fabrício Bruno,18,Normal,18,0,1,18.0,16-30,2020,Bragantino,Sao Paulo,True
7161,28,Bragantino,Artur Victor Guimarães,45,Normal,45,0,1,45.0,31-45,2020,Bragantino,Sao Paulo,True
7162,28,Internacional,Caio Vidal,53,Normal,53,0,2,53.0,46-60,2020,Ceara,Internacional,False
7162,28,Internacional,Yuri Alberto,77,Normal,77,0,2,77.0,76-90,2020,Ceara,Internacional,False
7166,29,Palmeiras,Willian Gomes de Siqueira,27,Normal,27,0,1,27.0,16-30,2020,Sport,Palmeiras,False
7169,29,Santos,Jobson Souza Santos,46,Normal,46,0,2,46.0,46-60,2020,Sao Paulo,Santos,False
7170,29,Ceara,Vinícius,13,Normal,13,0,1,13.0,0-15,2020,Flamengo,Ceara,False
7170,29,Ceara,Kelvyn,90,Normal,90,0,2,90.0,76-90,2020,Flamengo,Ceara,False
7171,29,Atletico-GO,Matheus,7,Normal,7,0,1,7.0,0-15,2020,Atletico-GO,Bahia,True
7171,29,Bahia,Gabriel Novaes,75,Normal,75,0,2,75.0,61-75,2020,Atletico-GO,Bahia,False
7172,29,Internacional,Bruno Praxedes,43,Normal,43,0,1,43.0,31-45,2020,Internacional,Goias,True
7173,29,Vasco,Talles Magno,22,Normal,22,0,1,22.0,16-30,2020,Vasco,Botafogo-RJ,True
7173,29,Vasco,Andrey,77,Normal,77,0,2,77.0,76-90,2020,Vasco,Botafogo-RJ,True
7173,29,Vasco,Yago Pikachu,90+6,Penalty,90,6,2,90.06,90+,2020,Vasco,Botafogo-RJ,True
7174,29,Bragantino,Edimar Fraga,67,Normal,67,0,2,67.0,61-75,2020,Bragantino,Atletico-MG,True
7174,29,Atletico-MG,Hyoran,90+10,Penalty,90,10,2,90.1,90+,2020,Bragantino,Atletico-MG,False
7174,29,Atletico-MG,Jefferson Savarino,55,Normal,55,0,2,55.0,46-60,2020,Bragantino,Atletico-MG,False
7174,29,Bragantino,Ricardo Ryller,45+1,Normal,45,1,1,45.01,45+,2020,Bragantino,Atletico-MG,True
7175,29,Corinthians,Fagner,62,Normal,62,0,2,62.0,61-75,2020,Corinthians,Fluminense,True
7175,29,Corinthians,Mateus Vital,67,Normal,67,0,2,67.0,61-75,2020,Corinthians,Fluminense,True
7175,29,Corinthians,Jô,25,Normal,25,0,1,25.0,16-30,2020,Corinthians,Fluminense,True
7175,29,Corinthians,Luan Guilherme de Jesus Vieira,90+1,Normal,90,1,2,90.01,90+,2020,Corinthians,Fluminense,True
7175,29,Corinthians,Juan Cazares,56,Normal,56,0,2,56.0,46-60,2020,Corinthians,Fluminense,True
7176,30,Gremio,Diego Souza,88,Normal,88,0,2,88.0,76-90,2020,Palmeiras,Gremio,False
7176,30,Palmeiras,Raphael Cavalcante Veiga,33,Normal,33,0,1,33.0,31-45,2020,Palmeiras,Gremio,True
7177,30,Fluminense,Patric Cabral Lalau,49,Gol Contra,49,0,2,49.0,46-60,2020,Fluminense,Sport,True
7178,30,Coritiba,Hugo Moura,44,Normal,44,0,1,44.0,31-45,2020,Vasco,Coritiba,False
7179,30,Athletico-PR,Renato Kayzer,39,Normal,39,0,1,39.0,31-45,2020,Athletico-PR,Sao Paulo,True
7179,30,Sao Paulo,Danilo Neves,61,Normal,61,0,2,61.0,61-75,2020,Athletico-PR,Sao Paulo,False
7180,30,Santos,Yeferson Soteldo,4,Normal,4,0,1,4.0,0-15,2020,Santos,Botafogo-RJ,True
7180,30,Santos,Bruno Henrique Marques Torres,82,Normal,82,0,2,82.0,76-90,2020,Santos,Botafogo-RJ,True
7180,30,Botafogo-RJ,Pedro Raúl,45+2,Penalty,45,2,1,45.02,45+,2020,Santos,Botafogo-RJ,False
7181,30,Atletico-MG,Jair Rodrigues Júnior,62,Normal,62,0,2,62.0,61-75,2020,Atletico-MG,Atletico-GO,True
7181,30,Atletico-GO,Janderson,75,Normal,75,0,2,75.0,61-75,2020,Atletico-MG,Atletico-GO,False
7181,30,Atletico-MG,Hyoran,13,Normal,13,0,1,13.0,0-15,2020,Atletico-MG,Atletico-GO,True
7181,30,Atletico-MG,Junior Alonso,42,Normal,42,0,1,42.0,31-45,2020,Atletico-MG,Atletico-GO,True
7182,30,Bragantino,Claudinho,90+7,Penalty,90,7,2,90.07,90+,2020,Ceara,Bragantino,False
7182,30,Ceara,Lima,62,Penalty,62,0,2,62.0,61-75,2020,Ceara,Bragantino,True
7182,30,Bragantino,Claudinho,56,Penalty,56,0,2,56.0,46-60,2020,Ceara,Bragantino,False
7183,30,Internacional,João Peglow,71,Normal,71,0,2,71.0,61-75,2020,Internacional,Fortaleza,True
7183,30,Internacional,Carlos Emiliano Pereira,77,Gol Contra,77,0,2,77.0,76-90,2020,Internacional,Fortaleza,True
7183,30,Fortaleza,Romarinho,56,Normal,56,0,2,56.0,46-60,2020,Internacional,Fortaleza,False
7183,30,Fortaleza,Wellington Paulista,14,Penalty,14,0,1,14.0,0-15,2020,Internacional,Fortaleza,False
7183,30,Internacional,Yuri Alberto,4,Normal,4,0,1,4.0,0-15,2020,Internacional,Fortaleza,True
7183,30,Internacional,Rodrigo Dourado,10,Normal,10,0,1,10.0,0-15,2020,Internacional,Fortaleza,True
7164,28,Palmeiras,Raphael Cavalcante Veiga,34,Normal,34,0,1,34.0,31-45,2020,Palmeiras,Corinthians,True
7164,28,Palmeiras,Raphael Cavalcante Veiga,48,Normal,48,0,2,48.0,46-60,2020,Palmeiras,Corinthians,True
7164,28,Palmeiras,Luiz Adriano,45,Normal,45,0,1,45.0,31-45,2020,Palmeiras,Corinthians,True
7164,28,Palmeiras,Luiz Adriano,66,Normal,66,0,2,66.0,61-75,2020,Palmeiras,Corinthians,True
7184,30,Flamengo,Pedro,90+4,Normal,90,4,2,90.04,90+,2020,Goias,Flamengo,False
7184,30,Flamengo,Giorgian De Arrascaeta,42,Normal,42,0,1,42.0,31-45,2020,Goias,Flamengo,False
7184,30,Flamengo,Gabriel Barbosa,63,Normal,63,0,2,63.0,61-75,2020,Goias,Flamengo,False
7186,31,Botafogo-RJ,Matheus Babi,63,Normal,63,0,2,63.0,61-75,2020,Botafogo-RJ,Atletico-GO,True
7186,31,Atletico-GO,Danilo Gomes,66,Normal,66,0,2,66.0,61-75,2020,Botafogo-RJ,Atletico-GO,False
7186,31,Atletico-GO,Zé Roberto,79,Normal,79,0,2,79.0,76-90,2020,Botafogo-RJ,Atletico-GO,False
7186,31,Atletico-GO,Vitor Leque,90+2,Normal,90,2,2,90.02,90+,2020,Botafogo-RJ,Atletico-GO,False
7187,31,Bahia,Thiago Andrade,65,Normal,65,0,2,65.0,61-75,2020,Bahia,Athletico-PR,True
7188,31,Gremio,Éverton Cardoso da Silva,85,Normal,85,0,2,85.0,76-90,2020,Gremio,Atletico-MG,True
7188,31,Atletico-MG,Hyoran,31,Penalty,31,0,1,31.0,31-45,2020,Gremio,Atletico-MG,False
7189,31,Coritiba,Robson Fernandes,76,Normal,76,0,2,76.0,76-90,2020,Coritiba,Fluminense,True
7189,31,Fluminense,John Kennedy,59,Normal,59,0,2,59.0,46-60,2020,Coritiba,Fluminense,False
7189,31,Coritiba,Luiz Henrique,3,Normal,3,0,1,3.0,0-15,2020,Coritiba,Fluminense,True
7189,31,Fluminense,Fred,71,Normal,71,0,2,71.0,61-75,2020,Coritiba,Fluminense,False
7189,31,Coritiba,Natanael,33,Normal,33,0,1,33.0,31-45,2020,Coritiba,Fluminense,True
7189,31,Fluminense,Caio Paulista,90+1,Normal,90,1,2,90.01,90+,2020,Coritiba,Fluminense,False
7191,31,Bragantino,Claudinho,86,Normal,86,0,2,86.0,76-90,2020,Bragantino,Vasco,True
7191,31,Bragantino,Jan Hurtado,90+3,Normal,90,3,2,90.03,90+,2020,Bragantino,Vasco,True
7191,31,Bragantino,Eric dos Santos Rodrigues,15,Normal,15,0,1,15.0,0-15,2020,Bragantino,Vasco,True
7191,31,Vasco,Gabriel Pec,78,Normal,78,0,2,78.0,76-90,2020,Bragantino,Vasco,False
7191,31,Bragantino,Claudinho,72,Normal,72,0,2,72.0,61-75,2020,Bragantino,Vasco,True
7190,31,Sao Paulo,Luciano da Rocha Neves,36,Normal,36,0,1,36.0,31-45,2020,Sao Paulo,Internacional,True
7190,31,Internacional,Yuri Alberto,66,Normal,66,0,2,66.0,61-75,2020,Sao Paulo,Internacional,False
7190,31,Internacional,Víctor Cuesta,8,Normal,8,0,1,8.0,0-15,2020,Sao Paulo,Internacional,False
7190,31,Internacional,Yuri Alberto,68,Normal,68,0,2,68.0,61-75,2020,Sao Paulo,Internacional,False
7190,31,Internacional,Caio Vidal,24,Normal,24,0,1,24.0,16-30,2020,Sao Paulo,Internacional,False
7190,31,Internacional,Yuri Alberto,60,Normal,60,0,2,60.0,46-60,2020,Sao Paulo,Internacional,False
7192,31,Flamengo,Luan Garcia Teixeira,45+1,Gol Contra,45,1,1,45.01,45+,2020,Flamengo,Palmeiras,True
7192,31,Flamengo,Pepê,83,Normal,83,0,2,83.0,76-90,2020,Flamengo,Palmeiras,True
7193,31,Fortaleza,Wellington Paulista,66,Normal,66,0,2,66.0,61-75,2020,Fortaleza,Santos,True
7193,31,Fortaleza,Paulo Roberto Valoura Junior,48,Penalty,48,0,2,48.0,46-60,2020,Fortaleza,Santos,True
7194,31,Ceara,Vinícius,52,Penalty,52,0,2,52.0,46-60,2020,Goias,Ceara,False
7194,31,Ceara,Lima,18,Normal,18,0,1,18.0,16-30,2020,Goias,Ceara,False
7194,31,Ceara,Fernando Sobral,45+2,Normal,45,2,1,45.02,45+,2020,Goias,Ceara,False
7194,31,Ceara,Vinícius,63,Normal,63,0,2,63.0,61-75,2020,Goias,Ceara,False
7195,31,Corinthians,Gustavo Mosquito,34,Normal,34,0,1,34.0,31-45,2020,Corinthians,Sport,True
7195,31,Corinthians,Mateus Vital,47,Normal,47,0,2,47.0,46-60,2020,Corinthians,Sport,True
7195,31,Corinthians,Jô,80,Normal,80,0,2,80.0,76-90,2020,Corinthians,Sport,True
7196,32,Coritiba,Martín Sarrafiore,82,Normal,82,0,2,82.0,76-90,2020,Sao Paulo,Coritiba,False
7196,32,Sao Paulo,Luciano da Rocha Neves,59,Normal,59,0,2,59.0,46-60,2020,Sao Paulo,Coritiba,True
7197,32,Atletico-MG,Hyoran,67,Normal,67,0,2,67.0,61-75,2020,Vasco,Atletico-MG,False
7197,32,Vasco,Germán Cano,18,Normal,18,0,1,18.0,16-30,2020,Vasco,Atletico-MG,True
7197,32,Atletico-MG,Eduardo Sasha,90+4,Normal,90,4,2,90.04,90+,2020,Vasco,Atletico-MG,False
7197,32,Vasco,Germán Cano,59,Normal,59,0,2,59.0,46-60,2020,Vasco,Atletico-MG,True
7197,32,Vasco,Yago Pikachu,32,Normal,32,0,1,32.0,31-45,2020,Vasco,Atletico-MG,True
7198,32,Internacional,Edenílson Andrade dos Santos,90+8,Penalty,90,8,2,90.08,90+,2020,Internacional,Gremio,True
7198,32,Internacional,Abel Hernández,90,Normal,90,0,2,90.0,76-90,2020,Internacional,Gremio,True
7198,32,Gremio,Jean Pyerre,76,Normal,76,0,2,76.0,76-90,2020,Internacional,Gremio,False
7200,32,Palmeiras,Gabriel Veron,34,Normal,34,0,1,34.0,31-45,2020,Ceara,Palmeiras,False
7200,32,Ceara,Vinícius,29,Penalty,29,0,1,29.0,16-30,2020,Ceara,Palmeiras,True
7200,32,Ceara,Lima,10,Normal,10,0,1,10.0,0-15,2020,Ceara,Palmeiras,True
7199,32,Athletico-PR,Abner Vinícius,25,Normal,25,0,1,25.0,16-30,2020,Athletico-PR,Flamengo,True
7199,32,Athletico-PR,Renato Kayzer,83,Normal,83,0,2,83.0,76-90,2020,Athletico-PR,Flamengo,True
7199,32,Flamengo,Gustavo Henrique Vernes,34,Normal,34,0,1,34.0,31-45,2020,Athletico-PR,Flamengo,False
7202,32,Sport,Thiago Neves,73,Normal,73,0,2,73.0,61-75,2020,Sport,Bahia,True
7202,32,Sport,Iago Maidana,86,Normal,86,0,2,86.0,76-90,2020,Sport,Bahia,True
7203,32,Santos,Lucas Braga Ribeiro,7,Normal,7,0,1,7.0,0-15,2020,Santos,Goias,True
7203,32,Goias,David Duarte,60,Normal,60,0,2,60.0,46-60,2020,Santos,Goias,False
7203,32,Santos,Mário Sérgio Santos Costa,87,Penalty,87,0,2,87.0,76-90,2020,Santos,Goias,True
7203,32,Santos,Kaio Jorge,38,Normal,38,0,1,38.0,31-45,2020,Santos,Goias,True
7203,32,Goias,José Fernando Viana de Santana,76,Penalty,76,0,2,76.0,76-90,2020,Santos,Goias,False
7203,32,Goias,Rafael Moura,54,Normal,54,0,2,54.0,46-60,2020,Santos,Goias,False
7203,32,Goias,Rafael Moura,77,Normal,77,0,2,77.0,76-90,2020,Santos,Goias,False
7201,32,Atletico-GO,Natanael Batista Pimenta,80,Normal,80,0,2,80.0,76-90,2020,Atletico-GO,Fortaleza,True
7201,32,Atletico-GO,Jean Paulo Fernandes Filho,40,Penalty,40,0,1,40.0,31-45,2020,Atletico-GO,Fortaleza,True
7204,32,Fluminense,Lucca Borges de Brito,67,Normal,67,0,2,67.0,61-75,2020,Fluminense,Botafogo-RJ,True
7204,32,Fluminense,Wellington Alves da Silva,90+8,Penalty,90,8,2,90.08,90+,2020,Fluminense,Botafogo-RJ,True
7205,32,Bragantino,Hélio Junio Nunes de Castro,2,Normal,2,0,1,2.0,0-15,2020,Corinthians,Bragantino,False
7205,32,Bragantino,Claudinho,42,Normal,42,0,1,42.0,31-45,2020,Corinthians,Bragantino,False
6895,1,Palmeiras,Breno Lopes,31,Normal,31,0,1,31.0,31-45,2020,Palmeiras,Vasco,True
6895,1,Vasco,Martín Benítez,35,Normal,35,0,1,35.0,31-45,2020,Palmeiras,Vasco,False
7165,28,Atletico-MG,Jefferson Savarino,3,Normal,3,0,1,3.0,0-15,2020,Atletico-MG,Santos,True
7165,28,Atletico-MG,Jefferson Savarino,19,Normal,19,0,1,19.0,16-30,2020,Atletico-MG,Santos,True
7115,23,Flamengo,Gabriel Barbosa,60,Normal,60,0,2,60.0,46-60,2020,Gremio,Flamengo,False
7115,23,Gremio,Diego Souza,40,Normal,40,0,1,40.0,31-45,2020,Gremio,Flamengo,True
7115,23,Flamengo,Giorgian De Arrascaeta,66,Normal,66,0,2,66.0,61-75,2020,Gremio,Flamengo,False
7115,23,Gremio,Diego Souza,85,Normal,85,0,2,85.0,76-90,2020,Gremio,Flamengo,True
7115,23,Flamengo,Mauricio Isla,90+3,Normal,90,3,2,90.03,90+,2020,Gremio,Flamengo,False
7115,23,Flamengo,Éverton Ribeiro,57,Normal,57,0,2,57.0,46-60,2020,Gremio,Flamengo,False
7185,30,Bahia,Gilberto Oliveira Souza Junior,31,Normal,31,0,1,31.0,31-45,2020,Bahia,Corinthians,True
7185,30,Bahia,Juan Pablo Ramírez Velásquez,45+4,Normal,45,4,1,45.04,45+,2020,Bahia,Corinthians,True
7185,30,Corinthians,Gabriel Girotto Franco,71,Normal,71,0,2,71.0,61-75,2020,Bahia,Corinthians,False
7208,33,Sao Paulo,Reinaldo Manoel da Silva,40,Normal,40,0,1,40.0,31-45,2020,Atletico-GO,Sao Paulo,False
7208,33,Atletico-GO,Natanael Batista Pimenta,21,Normal,21,0,1,21.0,16-30,2020,Atletico-GO,Sao Paulo,True
7208,33,Atletico-GO,Vitor Leque,88,Normal,88,0,2,88.0,76-90,2020,Atletico-GO,Sao Paulo,True
7207,33,Athletico-PR,Carlos Eduardo Ferreira de Souza,85,Normal,85,0,2,85.0,76-90,2020,Ceara,Athletico-PR,False
7207,33,Athletico-PR,Carlos Eduardo Ferreira de Souza,90+2,Normal,90,2,2,90.02,90+,2020,Ceara,Athletico-PR,False
7209,33,Gremio,Paulo Miranda,20,Normal,20,0,1,20.0,16-30,2020,Coritiba,Gremio,False
7209,33,Coritiba,Wilson Rodrigues de Moura Júnior,73,Penalty,73,0,2,73.0,61-75,2020,Coritiba,Gremio,True
7210,33,Atletico-MG,Guilherme Arana,56,Normal,56,0,2,56.0,46-60,2020,Atletico-MG,Fortaleza,True
7210,33,Atletico-MG,Eduardo Vargas,67,Normal,67,0,2,67.0,61-75,2020,Atletico-MG,Fortaleza,True
7211,33,Internacional,Patrick,4,Normal,4,0,1,4.0,0-15,2020,Internacional,Bragantino,True
7211,33,Internacional,Edenílson Andrade dos Santos,58,Penalty,58,0,2,58.0,46-60,2020,Internacional,Bragantino,True
7211,33,Bragantino,Hélio Junio Nunes de Castro,15,Normal,15,0,1,15.0,0-15,2020,Internacional,Bragantino,False
7212,33,Fluminense,Matheus Martinelli,37,Normal,37,0,1,37.0,31-45,2020,Fluminense,Goias,True
7212,33,Fluminense,Nino,17,Normal,17,0,1,17.0,16-30,2020,Fluminense,Goias,True
7212,33,Fluminense,Matheus Martinelli,26,Normal,26,0,1,26.0,16-30,2020,Fluminense,Goias,True
7213,33,Flamengo,Gabriel Barbosa,4,Normal,4,0,1,4.0,0-15,2020,Sport,Flamengo,False
7213,33,Flamengo,Bruno Henrique,19,Normal,19,0,1,19.0,16-30,2020,Sport,Flamengo,False
7213,33,Flamengo,Pedro,90+6,Normal,90,6,2,90.06,90+,2020,Sport,Flamengo,False
7214,33,Palmeiras,Emerson Santos,16,Normal,16,0,1,16.0,16-30,2020,Palmeiras,Botafogo-RJ,True
7214,33,Botafogo-RJ,Rafael Navarro,60,Normal,60,0,2,60.0,46-60,2020,Palmeiras,Botafogo-RJ,False
7216,34,Gremio,Pepê,53,Normal,53,0,2,53.0,46-60,2020,Gremio,Santos,True
7216,34,Santos,Kaio Jorge,8,Normal,8,0,1,8.0,0-15,2020,Gremio,Santos,False
7216,34,Gremio,Diego Souza,37,Penalty,37,0,1,37.0,31-45,2020,Gremio,Santos,True
7216,34,Santos,Arthur Gomes,67,Penalty,67,0,2,67.0,61-75,2020,Gremio,Santos,False
7216,34,Gremio,Jean Pyerre,46,Normal,46,0,2,46.0,46-60,2020,Gremio,Santos,True
7216,34,Santos,Madson,90+6,Penalty,90,6,2,90.06,90+,2020,Gremio,Santos,False
7217,34,Bragantino,Claudinho,90+4,Penalty,90,4,2,90.04,90+,2020,Bragantino,Atletico-GO,True
7217,34,Bragantino,Ytalo José dos Santos,56,Normal,56,0,2,56.0,46-60,2020,Bragantino,Atletico-GO,True
7218,34,Ceara,Fabinho,15,Normal,15,0,1,15.0,0-15,2020,Corinthians,Ceara,False
7218,34,Corinthians,Fábio Santos,21,Penalty,21,0,1,21.0,16-30,2020,Corinthians,Ceara,True
7218,34,Corinthians,Leonardo Natel,28,Normal,28,0,1,28.0,16-30,2020,Corinthians,Ceara,True
7219,34,Goias,Eduardo Figueiredo da Cruz,28,Normal,28,0,1,28.0,16-30,2020,Goias,Atletico-MG,True
7220,34,Fluminense,Luiz Henrique,32,Normal,32,0,1,32.0,31-45,2020,Bahia,Fluminense,False
7221,34,Fortaleza,Wellington Paulista,84,Normal,84,0,2,84.0,76-90,2020,Fortaleza,Coritiba,True
7221,34,Coritiba,Ricardo Oliveira,27,Normal,27,0,1,27.0,16-30,2020,Fortaleza,Coritiba,False
7221,34,Fortaleza,Nathan Silva,43,Gol Contra,43,0,1,43.0,31-45,2020,Fortaleza,Coritiba,True
7221,34,Fortaleza,David Corrêa da Fonseca,44,Normal,44,0,1,44.0,31-45,2020,Fortaleza,Coritiba,True
7222,34,Flamengo,Bruno Henrique,77,Normal,77,0,2,77.0,76-90,2020,Flamengo,Vasco,True
7222,34,Flamengo,Gabriel Barbosa,45+3,Penalty,45,3,1,45.03,45+,2020,Flamengo,Vasco,True
7224,34,Sport,Iago Maidana,24,Penalty,24,0,1,24.0,16-30,2020,Botafogo-RJ,Sport,False
7226,35,Bahia,Gilberto Oliveira Souza Junior,26,Normal,26,0,1,26.0,16-30,2020,Bahia,Goias,True
7226,35,Goias,José Fernando Viana de Santana,90+5,Normal,90,5,2,90.05,90+,2020,Bahia,Goias,False
7226,35,Bahia,Gabriel Novaes,45+3,Normal,45,3,1,45.03,45+,2020,Bahia,Goias,True
7226,35,Goias,Vinícius Lopes,49,Normal,49,0,2,49.0,46-60,2020,Bahia,Goias,False
7226,35,Bahia,Alesson,79,Normal,79,0,2,79.0,76-90,2020,Bahia,Goias,True
7226,35,Goias,José Fernando Viana de Santana,19,Normal,19,0,1,19.0,16-30,2020,Bahia,Goias,False
7227,35,Atletico-GO,Jean Paulo Fernandes Filho,33,Penalty,33,0,1,33.0,31-45,2020,Atletico-GO,Santos,True
7227,35,Santos,Marcos Leonardo Santos Almeida,79,Penalty,79,0,2,79.0,76-90,2020,Atletico-GO,Santos,False
7228,35,Bragantino,Ytalo José dos Santos,63,Normal,63,0,2,63.0,61-75,2020,Bragantino,Flamengo,True
7228,35,Flamengo,Gabriel Barbosa,35,Penalty,35,0,1,35.0,31-45,2020,Bragantino,Flamengo,False
7229,35,Botafogo-RJ,Matheus Babi,82,Normal,82,0,2,82.0,76-90,2020,Botafogo-RJ,Gremio,True
7229,35,Gremio,Matheus Henrique de Souza,78,Normal,78,0,2,78.0,76-90,2020,Botafogo-RJ,Gremio,False
7229,35,Gremio,Diego Churín,54,Penalty,54,0,2,54.0,46-60,2020,Botafogo-RJ,Gremio,False
7229,35,Gremio,Alisson Euler de Freitas Castro,7,Normal,7,0,1,7.0,0-15,2020,Botafogo-RJ,Gremio,False
7229,35,Gremio,Jean Pyerre,17,Normal,17,0,1,17.0,16-30,2020,Botafogo-RJ,Gremio,False
7229,35,Botafogo-RJ,Rafael Navarro,56,Normal,56,0,2,56.0,46-60,2020,Botafogo-RJ,Gremio,True
7229,35,Gremio,Matheus Henrique de Souza,74,Normal,74,0,2,74.0,61-75,2020,Botafogo-RJ,Gremio,False
7230,35,Internacional,Patrick,41,Normal,41,0,1,41.0,31-45,2020,Internacional,Sport,True
7230,35,Sport,Marcão,38,Normal,38,0,1,38.0,31-45,2020,Internacional,Sport,False
7230,35,Sport,Dalberto,45+5,Normal,45,5,1,45.05,45+,2020,Internacional,Sport,False
7231,35,Fortaleza,Igor Torres,6,Normal,6,0,1,6.0,0-15,2020,Fortaleza,Vasco,True
7231,35,Fortaleza,David Corrêa da Fonseca,43,Normal,43,0,1,43.0,31-45,2020,Fortaleza,Vasco,True
7231,35,Fortaleza,Romarinho,63,Normal,63,0,2,63.0,61-75,2020,Fortaleza,Vasco,True
7232,35,Ceara,Léo Chú,90+3,Normal,90,3,2,90.03,90+,2020,Sao Paulo,Ceara,False
7232,35,Sao Paulo,Luciano da Rocha Neves,90+6,Normal,90,6,2,90.06,90+,2020,Sao Paulo,Ceara,True
7234,35,Athletico-PR,Abner Vinícius,14,Normal,14,0,1,14.0,0-15,2020,Corinthians,Athletico-PR,False
7234,35,Corinthians,Gustavo Mosquito,3,Normal,3,0,1,3.0,0-15,2020,Corinthians,Athletico-PR,True
7234,35,Athletico-PR,Fernando Canesin,35,Normal,35,0,1,35.0,31-45,2020,Corinthians,Athletico-PR,False
7234,35,Corinthians,Gustavo Mosquito,56,Normal,56,0,2,56.0,46-60,2020,Corinthians,Athletico-PR,True
7234,35,Athletico-PR,Vitor Hugo Naum dos Santos,73,Normal,73,0,2,73.0,61-75,2020,Corinthians,Athletico-PR,False
7234,35,Corinthians,Gabriel Girotto Franco,18,Normal,18,0,1,18.0,16-30,2020,Corinthians,Athletico-PR,True
7236,36,Goias,Rafael Moura,8,Normal,8,0,1,8.0,0-15,2020,Goias,Botafogo-RJ,True
7236,36,Goias,José Fernando Viana de Santana,64,Normal,64,0,2,64.0,61-75,2020,Goias,Botafogo-RJ,True
7237,36,Atletico-MG,Eduardo Sasha,20,Normal,20,0,1,20.0,16-30,2020,Atletico-MG,Bahia,True
7237,36,Bahia,Rossicley Pereira da Silva,47,Normal,47,0,2,47.0,46-60,2020,Atletico-MG,Bahia,False
7238,36,Santos,Mário Sérgio Santos Costa,37,Normal,37,0,1,37.0,31-45,2020,Santos,Coritiba,True
7238,36,Santos,Marcos Leonardo Santos Almeida,83,Normal,83,0,2,83.0,76-90,2020,Santos,Coritiba,True
7239,36,Corinthians,Leonardo Natel,20,Normal,20,0,1,20.0,16-30,2020,Flamengo,Corinthians,False
7239,36,Flamengo,Willian Arão,10,Normal,10,0,1,10.0,0-15,2020,Flamengo,Corinthians,True
7239,36,Flamengo,Gabriel Barbosa,55,Normal,55,0,2,55.0,46-60,2020,Flamengo,Corinthians,True
7240,36,Internacional,Rodrigo Dourado,10,Normal,10,0,1,10.0,0-15,2020,Vasco,Internacional,False
7240,36,Internacional,Thiago Galhardo,90+6,Normal,90,6,2,90.06,90+,2020,Vasco,Internacional,False
7241,36,Athletico-PR,Thiago Heleno,90+2,Normal,90,2,2,90.02,90+,2020,Athletico-PR,Atletico-GO,True
7241,36,Atletico-GO,Roberson,71,Normal,71,0,2,71.0,61-75,2020,Athletico-PR,Atletico-GO,False
7241,36,Athletico-PR,Vitor Hugo Naum dos Santos,63,Normal,63,0,2,63.0,61-75,2020,Athletico-PR,Atletico-GO,True
7242,36,Palmeiras,Breno Lopes,38,Normal,38,0,1,38.0,31-45,2020,Palmeiras,Fortaleza,True
7242,36,Palmeiras,Gustavo Scarpa,20,Normal,20,0,1,20.0,16-30,2020,Palmeiras,Fortaleza,True
7242,36,Palmeiras,Lucas Rafael Araújo Lima,26,Normal,26,0,1,26.0,16-30,2020,Palmeiras,Fortaleza,True
7243,36,Gremio,Diego Souza,33,Normal,33,0,1,33.0,31-45,2020,Gremio,Sao Paulo,True
7243,36,Sao Paulo,Danilo Neves,63,Normal,63,0,2,63.0,61-75,2020,Gremio,Sao Paulo,False
7243,36,Sao Paulo,Luciano da Rocha Neves,68,Normal,68,0,2,68.0,61-75,2020,Gremio,Sao Paulo,False
7244,36,Fluminense,John Kennedy,45,Normal,45,0,1,45.0,31-45,2020,Ceara,Fluminense,False
7244,36,Fluminense,Matheus Martinelli,59,Normal,59,0,2,59.0,46-60,2020,Ceara,Fluminense,False
7244,36,Ceara,Vinícius,78,Penalty,78,0,2,78.0,76-90,2020,Ceara,Fluminense,True
7244,36,Fluminense,Samuel Salustiano de Jesus Silva,88,Normal,88,0,2,88.0,76-90,2020,Ceara,Fluminense,False
7215,33,Santos,Marcos Leonardo Santos Almeida,55,Normal,55,0,2,55.0,46-60,2020,Santos,Corinthians,True
7235,35,Coritiba,Jonathan Francisco Lemos,88,Normal,88,0,2,88.0,76-90,2020,Coritiba,Palmeiras,True
7225,34,Sao Paulo,Luciano da Rocha Neves,74,Penalty,74,0,2,74.0,61-75,2020,Sao Paulo,Palmeiras,True
7225,34,Palmeiras,Rony,90+3,Normal,90,3,2,90.03,90+,2020,Sao Paulo,Palmeiras,False
7246,37,Ceara,Saulo Mineiro,74,Normal,74,0,2,74.0,61-75,2020,Coritiba,Ceara,False
7246,37,Ceara,Felipe Vizeu,51,Normal,51,0,2,51.0,46-60,2020,Coritiba,Ceara,False
7247,37,Bahia,Rodrigo Eduardo Costa Marinho,7,Normal,7,0,1,7.0,0-15,2020,Fortaleza,Bahia,False
7247,37,Bahia,Rodrigo Eduardo Costa Marinho,62,Normal,62,0,2,62.0,61-75,2020,Fortaleza,Bahia,False
7247,37,Bahia,Rossicley Pereira da Silva,81,Penalty,81,0,2,81.0,76-90,2020,Fortaleza,Bahia,False
7247,37,Bahia,Rodrigo Eduardo Costa Marinho,66,Normal,66,0,2,66.0,61-75,2020,Fortaleza,Bahia,False
7248,37,Atletico-MG,Rafael Thyere de Albuquerque Marques,50,Gol Contra,50,0,2,50.0,46-60,2020,Sport,Atletico-MG,False
7248,37,Sport,Dalberto,33,Normal,33,0,1,33.0,31-45,2020,Sport,Atletico-MG,True
7248,37,Atletico-MG,Jair Rodrigues Júnior,7,Normal,7,0,1,7.0,0-15,2020,Sport,Atletico-MG,False
7248,37,Atletico-MG,Marrony,90+8,Normal,90,8,2,90.08,90+,2020,Sport,Atletico-MG,False
7248,37,Sport,Thiago Neves,87,Penalty,87,0,2,87.0,76-90,2020,Sport,Atletico-MG,True
7250,37,Flamengo,Gabriel Barbosa,63,Normal,63,0,2,63.0,61-75,2020,Flamengo,Internacional,True
7250,37,Internacional,Edenílson Andrade dos Santos,12,Penalty,12,0,1,12.0,0-15,2020,Flamengo,Internacional,False
7250,37,Flamengo,Giorgian De Arrascaeta,29,Normal,29,0,1,29.0,16-30,2020,Flamengo,Internacional,True
7251,37,Santos,Jean Mota Oliveira de Souza,87,Normal,87,0,2,87.0,76-90,2020,Santos,Fluminense,True
7251,37,Fluminense,Lucca Borges de Brito,16,Normal,16,0,1,16.0,16-30,2020,Santos,Fluminense,False
7252,37,Gremio,Thaciano,77,Normal,77,0,2,77.0,76-90,2020,Gremio,Athletico-PR,True
7254,37,Palmeiras,Matías Viña,22,Normal,22,0,1,22.0,16-30,2020,Palmeiras,Atletico-GO,True
7254,37,Atletico-GO,Matheus Vargas,43,Normal,43,0,1,43.0,31-45,2020,Palmeiras,Atletico-GO,False
7255,37,Botafogo-RJ,Matheus Babi,58,Normal,58,0,2,58.0,46-60,2020,Botafogo-RJ,Sao Paulo,True
7264,38,Vasco,Ricardo Graça,90+2,Normal,90,2,2,90.02,90+,2020,Vasco,Goias,True
7264,38,Goias,José Fernando Viana de Santana,25,Normal,25,0,1,25.0,16-30,2020,Vasco,Goias,False
7264,38,Vasco,Germán Cano,15,Normal,15,0,1,15.0,0-15,2020,Vasco,Goias,True
7264,38,Goias,José Fernando Viana de Santana,45+7,Normal,45,7,1,45.07,45+,2020,Vasco,Goias,False
7264,38,Vasco,Ricardo Graça,50,Normal,50,0,2,50.0,46-60,2020,Vasco,Goias,True
7256,38,Bragantino,Claudinho,53,Normal,53,0,2,53.0,46-60,2020,Bragantino,Gremio,True
7257,38,Bahia,Rossicley Pereira da Silva,15,Normal,15,0,1,15.0,0-15,2020,Bahia,Santos,True
7257,38,Bahia,Alesson,90+1,Normal,90,1,2,90.01,90+,2020,Bahia,Santos,True
7258,38,Athletico-PR,Nikão,8,Normal,8,0,1,8.0,0-15,2020,Athletico-PR,Sport,True
7258,38,Athletico-PR,Léo Cittadini,86,Normal,86,0,2,86.0,76-90,2020,Athletico-PR,Sport,True
7259,38,Atletico-GO,Gilvan,3,Normal,3,0,1,3.0,0-15,2020,Atletico-GO,Coritiba,True
7259,38,Atletico-GO,Guilherme Biro,45+2,Gol Contra,45,2,1,45.02,45+,2020,Atletico-GO,Coritiba,True
7259,38,Atletico-GO,Wellington Soares da Silva,34,Normal,34,0,1,34.0,31-45,2020,Atletico-GO,Coritiba,True
7259,38,Coritiba,Ricardo Oliveira,63,Normal,63,0,2,63.0,61-75,2020,Atletico-GO,Coritiba,False
7261,38,Ceara,Saulo Mineiro,90+4,Normal,90,4,2,90.04,90+,2020,Ceara,Botafogo-RJ,True
7261,38,Botafogo-RJ,Matheus Babi,57,Penalty,57,0,2,57.0,46-60,2020,Ceara,Botafogo-RJ,False
7261,38,Ceara,Pedro Henrique Naressi Machado,17,Normal,17,0,1,17.0,16-30,2020,Ceara,Botafogo-RJ,True
7263,38,Atletico-MG,Jair Rodrigues Júnior,79,Normal,79,0,2,79.0,76-90,2020,Atletico-MG,Palmeiras,True
7263,38,Atletico-MG,Eduardo Sasha,89,Normal,89,0,2,89.0,76-90,2020,Atletico-MG,Palmeiras,True
7265,38,Fluminense,Matheus Ferraz Pereira,61,Normal,61,0,2,61.0,61-75,2020,Fluminense,Fortaleza,True
7265,38,Fluminense,Fred,21,Normal,21,0,1,21.0,16-30,2020,Fluminense,Fortaleza,True
7262,38,Sao Paulo,Luciano da Rocha Neves,45+5,Normal,45,5,1,45.05,45+,2020,Sao Paulo,Flamengo,True
7262,38,Sao Paulo,Pablo Felipe Teixeira,58,Normal,58,0,2,58.0,46-60,2020,Sao Paulo,Flamengo,True
7262,38,Flamengo,Bruno Henrique,51,Normal,51,0,2,51.0,46-60,2020,Sao Paulo,Flamengo,False
7266,1,Juventude,Matheus Peixoto,45+1,Normal,45,1,1,45.01,45+,2021,Cuiaba,Juventude,False
7266,1,Cuiaba,Jonathan Cafú,29,Normal,29,0,1,29.0,16-30,2021,Cuiaba,Juventude,True
7266,1,Cuiaba,Elton Rodrigues Brandão,87,Normal,87,0,2,87.0,76-90,2021,Cuiaba,Juventude,True
7266,1,Juventude,Wescley,43,Normal,43,0,1,43.0,31-45,2021,Cuiaba,Juventude,False
7267,1,Bahia,Thaciano,46,Normal,46,0,2,46.0,46-60,2021,Bahia,Santos,True
7267,1,Bahia,Thaciano,49,Normal,49,0,2,49.0,46-60,2021,Bahia,Santos,True
7267,1,Bahia,José Carlos Ferreira Júnior,53,Normal,53,0,2,53.0,46-60,2021,Bahia,Santos,True
7269,1,Fortaleza,Yago Pikachu,60,Normal,60,0,2,60.0,46-60,2021,Atletico-MG,Fortaleza,False
7269,1,Fortaleza,Yago Pikachu,90+4,Normal,90,4,2,90.04,90+,2021,Atletico-MG,Fortaleza,False
7269,1,Atletico-MG,Hulk,40,Penalty,40,0,1,40.0,31-45,2021,Atletico-MG,Fortaleza,True
7271,1,Ceara,Rick,42,Normal,42,0,1,42.0,31-45,2021,Ceara,Gremio,True
7271,1,Ceara,Jorginho,90+4,Normal,90,4,2,90.04,90+,2021,Ceara,Gremio,True
7271,1,Gremio,Vanderson de Oliveira Campos,45+5,Normal,45,5,1,45.05,45+,2021,Ceara,Gremio,False
7271,1,Ceara,Cléber,36,Normal,36,0,1,36.0,31-45,2021,Ceara,Gremio,True
7271,1,Gremio,Ricardinho Viana,49,Normal,49,0,2,49.0,46-60,2021,Ceara,Gremio,False
7270,1,Flamengo,Pedro,75,Normal,75,0,2,75.0,61-75,2021,Flamengo,Palmeiras,True
7273,1,Bragantino,Ytalo José dos Santos,33,Normal,33,0,1,33.0,31-45,2021,Chapecoense,Bragantino,False
7273,1,Bragantino,Lucas Evangelista,35,Normal,35,0,1,35.0,31-45,2021,Chapecoense,Bragantino,False
7273,1,Bragantino,Hélio Junio Nunes de Castro,74,Normal,74,0,2,74.0,61-75,2021,Chapecoense,Bragantino,False
7272,1,Atletico-GO,Zé Roberto,44,Normal,44,0,1,44.0,31-45,2021,Corinthians,Atletico-GO,False
7274,1,Athletico-PR,Carlos Eduardo Ferreira de Souza,87,Normal,87,0,2,87.0,76-90,2021,Athletico-PR,America-MG,True
7275,1,Sport,Thiago Neves,62,Penalty,62,0,2,62.0,61-75,2021,Internacional,Sport,False
7275,1,Internacional,Rodrigo Lindoso,44,Normal,44,0,1,44.0,31-45,2021,Internacional,Sport,True
7275,1,Sport,André Felipe Ribeiro de Souza,86,Normal,86,0,2,86.0,76-90,2021,Internacional,Sport,False
7275,1,Internacional,Edenílson Andrade dos Santos,19,Penalty,19,0,1,19.0,16-30,2021,Internacional,Sport,True
7276,2,Atletico-GO,João Paulo,79,Normal,79,0,2,79.0,76-90,2021,Atletico-GO,Sao Paulo,True
7276,2,Atletico-GO,Éder,23,Normal,23,0,1,23.0,16-30,2021,Atletico-GO,Sao Paulo,True
7277,2,Santos,Jean Mota Oliveira de Souza,19,Normal,19,0,1,19.0,16-30,2021,Santos,Ceara,True
7277,2,Ceara,Vinícius,45+7,Penalty,45,7,1,45.07,45+,2021,Santos,Ceara,False
7277,2,Santos,Marinho,63,Normal,63,0,2,63.0,61-75,2021,Santos,Ceara,True
7277,2,Santos,Kaio Jorge,72,Normal,72,0,2,72.0,61-75,2021,Santos,Ceara,True
7278,2,Bragantino,Artur Victor Guimarães,22,Normal,22,0,1,22.0,16-30,2021,Bragantino,Bahia,True
7278,2,Bahia,Gilberto Oliveira Souza Junior,19,Normal,19,0,1,19.0,16-30,2021,Bragantino,Bahia,False
7278,2,Bragantino,Luan Cândido,50,Normal,50,0,2,50.0,46-60,2021,Bragantino,Bahia,True
7278,2,Bahia,Jonas Gomes de Sousa,86,Normal,86,0,2,86.0,76-90,2021,Bragantino,Bahia,False
7278,2,Bragantino,Tomás Cuello,68,Normal,68,0,2,68.0,61-75,2021,Bragantino,Bahia,True
7278,2,Bahia,Gilberto Oliveira Souza Junior,16,Normal,16,0,1,16.0,16-30,2021,Bragantino,Bahia,False
7279,2,Fluminense,Gabriel Teixeira,40,Normal,40,0,1,40.0,31-45,2021,Fluminense,Cuiaba,True
7280,2,Corinthians,Fábio Santos,29,Penalty,29,0,1,29.0,16-30,2021,America-MG,Corinthians,False
7281,2,Fortaleza,Robson Fernandes,45+2,Normal,45,2,1,45.02,45+,2021,Fortaleza,Internacional,True
7281,2,Fortaleza,Yago Pikachu,47,Normal,47,0,2,47.0,46-60,2021,Fortaleza,Internacional,True
7281,2,Fortaleza,Zé Gabriel,55,Gol Contra,55,0,2,55.0,46-60,2021,Fortaleza,Internacional,True
7281,2,Fortaleza,Wellington Paulista,86,Normal,86,0,2,86.0,76-90,2021,Fortaleza,Internacional,True
7281,2,Fortaleza,Cristian Chagas Tarouco,17,Normal,17,0,1,17.0,16-30,2021,Fortaleza,Internacional,True
7281,2,Internacional,Bruno Praxedes,62,Normal,62,0,2,62.0,61-75,2021,Fortaleza,Internacional,False
7283,2,Palmeiras,Wesley Ribeiro Silva,42,Normal,42,0,1,42.0,31-45,2021,Palmeiras,Chapecoense,True
7283,2,Palmeiras,Luiz Adriano,15,Normal,15,0,1,15.0,0-15,2021,Palmeiras,Chapecoense,True
7283,2,Chapecoense,Busanello,55,Normal,55,0,2,55.0,46-60,2021,Palmeiras,Chapecoense,False
7283,2,Palmeiras,Wesley Ribeiro Silva,7,Normal,7,0,1,7.0,0-15,2021,Palmeiras,Chapecoense,True
7282,2,Athletico-PR,Jadson,47,Normal,47,0,2,47.0,46-60,2021,Juventude,Athletico-PR,False
7282,2,Athletico-PR,Jadson,49,Normal,49,0,2,49.0,46-60,2021,Juventude,Athletico-PR,False
7282,2,Athletico-PR,Nikão,89,Normal,89,0,2,89.0,76-90,2021,Juventude,Athletico-PR,False
7284,2,Atletico-MG,Hulk,14,Normal,14,0,1,14.0,0-15,2021,Sport,Atletico-MG,False
7287,3,Palmeiras,Raphael Cavalcante Veiga,3,Normal,3,0,1,3.0,0-15,2021,Palmeiras,Corinthians,True
7287,3,Corinthians,Gabriel Girotto Franco,55,Normal,55,0,2,55.0,46-60,2021,Palmeiras,Corinthians,False
7288,3,Atletico-MG,Jair Rodrigues Júnior,17,Normal,17,0,1,17.0,16-30,2021,Atletico-MG,Sao Paulo,True
7289,3,Athletico-PR,Matheus Babi,44,Normal,44,0,1,44.0,31-45,2021,Gremio,Athletico-PR,False
7290,3,Flamengo,Bruno Henrique,24,Normal,24,0,1,24.0,16-30,2021,Flamengo,America-MG,True
7290,3,Flamengo,Rodrigo Muniz,67,Normal,67,0,2,67.0,61-75,2021,Flamengo,America-MG,True
7292,3,Fortaleza,Wellington Paulista,79,Penalty,79,0,2,79.0,76-90,2021,Fortaleza,Sport,True
7291,3,Internacional,Edenílson Andrade dos Santos,31,Penalty,31,0,1,31.0,31-45,2021,Bahia,Internacional,False
7293,3,Fluminense,Caio Paulista,75,Normal,75,0,2,75.0,61-75,2021,Bragantino,Fluminense,False
7293,3,Fluminense,Abel Hernández,90+3,Penalty,90,3,2,90.03,90+,2021,Bragantino,Fluminense,False
7293,3,Bragantino,Lucas Evangelista,6,Normal,6,0,1,6.0,0-15,2021,Bragantino,Fluminense,True
7293,3,Bragantino,Artur Victor Guimarães,45+3,Normal,45,3,1,45.03,45+,2021,Bragantino,Fluminense,True
7296,4,Atletico-MG,Nathan Allan de Souza,2,Normal,2,0,1,2.0,0-15,2021,Internacional,Atletico-MG,False
7297,4,Sao Paulo,Eder Citadin Martins,13,Normal,13,0,1,13.0,0-15,2021,Sao Paulo,Chapecoense,True
7297,4,Chapecoense,Kaio Nunes,70,Normal,70,0,2,70.0,61-75,2021,Sao Paulo,Chapecoense,False
7298,4,Bragantino,Aderlan Silva,52,Normal,52,0,2,52.0,46-60,2021,Corinthians,Bragantino,False
7298,4,Bragantino,Eric dos Santos Rodrigues,85,Normal,85,0,2,85.0,76-90,2021,Corinthians,Bragantino,False
7298,4,Corinthians,Roni,19,Normal,19,0,1,19.0,16-30,2021,Corinthians,Bragantino,True
7299,4,Palmeiras,Deyverson,63,Normal,63,0,2,63.0,61-75,2021,Juventude,Palmeiras,False
7299,4,Palmeiras,William Matheus,53,Gol Contra,53,0,2,53.0,46-60,2021,Juventude,Palmeiras,False
7299,4,Palmeiras,Breno Lopes,87,Normal,87,0,2,87.0,76-90,2021,Juventude,Palmeiras,False
7301,4,Ceara,Saulo Mineiro,16,Normal,16,0,1,16.0,16-30,2021,Ceara,Bahia,True
7301,4,Bahia,Gilberto Oliveira Souza Junior,35,Normal,35,0,1,35.0,31-45,2021,Ceara,Bahia,False
7301,4,Bahia,Gilberto Oliveira Souza Junior,31,Penalty,31,0,1,31.0,31-45,2021,Ceara,Bahia,False
7304,4,Fluminense,Nenê,51,Normal,51,0,2,51.0,46-60,2021,Fluminense,Santos,True
7302,4,Sport,Sander Henrique Bortolotto,34,Normal,34,0,1,34.0,31-45,2021,Sport,Gremio,True
7306,5,Flamengo,Rodrigo Muniz,27,Normal,27,0,1,27.0,16-30,2021,Flamengo,Bragantino,True
7306,5,Bragantino,Chrigor,90+8,Normal,90,8,2,90.08,90+,2021,Flamengo,Bragantino,False
7306,5,Flamengo,Rodrigo Muniz,64,Normal,64,0,2,64.0,61-75,2021,Flamengo,Bragantino,True
7306,5,Bragantino,Aderlan Silva,12,Normal,12,0,1,12.0,0-15,2021,Flamengo,Bragantino,False
7306,5,Bragantino,Eric dos Santos Rodrigues,69,Normal,69,0,2,69.0,61-75,2021,Flamengo,Bragantino,False
7307,5,Palmeiras,Willian Gomes de Siqueira,39,Normal,39,0,1,39.0,31-45,2021,Palmeiras,America-MG,True
7307,5,Palmeiras,Willian Gomes de Siqueira,90+6,Normal,90,6,2,90.06,90+,2021,Palmeiras,America-MG,True
7307,5,America-MG,Geovane,38,Normal,38,0,1,38.0,31-45,2021,Palmeiras,America-MG,False
7309,5,Ceara,Lima,45+1,Normal,45,1,1,45.01,45+,2021,Internacional,Ceara,False
7309,5,Internacional,Edenílson Andrade dos Santos,8,Penalty,8,0,1,8.0,0-15,2021,Internacional,Ceara,True
7311,5,Athletico-PR,Christian Roberto Alves Cardoso,71,Normal,71,0,2,71.0,61-75,2021,Athletico-PR,Atletico-GO,True
7311,5,Atletico-GO,Gabriel Baralhas,13,Normal,13,0,1,13.0,0-15,2021,Athletico-PR,Atletico-GO,False
7311,5,Athletico-PR,Matheus Babi,44,Normal,44,0,1,44.0,31-45,2021,Athletico-PR,Atletico-GO,True
7310,5,Fortaleza,Robson Fernandes,69,Normal,69,0,2,69.0,61-75,2021,Fortaleza,Fluminense,True
7310,5,Fluminense,Caio Paulista,56,Normal,56,0,2,56.0,46-60,2021,Fortaleza,Fluminense,False
7312,5,Santos,Marinho,27,Normal,27,0,1,27.0,16-30,2021,Santos,Sao Paulo,True
7312,5,Santos,Gabriel Pirani,44,Normal,44,0,1,44.0,31-45,2021,Santos,Sao Paulo,True
7313,5,Juventude,Matheus Peixoto,83,Normal,83,0,2,83.0,76-90,2021,Juventude,Sport,True
7314,5,Chapecoense,Ravanelli Ferreira dos Santos,80,Penalty,80,0,2,80.0,76-90,2021,Atletico-MG,Chapecoense,False
7314,5,Atletico-MG,Danilo Neves,25,Normal,25,0,1,25.0,16-30,2021,Atletico-MG,Chapecoense,True
7317,6,Sao Paulo,Gabriel Sara,43,Normal,43,0,1,43.0,31-45,2021,Sao Paulo,Cuiaba,True
7317,6,Cuiaba,Rafael Gustavo Meneghel Gava,23,Normal,23,0,1,23.0,16-30,2021,Sao Paulo,Cuiaba,False
7317,6,Cuiaba,Elton Rodrigues Brandão,39,Normal,39,0,1,39.0,31-45,2021,Sao Paulo,Cuiaba,False
7317,6,Sao Paulo,Martín Benítez,18,Normal,18,0,1,18.0,16-30,2021,Sao Paulo,Cuiaba,True
7318,6,Flamengo,Bruno Henrique,43,Normal,43,0,1,43.0,31-45,2021,Flamengo,Fortaleza,True
7318,6,Fortaleza,David Corrêa da Fonseca,46,Normal,46,0,2,46.0,46-60,2021,Flamengo,Fortaleza,False
7318,6,Flamengo,Bruno Henrique,21,Normal,21,0,1,21.0,16-30,2021,Flamengo,Fortaleza,True
7319,6,Bragantino,Ytalo José dos Santos,88,Normal,88,0,2,88.0,76-90,2021,Bragantino,Palmeiras,True
7319,6,Palmeiras,Breno Lopes,66,Normal,66,0,2,66.0,61-75,2021,Bragantino,Palmeiras,False
7319,6,Bragantino,Ytalo José dos Santos,10,Normal,10,0,1,10.0,0-15,2021,Bragantino,Palmeiras,True
7319,6,Bragantino,Ytalo José dos Santos,45,Normal,45,0,1,45.0,31-45,2021,Bragantino,Palmeiras,True
7316,6,Atletico-GO,Nathan Silva,81,Normal,81,0,2,81.0,76-90,2021,Atletico-GO,Fluminense,True
7320,6,America-MG,Paulo Roberto Valoura Junior,85,Penalty,85,0,2,85.0,76-90,2021,America-MG,Juventude,True
7320,6,Juventude,Matheus Peixoto,36,Penalty,36,0,1,36.0,31-45,2021,America-MG,Juventude,False
7322,6,Corinthians,Iago Maidana,45+4,Gol Contra,45,4,1,45.04,45+,2021,Corinthians,Sport,True
7322,6,Corinthians,Jô,52,Normal,52,0,2,52.0,46-60,2021,Corinthians,Sport,True
7322,6,Sport,Santiago Tréllez,82,Normal,82,0,2,82.0,76-90,2021,Corinthians,Sport,False
7321,6,Internacional,Yuri Alberto,35,Normal,35,0,1,35.0,31-45,2021,Chapecoense,Internacional,False
7321,6,Chapecoense,Derlan,55,Normal,55,0,2,55.0,46-60,2021,Chapecoense,Internacional,True
7321,6,Internacional,Caio Vidal,6,Normal,6,0,1,6.0,0-15,2021,Chapecoense,Internacional,False
7323,6,Ceara,Gabriel Lacerda,90+6,Normal,90,6,2,90.06,90+,2021,Ceara,Atletico-MG,True
7323,6,Atletico-MG,Gabriel Costa França,72,Normal,72,0,2,72.0,61-75,2021,Ceara,Atletico-MG,False
7323,6,Ceara,Lima,3,Normal,3,0,1,3.0,0-15,2021,Ceara,Atletico-MG,True
7325,6,Santos,Marinho,78,Normal,78,0,2,78.0,76-90,2021,Gremio,Santos,False
7325,6,Gremio,Diego Souza,4,Normal,4,0,1,4.0,0-15,2021,Gremio,Santos,True
7325,6,Gremio,Matheus Henrique de Souza,42,Normal,42,0,1,42.0,31-45,2021,Gremio,Santos,True
7325,6,Santos,Marcos Guilherme,29,Normal,29,0,1,29.0,16-30,2021,Gremio,Santos,False
7324,6,Athletico-PR,David Terans,40,Normal,40,0,1,40.0,31-45,2021,Bahia,Athletico-PR,False
7324,6,Bahia,Patrick de Lucca,17,Normal,17,0,1,17.0,16-30,2021,Bahia,Athletico-PR,True
7324,6,Bahia,Rossicley Pereira da Silva,70,Normal,70,0,2,70.0,61-75,2021,Bahia,Athletico-PR,True
7326,7,Juventude,Matheus Peixoto,25,Normal,25,0,1,25.0,16-30,2021,Juventude,Flamengo,True
7327,7,Corinthians,Jô,37,Penalty,37,0,1,37.0,31-45,2021,Fluminense,Corinthians,False
7327,7,Fluminense,Juan Cazares,70,Normal,70,0,2,70.0,61-75,2021,Fluminense,Corinthians,True
7329,7,Athletico-PR,Khellven Douglas Silva Oliveira,37,Normal,37,0,1,37.0,31-45,2021,Athletico-PR,Chapecoense,True
7329,7,Athletico-PR,Thiago Heleno,60,Normal,60,0,2,60.0,46-60,2021,Athletico-PR,Chapecoense,True
7329,7,Chapecoense,Ignacio da Silva Oliveira,26,Normal,26,0,1,26.0,16-30,2021,Athletico-PR,Chapecoense,False
7329,7,Chapecoense,Geuvânio,90+4,Normal,90,4,2,90.04,90+,2021,Athletico-PR,Chapecoense,False
7328,7,Palmeiras,Raphael Cavalcante Veiga,78,Normal,78,0,2,78.0,76-90,2021,Palmeiras,Bahia,True
7328,7,Palmeiras,Breno Lopes,90+2,Normal,90,2,2,90.02,90+,2021,Palmeiras,Bahia,True
7328,7,Bahia,Luiz Otávio da Silva Santos,12,Normal,12,0,1,12.0,0-15,2021,Palmeiras,Bahia,False
7328,7,Palmeiras,Gustavo Scarpa,7,Normal,7,0,1,7.0,0-15,2021,Palmeiras,Bahia,True
7328,7,Bahia,Maycon Douglas,74,Normal,74,0,2,74.0,61-75,2021,Palmeiras,Bahia,False
7331,7,Santos,Jean Mota Oliveira de Souza,57,Normal,57,0,2,57.0,46-60,2021,Santos,Atletico-MG,True
7331,7,Santos,Marcos Guilherme,90+4,Normal,90,4,2,90.04,90+,2021,Santos,Atletico-MG,True
7332,7,America-MG,Ribamar,34,Normal,34,0,1,34.0,31-45,2021,America-MG,Internacional,True
7332,7,Internacional,Rodrigo Dourado,77,Normal,77,0,2,77.0,76-90,2021,America-MG,Internacional,False
7334,7,Ceara,Jorginho,23,Normal,23,0,1,23.0,16-30,2021,Ceara,Sao Paulo,True
7334,7,Sao Paulo,Gabriel Dias de Oliveira,52,Gol Contra,52,0,2,52.0,46-60,2021,Ceara,Sao Paulo,False
7335,7,Bragantino,Weverton,82,Normal,82,0,2,82.0,76-90,2021,Atletico-GO,Bragantino,False
7336,8,Athletico-PR,Vitor Hugo Naum dos Santos,73,Normal,73,0,2,73.0,61-75,2021,Fluminense,Athletico-PR,False
7336,8,Athletico-PR,Ivaldo,76,Normal,76,0,2,76.0,76-90,2021,Fluminense,Athletico-PR,False
7336,8,Athletico-PR,Nikão,90+5,Penalty,90,5,2,90.05,90+,2021,Fluminense,Athletico-PR,False
7336,8,Fluminense,Fred,2,Normal,2,0,1,2.0,0-15,2021,Fluminense,Athletico-PR,True
7336,8,Athletico-PR,Richard Candido Coelho,26,Normal,26,0,1,26.0,16-30,2021,Fluminense,Athletico-PR,False
7337,8,Fortaleza,Yago Pikachu,72,Normal,72,0,2,72.0,61-75,2021,Fortaleza,Chapecoense,True
7337,8,Chapecoense,Pedro Perotti,81,Normal,81,0,2,81.0,76-90,2021,Fortaleza,Chapecoense,False
7337,8,Fortaleza,David Corrêa da Fonseca,50,Normal,50,0,2,50.0,46-60,2021,Fortaleza,Chapecoense,True
7337,8,Chapecoense,Anselmo Ramon,35,Penalty,35,0,1,35.0,31-45,2021,Fortaleza,Chapecoense,False
7337,8,Fortaleza,Robson Fernandes,62,Normal,62,0,2,62.0,61-75,2021,Fortaleza,Chapecoense,True
7338,8,Palmeiras,Deyverson,9,Normal,9,0,1,9.0,0-15,2021,Internacional,Palmeiras,False
7338,8,Palmeiras,Danilo dos Santos de Oliveira,89,Normal,89,0,2,89.0,76-90,2021,Internacional,Palmeiras,False
7338,8,Internacional,Edenílson Andrade dos Santos,65,Penalty,65,0,2,65.0,61-75,2021,Internacional,Palmeiras,True
7339,8,Bahia,Rodrigo Eduardo Costa Marinho,36,Normal,36,0,1,36.0,31-45,2021,Bahia,America-MG,True
7339,8,America-MG,Paulo Roberto Valoura Junior,18,Normal,18,0,1,18.0,16-30,2021,Bahia,America-MG,False
7339,8,Bahia,Gilberto Oliveira Souza Junior,90+2,Normal,90,2,2,90.02,90+,2021,Bahia,America-MG,True
7339,8,America-MG,Ribamar,65,Normal,65,0,2,65.0,61-75,2021,Bahia,America-MG,False
7339,8,Bahia,Gilberto Oliveira Souza Junior,90+4,Normal,90,4,2,90.04,90+,2021,Bahia,America-MG,True
7339,8,America-MG,Juninho,73,Normal,73,0,2,73.0,61-75,2021,Bahia,America-MG,False
7339,8,America-MG,Felipe Azevedo,15,Normal,15,0,1,15.0,0-15,2021,Bahia,America-MG,False
7342,8,Juventude,Matheus Peixoto,83,Normal,83,0,2,83.0,76-90,2021,Juventude,Gremio,True
7342,8,Juventude,Paulo Bóia,28,Normal,28,0,1,28.0,16-30,2021,Juventude,Gremio,True
7344,8,Atletico-MG,Ignacio Fernández,89,Normal,89,0,2,89.0,76-90,2021,Atletico-MG,Atletico-GO,True
7344,8,Atletico-MG,Matías Zaracho,27,Normal,27,0,1,27.0,16-30,2021,Atletico-MG,Atletico-GO,True
7344,8,Atletico-GO,Marlon Freitas,45+1,Normal,45,1,1,45.01,45+,2021,Atletico-MG,Atletico-GO,False
7344,8,Atletico-MG,Matías Zaracho,37,Normal,37,0,1,37.0,31-45,2021,Atletico-MG,Atletico-GO,True
7344,8,Atletico-MG,Ignacio Fernández,42,Normal,42,0,1,42.0,31-45,2021,Atletico-MG,Atletico-GO,True
7345,8,Flamengo,Pedro,10,Normal,10,0,1,10.0,0-15,2021,Cuiaba,Flamengo,False
7345,8,Flamengo,Thiago Maia,90+2,Normal,90,2,2,90.02,90+,2021,Cuiaba,Flamengo,False
7347,9,America-MG,Carlos Alberto,90+4,Normal,90,4,2,90.04,90+,2021,America-MG,Santos,True
7347,9,America-MG,João Paulo Gomes da Costa,55,Normal,55,0,2,55.0,46-60,2021,America-MG,Santos,True
7346,9,Athletico-PR,David Terans,2,Normal,2,0,1,2.0,0-15,2021,Athletico-PR,Fortaleza,True
7346,9,Athletico-PR,Matheus Babi,9,Normal,9,0,1,9.0,0-15,2021,Athletico-PR,Fortaleza,True
7346,9,Fortaleza,Igor Torres,86,Normal,86,0,2,86.0,76-90,2021,Athletico-PR,Fortaleza,False
7348,9,Internacional,Edenílson Andrade dos Santos,40,Penalty,40,0,1,40.0,31-45,2021,Corinthians,Internacional,False
7348,9,Corinthians,Jô,80,Normal,80,0,2,80.0,76-90,2021,Corinthians,Internacional,True
7349,9,Bahia,Gilberto Oliveira Souza Junior,67,Normal,67,0,2,67.0,61-75,2021,Chapecoense,Bahia,False
7349,9,Bahia,Rodrigo Eduardo Costa Marinho,69,Normal,69,0,2,69.0,61-75,2021,Chapecoense,Bahia,False
7350,9,Fluminense,André,90+1,Normal,90,1,2,90.01,90+,2021,Flamengo,Fluminense,False
7351,9,Palmeiras,Gustavo Scarpa,38,Normal,38,0,1,38.0,31-45,2021,Sport,Palmeiras,False
7353,9,Sao Paulo,Emiliano Rigoni,26,Normal,26,0,1,26.0,16-30,2021,Sao Paulo,Bragantino,True
7353,9,Bragantino,Alerrandro Barra Mansa Realino de Souza,63,Normal,63,0,2,63.0,61-75,2021,Sao Paulo,Bragantino,False
7353,9,Bragantino,Artur Victor Guimarães,75,Normal,75,0,2,75.0,61-75,2021,Sao Paulo,Bragantino,False
7352,9,Ceara,Saulo Mineiro,48,Normal,48,0,2,48.0,46-60,2021,Ceara,Juventude,True
7352,9,Ceara,Gabriel Lacerda,53,Normal,53,0,2,53.0,46-60,2021,Ceara,Juventude,True
7354,9,Atletico-MG,Ignacio Fernández,26,Normal,26,0,1,26.0,16-30,2021,Cuiaba,Atletico-MG,False
7355,9,Atletico-GO,Lucas Gabriel Ribeiro Firmo,55,Normal,55,0,2,55.0,46-60,2021,Gremio,Atletico-GO,False
7356,10,Santos,Marcos Guilherme,31,Normal,31,0,1,31.0,31-45,2021,Santos,Athletico-PR,True
7356,10,Santos,Ivaldo,50,Gol Contra,50,0,2,50.0,46-60,2021,Santos,Athletico-PR,True
7356,10,Athletico-PR,Fernando Canesin,45+1,Normal,45,1,1,45.01,45+,2021,Santos,Athletico-PR,False
7357,10,Bahia,Matheus Bahia Santos,79,Normal,79,0,2,79.0,76-90,2021,Bahia,Juventude,True
7358,10,Bragantino,Bruno Praxedes,28,Normal,28,0,1,28.0,16-30,2021,Bragantino,Cuiaba,True
7358,10,Cuiaba,Jenison de Jesus Brito e Brito,78,Normal,78,0,2,78.0,76-90,2021,Bragantino,Cuiaba,False
7359,10,Fortaleza,David Corrêa da Fonseca,62,Normal,62,0,2,62.0,61-75,2021,Fortaleza,America-MG,True
7359,10,Fortaleza,Igor Torres,83,Normal,83,0,2,83.0,76-90,2021,Fortaleza,America-MG,True
7359,10,Fortaleza,Éderson,45+2,Normal,45,2,1,45.02,45+,2021,Fortaleza,America-MG,True
7359,10,Fortaleza,David Corrêa da Fonseca,55,Normal,55,0,2,55.0,46-60,2021,Fortaleza,America-MG,True
7360,10,Palmeiras,Raphael Cavalcante Veiga,1,Normal,1,0,1,1.0,0-15,2021,Palmeiras,Gremio,True
7360,10,Palmeiras,Gabriel Menino,17,Normal,17,0,1,17.0,16-30,2021,Palmeiras,Gremio,True
7361,10,Atletico-MG,Jefferson Savarino,51,Normal,51,0,2,51.0,46-60,2021,Atletico-MG,Flamengo,True
7361,10,Atletico-MG,Jefferson Savarino,53,Normal,53,0,2,53.0,46-60,2021,Atletico-MG,Flamengo,True
7361,10,Flamengo,Willian Arão,88,Normal,88,0,2,88.0,76-90,2021,Atletico-MG,Flamengo,False
7362,10,Sport,Marcão,48,Normal,48,0,2,48.0,46-60,2021,Atletico-GO,Sport,False
7362,10,Atletico-GO,Arthur Gomes,51,Normal,51,0,2,51.0,46-60,2021,Atletico-GO,Sport,True
7363,10,Sao Paulo,Emiliano Rigoni,2,Normal,2,0,1,2.0,0-15,2021,Internacional,Sao Paulo,False
7363,10,Sao Paulo,Igor Gomes,54,Normal,54,0,2,54.0,46-60,2021,Internacional,Sao Paulo,False
7365,10,Corinthians,Jô,60,Normal,60,0,2,60.0,46-60,2021,Chapecoense,Corinthians,False
7366,11,Palmeiras,Gustavo Gómez,19,Normal,19,0,1,19.0,16-30,2021,Palmeiras,Santos,True
7366,11,Palmeiras,Breno Lopes,22,Normal,22,0,1,22.0,16-30,2021,Palmeiras,Santos,True
7366,11,Santos,Carlos Andrés Sánchez,69,Penalty,69,0,2,69.0,61-75,2021,Palmeiras,Santos,False
7366,11,Palmeiras,Willian Gomes de Siqueira,83,Normal,83,0,2,83.0,76-90,2021,Palmeiras,Santos,True
7366,11,Santos,Marinho,90+2,Penalty,90,2,2,90.02,90+,2021,Palmeiras,Santos,False
7368,11,Athletico-PR,David Terans,70,Normal,70,0,2,70.0,61-75,2021,Athletico-PR,Bragantino,True
7368,11,Bragantino,Alerrandro Barra Mansa Realino de Souza,28,Normal,28,0,1,28.0,16-30,2021,Athletico-PR,Bragantino,False
7368,11,Bragantino,Ytalo José dos Santos,80,Normal,80,0,2,80.0,76-90,2021,Athletico-PR,Bragantino,False
7368,11,Athletico-PR,Nikão,45+2,Normal,45,2,1,45.02,45+,2021,Athletico-PR,Bragantino,True
7370,11,Sao Paulo,Liziero,90+2,Normal,90,2,2,90.02,90+,2021,Sao Paulo,Bahia,True
7369,11,Fluminense,Lucca Borges de Brito,73,Normal,73,0,2,73.0,61-75,2021,Sport,Fluminense,False
7369,11,Fluminense,Lucca Borges de Brito,66,Normal,66,0,2,66.0,61-75,2021,Sport,Fluminense,False
7369,11,Sport,André Felipe Ribeiro de Souza,42,Penalty,42,0,1,42.0,31-45,2021,Sport,Fluminense,True
7371,11,Atletico-MG,Dylan Borrero,68,Normal,68,0,2,68.0,61-75,2021,America-MG,Atletico-MG,False
7372,11,Juventude,Matheus Peixoto,90+7,Penalty,90,7,2,90.07,90+,2021,Juventude,Atletico-GO,True
7372,11,Atletico-GO,Zé Roberto,75,Normal,75,0,2,75.0,61-75,2021,Juventude,Atletico-GO,False
7373,11,Cuiaba,Elton Rodrigues Brandão,26,Normal,26,0,1,26.0,16-30,2021,Cuiaba,Ceara,True
7373,11,Cuiaba,Jenison de Jesus Brito e Brito,90+3,Normal,90,3,2,90.03,90+,2021,Cuiaba,Ceara,True
7373,11,Ceara,Rick,57,Normal,57,0,2,57.0,46-60,2021,Cuiaba,Ceara,False
7373,11,Ceara,Jael,66,Normal,66,0,2,66.0,61-75,2021,Cuiaba,Ceara,False
7374,11,Flamengo,Giorgian De Arrascaeta,78,Normal,78,0,2,78.0,76-90,2021,Flamengo,Chapecoense,True
7374,11,Flamengo,Michael Richard Delgado de Oliveira,82,Normal,82,0,2,82.0,76-90,2021,Flamengo,Chapecoense,True
7374,11,Chapecoense,Pedro Perotti,67,Normal,67,0,2,67.0,61-75,2021,Flamengo,Chapecoense,False
7375,11,Fortaleza,Robson Fernandes,19,Normal,19,0,1,19.0,16-30,2021,Fortaleza,Corinthians,True
7376,12,Ceara,Wendson dos Santos Lopes,90+8,Normal,90,8,2,90.08,90+,2021,Ceara,Athletico-PR,True
7377,12,Fortaleza,Robson Fernandes,74,Normal,74,0,2,74.0,61-75,2021,Sao Paulo,Fortaleza,False
7378,12,Atletico-MG,Hulk,86,Normal,86,0,2,86.0,76-90,2021,Corinthians,Atletico-MG,False
7378,12,Corinthians,Gustavo Mosquito,38,Normal,38,0,1,38.0,31-45,2021,Corinthians,Atletico-MG,True
7378,12,Atletico-MG,Hulk,64,Normal,64,0,2,64.0,61-75,2021,Corinthians,Atletico-MG,False
7379,12,Gremio,César Pinares,90,Penalty,90,0,2,90.0,76-90,2021,Fluminense,Gremio,False
7380,12,Cuiaba,Felipe Marques,45+3,Normal,45,3,1,45.03,45+,2021,Chapecoense,Cuiaba,False
7380,12,Chapecoense,Geuvânio,17,Normal,17,0,1,17.0,16-30,2021,Chapecoense,Cuiaba,True
7380,12,Cuiaba,Elton Rodrigues Brandão,88,Normal,88,0,2,88.0,76-90,2021,Chapecoense,Cuiaba,False
7380,12,Chapecoense,Ignacio da Silva Oliveira,23,Normal,23,0,1,23.0,16-30,2021,Chapecoense,Cuiaba,True
7380,12,Cuiaba,Jenison de Jesus Brito e Brito,19,Normal,19,0,1,19.0,16-30,2021,Chapecoense,Cuiaba,False
7381,12,Palmeiras,Gustavo Scarpa,90+1,Normal,90,1,2,90.01,90+,2021,Atletico-GO,Palmeiras,False
7381,12,Palmeiras,Éder,59,Gol Contra,59,0,2,59.0,46-60,2021,Atletico-GO,Palmeiras,False
7381,12,Palmeiras,Breno Lopes,90+6,Normal,90,6,2,90.06,90+,2021,Atletico-GO,Palmeiras,False
7382,12,Flamengo,Gabriel Barbosa,41,Normal,41,0,1,41.0,31-45,2021,Bahia,Flamengo,False
7382,12,Flamengo,Gabriel Barbosa,62,Normal,62,0,2,62.0,61-75,2021,Bahia,Flamengo,False
7382,12,Flamengo,Pedro,74,Normal,74,0,2,74.0,61-75,2021,Bahia,Flamengo,False
7382,12,Flamengo,Gabriel Barbosa,23,Penalty,23,0,1,23.0,16-30,2021,Bahia,Flamengo,False
7382,12,Flamengo,Victor Vinícius Coelho Santos,84,Normal,84,0,2,84.0,76-90,2021,Bahia,Flamengo,False
7384,12,Santos,Marcos Leonardo Santos Almeida,90+5,Normal,90,5,2,90.05,90+,2021,Bragantino,Santos,False
7384,12,Bragantino,Alerrandro Barra Mansa Realino de Souza,10,Normal,10,0,1,10.0,0-15,2021,Bragantino,Santos,True
7384,12,Bragantino,Ytalo José dos Santos,83,Normal,83,0,2,83.0,76-90,2021,Bragantino,Santos,True
7384,12,Santos,Marcos Guilherme,70,Normal,70,0,2,70.0,61-75,2021,Bragantino,Santos,False
7383,12,Internacional,Thiago Galhardo,51,Normal,51,0,2,51.0,46-60,2021,Internacional,Juventude,True
7385,12,Sport,Paulinho Moccelin,86,Normal,86,0,2,86.0,76-90,2021,America-MG,Sport,False
7295,3,Cuiaba,Pepê,5,Normal,5,0,1,5.0,0-15,2021,Cuiaba,Atletico-GO,True
7295,3,Cuiaba,Elton Rodrigues Brandão,67,Normal,67,0,2,67.0,61-75,2021,Cuiaba,Atletico-GO,True
7295,3,Atletico-GO,André Luis,48,Normal,48,0,2,48.0,46-60,2021,Cuiaba,Atletico-GO,False
7386,13,Gremio,Guilherme Guedes,7,Normal,7,0,1,7.0,0-15,2021,Gremio,America-MG,True
7386,13,America-MG,Felipe Azevedo,31,Normal,31,0,1,31.0,31-45,2021,Gremio,America-MG,False
7387,13,Palmeiras,Manoel Messias Silva Carvalho,54,Gol Contra,54,0,2,54.0,46-60,2021,Palmeiras,Fluminense,True
7388,13,Atletico-MG,Hulk,58,Normal,58,0,2,58.0,46-60,2021,Atletico-MG,Bahia,True
7388,13,Atletico-MG,Nathan Allan de Souza,90+1,Normal,90,1,2,90.01,90+,2021,Atletico-MG,Bahia,True
7388,13,Atletico-MG,Hulk,80,Penalty,80,0,2,80.0,76-90,2021,Atletico-MG,Bahia,True
7390,13,Flamengo,Bruno Henrique,72,Normal,72,0,2,72.0,61-75,2021,Flamengo,Sao Paulo,True
7390,13,Flamengo,Welington,90+2,Gol Contra,90,2,2,90.02,90+,2021,Flamengo,Sao Paulo,True
7390,13,Flamengo,Bruno Henrique,77,Normal,77,0,2,77.0,76-90,2021,Flamengo,Sao Paulo,True
7390,13,Flamengo,Gustavo Henrique Vernes,86,Normal,86,0,2,86.0,76-90,2021,Flamengo,Sao Paulo,True
7390,13,Flamengo,Bruno Henrique,70,Normal,70,0,2,70.0,61-75,2021,Flamengo,Sao Paulo,True
7390,13,Sao Paulo,Robert Arboleda,48,Normal,48,0,2,48.0,46-60,2021,Flamengo,Sao Paulo,False
7389,13,Fortaleza,Robson Fernandes,13,Normal,13,0,1,13.0,0-15,2021,Fortaleza,Bragantino,True
7391,13,Atletico-GO,Zé Roberto,20,Penalty,20,0,1,20.0,16-30,2021,Santos,Atletico-GO,False
7392,13,Athletico-PR,David Terans,37,Normal,37,0,1,37.0,31-45,2021,Athletico-PR,Internacional,True
7392,13,Athletico-PR,Vitor Hugo Naum dos Santos,45+3,Normal,45,3,1,45.03,45+,2021,Athletico-PR,Internacional,True
7392,13,Internacional,Edenílson Andrade dos Santos,65,Penalty,65,0,2,65.0,61-75,2021,Athletico-PR,Internacional,False
7394,13,Juventude,Matheus Peixoto,4,Normal,4,0,1,4.0,0-15,2021,Juventude,Chapecoense,True
7395,13,Corinthians,Roni,28,Normal,28,0,1,28.0,16-30,2021,Cuiaba,Corinthians,False
7395,13,Corinthians,Adson,38,Normal,38,0,1,38.0,31-45,2021,Cuiaba,Corinthians,False
7395,13,Cuiaba,Rafael Elias,71,Normal,71,0,2,71.0,61-75,2021,Cuiaba,Corinthians,True
7398,14,Bragantino,Bruno Praxedes,62,Normal,62,0,2,62.0,61-75,2021,Bragantino,Gremio,True
7399,14,Flamengo,Éverton Ribeiro,7,Normal,7,0,1,7.0,0-15,2021,Corinthians,Flamengo,False
7399,14,Flamengo,Gustavo Henrique Vernes,40,Normal,40,0,1,40.0,31-45,2021,Corinthians,Flamengo,False
7399,14,Flamengo,Bruno Henrique,44,Normal,44,0,1,44.0,31-45,2021,Corinthians,Flamengo,False
7399,14,Corinthians,Vitinho,89,Normal,89,0,2,89.0,76-90,2021,Corinthians,Flamengo,True
7400,14,Atletico-MG,Eduardo Vargas,60,Penalty,60,0,2,60.0,46-60,2021,Atletico-MG,Athletico-PR,True
7400,14,Atletico-MG,Neto,69,Normal,69,0,2,69.0,61-75,2021,Atletico-MG,Athletico-PR,True
7401,14,Santos,Carlos Andrés Sánchez,43,Penalty,43,0,1,43.0,31-45,2021,Chapecoense,Santos,False
7402,14,Sport,Mikael,89,Normal,89,0,2,89.0,76-90,2021,Bahia,Sport,False
7403,14,Atletico-GO,Gabriel Baralhas,20,Normal,20,0,1,20.0,16-30,2021,Atletico-GO,America-MG,True
7403,14,America-MG,Ademir,13,Normal,13,0,1,13.0,0-15,2021,Atletico-GO,America-MG,False
7404,14,Ceara,Cléber,79,Normal,79,0,2,79.0,76-90,2021,Ceara,Fortaleza,True
7404,14,Ceara,Rick,86,Normal,86,0,2,86.0,76-90,2021,Ceara,Fortaleza,True
7404,14,Fortaleza,Tinga,10,Normal,10,0,1,10.0,0-15,2021,Ceara,Fortaleza,False
7404,14,Ceara,Kelvyn,37,Normal,37,0,1,37.0,31-45,2021,Ceara,Fortaleza,True
7407,15,Athletico-PR,Renato Kayzer,28,Normal,28,0,1,28.0,16-30,2021,Athletico-PR,Sao Paulo,True
7407,15,Sao Paulo,Pablo Felipe Teixeira,14,Penalty,14,0,1,14.0,0-15,2021,Athletico-PR,Sao Paulo,False
7407,15,Sao Paulo,Pablo Felipe Teixeira,34,Normal,34,0,1,34.0,31-45,2021,Athletico-PR,Sao Paulo,False
7408,15,Fortaleza,Robson Fernandes,25,Normal,25,0,1,25.0,16-30,2021,Palmeiras,Fortaleza,False
7408,15,Fortaleza,Igor Torres,90+5,Normal,90,5,2,90.05,90+,2021,Palmeiras,Fortaleza,False
7408,15,Palmeiras,Willian Gomes de Siqueira,34,Normal,34,0,1,34.0,31-45,2021,Palmeiras,Fortaleza,True
7408,15,Palmeiras,Cristian Chagas Tarouco,12,Gol Contra,12,0,1,12.0,0-15,2021,Palmeiras,Fortaleza,True
7408,15,Fortaleza,Marcelo da Conceição Benevenuto Malaquias,18,Normal,18,0,1,18.0,16-30,2021,Palmeiras,Fortaleza,False
7409,15,Cuiaba,Pepê,37,Normal,37,0,1,37.0,31-45,2021,Cuiaba,Bahia,True
7409,15,Bahia,Rodrigo Eduardo Costa Marinho,26,Normal,26,0,1,26.0,16-30,2021,Cuiaba,Bahia,False
7410,15,Juventude,Paulo Bóia,45+1,Normal,45,1,1,45.01,45+,2021,Juventude,Atletico-MG,True
7410,15,Atletico-MG,Hulk,77,Normal,77,0,2,77.0,76-90,2021,Juventude,Atletico-MG,False
7410,15,Atletico-MG,Nathan Silva,90+2,Normal,90,2,2,90.02,90+,2021,Juventude,Atletico-MG,False
7411,15,America-MG,Ademir,72,Normal,72,0,2,72.0,61-75,2021,America-MG,Fluminense,True
7414,15,Internacional,Yuri Alberto,19,Normal,19,0,1,19.0,16-30,2021,Flamengo,Internacional,False
7414,15,Internacional,Yuri Alberto,41,Normal,41,0,1,41.0,31-45,2021,Flamengo,Internacional,False
7414,15,Internacional,Yuri Alberto,70,Normal,70,0,2,70.0,61-75,2021,Flamengo,Internacional,False
7414,15,Internacional,Taison,55,Normal,55,0,2,55.0,46-60,2021,Flamengo,Internacional,False
7415,15,Gremio,Alisson Euler de Freitas Castro,18,Normal,18,0,1,18.0,16-30,2021,Gremio,Chapecoense,True
7415,15,Chapecoense,Anselmo Ramon,4,Normal,4,0,1,4.0,0-15,2021,Gremio,Chapecoense,False
7415,15,Gremio,Miguel Borja,32,Penalty,32,0,1,32.0,31-45,2021,Gremio,Chapecoense,True
7416,16,Juventude,Wagner Ferreira dos Santos,78,Normal,78,0,2,78.0,76-90,2021,Bragantino,Juventude,False
7416,16,Bragantino,Hélio Junio Nunes de Castro,9,Normal,9,0,1,9.0,0-15,2021,Bragantino,Juventude,True
7416,16,Juventude,Wagner Ferreira dos Santos,74,Normal,74,0,2,74.0,61-75,2021,Bragantino,Juventude,False
7417,16,Atletico-MG,Jefferson Savarino,45+3,Normal,45,3,1,45.03,45+,2021,Atletico-MG,Palmeiras,True
7417,16,Atletico-MG,Jefferson Savarino,62,Normal,62,0,2,62.0,61-75,2021,Atletico-MG,Palmeiras,True
7418,16,Sao Paulo,Igor Gomes,90+3,Normal,90,3,2,90.03,90+,2021,Sao Paulo,Gremio,True
7418,16,Gremio,Vanderson de Oliveira Campos,20,Normal,20,0,1,20.0,16-30,2021,Sao Paulo,Gremio,False
7418,16,Sao Paulo,Vitor Bueno,13,Normal,13,0,1,13.0,0-15,2021,Sao Paulo,Gremio,True
7419,16,Flamengo,Ronaldo,47,Gol Contra,47,0,2,47.0,46-60,2021,Flamengo,Sport,True
7419,16,Flamengo,Bruno Henrique,11,Normal,11,0,1,11.0,0-15,2021,Flamengo,Sport,True
7420,16,Corinthians,Adson,30,Normal,30,0,1,30.0,16-30,2021,Corinthians,Ceara,True
7420,16,Corinthians,Renato Augusto,68,Normal,68,0,2,68.0,61-75,2021,Corinthians,Ceara,True
7420,16,Ceara,Rick,70,Normal,70,0,2,70.0,61-75,2021,Corinthians,Ceara,False
7420,16,Corinthians,Adson,17,Normal,17,0,1,17.0,16-30,2021,Corinthians,Ceara,True
7422,16,Cuiaba,Clayson Henrique da Silva Vieira,61,Normal,61,0,2,61.0,61-75,2021,Cuiaba,Athletico-PR,True
7421,16,Atletico-GO,Zé Roberto,55,Normal,55,0,2,55.0,46-60,2021,Bahia,Atletico-GO,False
7421,16,Atletico-GO,João Paulo,61,Normal,61,0,2,61.0,61-75,2021,Bahia,Atletico-GO,False
7421,16,Bahia,Gilberto Oliveira Souza Junior,26,Normal,26,0,1,26.0,16-30,2021,Bahia,Atletico-GO,True
7423,16,Santos,Carlos Andrés Sánchez,25,Normal,25,0,1,25.0,16-30,2021,Fortaleza,Santos,False
7423,16,Fortaleza,Lucas Crispim,23,Normal,23,0,1,23.0,16-30,2021,Fortaleza,Santos,True
7424,16,Internacional,Paolo Guerrero,90+5,Normal,90,5,2,90.05,90+,2021,Internacional,Fluminense,True
7424,16,Internacional,Edenílson Andrade dos Santos,8,Normal,8,0,1,8.0,0-15,2021,Internacional,Fluminense,True
7424,16,Fluminense,Yago Rocha,45,Normal,45,0,1,45.0,31-45,2021,Internacional,Fluminense,False
7424,16,Internacional,Edenílson Andrade dos Santos,90+3,Normal,90,3,2,90.03,90+,2021,Internacional,Fluminense,True
7424,16,Fluminense,Nino,84,Normal,84,0,2,84.0,76-90,2021,Internacional,Fluminense,False
7424,16,Internacional,Yuri Alberto,59,Normal,59,0,2,59.0,46-60,2021,Internacional,Fluminense,True
7425,16,America-MG,Rodolfo,90+3,Normal,90,3,2,90.03,90+,2021,Chapecoense,America-MG,False
7425,16,Chapecoense,Anderson Leite Moraes,87,Normal,87,0,2,87.0,76-90,2021,Chapecoense,America-MG,True
7315,5,Gremio,Miguel Borja,25,Penalty,25,0,1,25.0,16-30,2021,Cuiaba,Gremio,False
7426,17,Atletico-GO,João Paulo,90+3,Penalty,90,3,2,90.03,90+,2021,Atletico-GO,Chapecoense,True
7426,17,Chapecoense,Anselmo Ramon,36,Penalty,36,0,1,36.0,31-45,2021,Atletico-GO,Chapecoense,False
7427,17,Gremio,Miguel Borja,49,Normal,49,0,2,49.0,46-60,2021,Gremio,Bahia,True
7427,17,Gremio,Diego Souza,90+5,Normal,90,5,2,90.05,90+,2021,Gremio,Bahia,True
7428,17,Fortaleza,Marcelo da Conceição Benevenuto Malaquias,16,Normal,16,0,1,16.0,16-30,2021,Juventude,Fortaleza,False
7428,17,Juventude,Ricardo Bueno,71,Normal,71,0,2,71.0,61-75,2021,Juventude,Fortaleza,True
7429,17,Cuiaba,Clayson Henrique da Silva Vieira,2,Normal,2,0,1,2.0,0-15,2021,Palmeiras,Cuiaba,False
7429,17,Cuiaba,Uillian Correia,90+4,Normal,90,4,2,90.04,90+,2021,Palmeiras,Cuiaba,False
7431,17,Corinthians,Roni,55,Normal,55,0,2,55.0,46-60,2021,Athletico-PR,Corinthians,False
7430,17,Flamengo,Victor Vinícius Coelho Santos,52,Normal,52,0,2,52.0,46-60,2021,Ceara,Flamengo,False
7430,17,Ceara,Vinícius,32,Normal,32,0,1,32.0,31-45,2021,Ceara,Flamengo,True
7432,17,Internacional,Gabriel Mercado,8,Normal,8,0,1,8.0,0-15,2021,Santos,Internacional,False
7432,17,Internacional,Yuri Alberto,88,Normal,88,0,2,88.0,76-90,2021,Santos,Internacional,False
7432,17,Santos,Gabriel Pirani,24,Normal,24,0,1,24.0,16-30,2021,Santos,Internacional,True
7432,17,Santos,Madson,35,Normal,35,0,1,35.0,31-45,2021,Santos,Internacional,True
7433,17,Sao Paulo,Pablo Felipe Teixeira,5,Normal,5,0,1,5.0,0-15,2021,Sport,Sao Paulo,False
7435,17,Fluminense,Fred,25,Penalty,25,0,1,25.0,16-30,2021,Fluminense,Atletico-MG,True
7435,17,Atletico-MG,Eduardo Sasha,84,Normal,84,0,2,84.0,76-90,2021,Fluminense,Atletico-MG,False
7434,17,Bragantino,Gabriel Novaes,88,Normal,88,0,2,88.0,76-90,2021,America-MG,Bragantino,False
7434,17,Bragantino,Ytalo José dos Santos,41,Normal,41,0,1,41.0,31-45,2021,America-MG,Bragantino,False
7437,18,Flamengo,Andreas Pereira,84,Normal,84,0,2,84.0,76-90,2021,Santos,Flamengo,False
7437,18,Flamengo,Gabriel Barbosa,52,Penalty,52,0,2,52.0,46-60,2021,Santos,Flamengo,False
7437,18,Flamengo,Gabriel Barbosa,71,Normal,71,0,2,71.0,61-75,2021,Santos,Flamengo,False
7437,18,Flamengo,Gabriel Barbosa,80,Normal,80,0,2,80.0,76-90,2021,Santos,Flamengo,False
7438,18,Corinthians,Jô,79,Normal,79,0,2,79.0,76-90,2021,Gremio,Corinthians,False
7439,18,Athletico-PR,Bissoli,66,Normal,66,0,2,66.0,61-75,2021,Palmeiras,Athletico-PR,False
7439,18,Palmeiras,Luan Garcia Teixeira,22,Normal,22,0,1,22.0,16-30,2021,Palmeiras,Athletico-PR,True
7439,18,Palmeiras,Rony,71,Normal,71,0,2,71.0,61-75,2021,Palmeiras,Athletico-PR,True
7440,18,America-MG,Fabrício Daniel de Souza,6,Normal,6,0,1,6.0,0-15,2021,America-MG,Ceara,True
7440,18,America-MG,Fabrício Daniel de Souza,61,Normal,61,0,2,61.0,61-75,2021,America-MG,Ceara,True
7441,18,Sao Paulo,Reinaldo Manoel da Silva,85,Penalty,85,0,2,85.0,76-90,2021,Juventude,Sao Paulo,False
7441,18,Juventude,Ricardo Bueno,90+1,Normal,90,1,2,90.01,90+,2021,Juventude,Sao Paulo,True
7443,18,Atletico-MG,Diego Costa,85,Normal,85,0,2,85.0,76-90,2021,Bragantino,Atletico-MG,False
7443,18,Bragantino,Nathan Silva,15,Gol Contra,15,0,1,15.0,0-15,2021,Bragantino,Atletico-MG,True
7444,18,Fluminense,Lucca Borges de Brito,36,Normal,36,0,1,36.0,31-45,2021,Fluminense,Bahia,True
7444,18,Fluminense,Raúl Bobadilla,90+7,Normal,90,7,2,90.07,90+,2021,Fluminense,Bahia,True
7405,14,Juventude,Lucca Borges de Brito,68,Gol Contra,68,0,2,68.0,61-75,2021,Fluminense,Juventude,False
7405,14,Fluminense,Jhon Arias,53,Normal,53,0,2,53.0,46-60,2021,Fluminense,Juventude,True
7446,19,Bahia,Hugo Rodallega,64,Normal,64,0,2,64.0,61-75,2021,Bahia,Fortaleza,True
7446,19,Fortaleza,Matheus Vargas,74,Normal,74,0,2,74.0,61-75,2021,Bahia,Fortaleza,False
7446,19,Bahia,Hugo Rodallega,67,Normal,67,0,2,67.0,61-75,2021,Bahia,Fortaleza,True
7446,19,Bahia,Hugo Rodallega,76,Normal,76,0,2,76.0,76-90,2021,Bahia,Fortaleza,True
7446,19,Bahia,Hugo Rodallega,42,Normal,42,0,1,42.0,31-45,2021,Bahia,Fortaleza,True
7446,19,Fortaleza,Yago Pikachu,70,Normal,70,0,2,70.0,61-75,2021,Bahia,Fortaleza,False
7447,19,Cuiaba,Jonathan Cafú,4,Normal,4,0,1,4.0,0-15,2021,Cuiaba,Santos,True
7447,19,Cuiaba,Elton Rodrigues Brandão,88,Normal,88,0,2,88.0,76-90,2021,Cuiaba,Santos,True
7447,19,Santos,Gabriel Pirani,64,Normal,64,0,2,64.0,61-75,2021,Cuiaba,Santos,False
7449,19,Corinthians,Róger Guedes,85,Normal,85,0,2,85.0,76-90,2021,Corinthians,Juventude,True
7449,19,Juventude,Ricardo Bueno,32,Normal,32,0,1,32.0,31-45,2021,Corinthians,Juventude,False
7450,19,Fluminense,Luiz Henrique,18,Normal,18,0,1,18.0,16-30,2021,Chapecoense,Fluminense,False
7450,19,Chapecoense,Pedro Perotti,61,Normal,61,0,2,61.0,61-75,2021,Chapecoense,Fluminense,True
7450,19,Fluminense,Raúl Bobadilla,10,Normal,10,0,1,10.0,0-15,2021,Chapecoense,Fluminense,False
7456,20,America-MG,Felipe Azevedo,48,Normal,48,0,2,48.0,46-60,2021,America-MG,Athletico-PR,True
7456,20,America-MG,Lucas Kal,70,Normal,70,0,2,70.0,61-75,2021,America-MG,Athletico-PR,True
7457,20,Juventude,Guilherme Castilho,55,Normal,55,0,2,55.0,46-60,2021,Juventude,Cuiaba,True
7457,20,Cuiaba,Jenison de Jesus Brito e Brito,67,Normal,67,0,2,67.0,61-75,2021,Juventude,Cuiaba,False
7457,20,Cuiaba,Juan Quintero Fletcher,45+1,Gol Contra,45,1,1,45.01,45+,2021,Juventude,Cuiaba,False
7458,20,Bragantino,Artur Victor Guimarães,38,Penalty,38,0,1,38.0,31-45,2021,Bragantino,Chapecoense,True
7458,20,Chapecoense,Mike dos Santos Nenatarvicius,78,Normal,78,0,2,78.0,76-90,2021,Bragantino,Chapecoense,False
7458,20,Chapecoense,Anselmo Ramon,90+5,Normal,90,5,2,90.05,90+,2021,Bragantino,Chapecoense,False
7460,20,Gremio,Diego Souza,43,Normal,43,0,1,43.0,31-45,2021,Gremio,Ceara,True
7460,20,Gremio,Aldemir Ferreira,45+1,Normal,45,1,1,45.01,45+,2021,Gremio,Ceara,True
7462,20,Palmeiras,Wesley Ribeiro Silva,15,Normal,15,0,1,15.0,0-15,2021,Palmeiras,Flamengo,True
7462,20,Flamengo,Michael Richard Delgado de Oliveira,17,Normal,17,0,1,17.0,16-30,2021,Palmeiras,Flamengo,False
7462,20,Flamengo,Michael Richard Delgado de Oliveira,81,Normal,81,0,2,81.0,76-90,2021,Palmeiras,Flamengo,False
7462,20,Flamengo,Pedro,57,Normal,57,0,2,57.0,46-60,2021,Palmeiras,Flamengo,False
7461,20,Atletico-MG,Matías Zaracho,49,Normal,49,0,2,49.0,46-60,2021,Fortaleza,Atletico-MG,False
7461,20,Atletico-MG,Junior Alonso,69,Normal,69,0,2,69.0,61-75,2021,Fortaleza,Atletico-MG,False
7463,20,Atletico-GO,Zé Roberto,89,Normal,89,0,2,89.0,76-90,2021,Atletico-GO,Corinthians,True
7463,20,Corinthians,Gabriel Pereira dos Santos,60,Normal,60,0,2,60.0,46-60,2021,Atletico-GO,Corinthians,False
7464,20,Sao Paulo,Reinaldo Manoel da Silva,60,Penalty,60,0,2,60.0,46-60,2021,Fluminense,Sao Paulo,False
7464,20,Fluminense,Nino,50,Normal,50,0,2,50.0,46-60,2021,Fluminense,Sao Paulo,True
7464,20,Fluminense,Luiz Henrique,66,Normal,66,0,2,66.0,61-75,2021,Fluminense,Sao Paulo,True
7465,20,Internacional,Patrick,4,Normal,4,0,1,4.0,0-15,2021,Sport,Internacional,False
7466,21,Palmeiras,Raphael Cavalcante Veiga,10,Normal,10,0,1,10.0,0-15,2021,Chapecoense,Palmeiras,False
7466,21,Palmeiras,Luiz Adriano,28,Normal,28,0,1,28.0,16-30,2021,Chapecoense,Palmeiras,False
7467,21,Athletico-PR,Bissoli,63,Penalty,63,0,2,63.0,61-75,2021,Athletico-PR,Juventude,True
7467,21,Athletico-PR,Renato Kayzer,71,Normal,71,0,2,71.0,61-75,2021,Athletico-PR,Juventude,True
7467,21,Juventude,Ricardo Bueno,56,Penalty,56,0,2,56.0,46-60,2021,Athletico-PR,Juventude,False
7468,21,Atletico-MG,Diego Costa,35,Normal,35,0,1,35.0,31-45,2021,Atletico-MG,Sport,True
7468,21,Atletico-MG,Eduardo Vargas,90+9,Penalty,90,9,2,90.09,90+,2021,Atletico-MG,Sport,True
7468,21,Atletico-MG,Hulk,45+1,Normal,45,1,1,45.01,45+,2021,Atletico-MG,Sport,True
7469,21,Bahia,Hugo Rodallega,62,Normal,62,0,2,62.0,61-75,2021,Bahia,Bragantino,True
7469,21,Bragantino,Ytalo José dos Santos,70,Normal,70,0,2,70.0,61-75,2021,Bahia,Bragantino,False
7471,21,Internacional,Edenílson Andrade dos Santos,90+3,Normal,90,3,2,90.03,90+,2021,Internacional,Fortaleza,True
7472,21,Sao Paulo,Emiliano Rigoni,36,Normal,36,0,1,36.0,31-45,2021,Sao Paulo,Atletico-GO,True
7472,21,Sao Paulo,Luciano da Rocha Neves,56,Normal,56,0,2,56.0,46-60,2021,Sao Paulo,Atletico-GO,True
7472,21,Atletico-GO,Matheus Barbosa Teixeira,71,Normal,71,0,2,71.0,61-75,2021,Sao Paulo,Atletico-GO,False
7473,21,Corinthians,Giuliano Victor de Paula,17,Normal,17,0,1,17.0,16-30,2021,Corinthians,America-MG,True
7473,21,America-MG,Marlon,7,Normal,7,0,1,7.0,0-15,2021,Corinthians,America-MG,False
7474,21,Gremio,Miguel Borja,45+3,Normal,45,3,1,45.03,45+,2021,Flamengo,Gremio,False
7475,21,Fluminense,Luiz Henrique,5,Normal,5,0,1,5.0,0-15,2021,Cuiaba,Fluminense,False
7475,21,Fluminense,Raúl Bobadilla,20,Normal,20,0,1,20.0,16-30,2021,Cuiaba,Fluminense,False
7475,21,Cuiaba,Jonathan Cafú,23,Penalty,23,0,1,23.0,16-30,2021,Cuiaba,Fluminense,True
7475,21,Cuiaba,Felipe Marques,76,Normal,76,0,2,76.0,76-90,2021,Cuiaba,Fluminense,True
7476,22,Ceara,Jael,53,Penalty,53,0,2,53.0,46-60,2021,Ceara,Chapecoense,True
7477,22,Palmeiras,Gabriel Menino,45+2,Normal,45,2,1,45.02,45+,2021,Corinthians,Palmeiras,False
7477,22,Corinthians,Róger Guedes,20,Normal,20,0,1,20.0,16-30,2021,Corinthians,Palmeiras,True
7477,22,Corinthians,Róger Guedes,84,Normal,84,0,2,84.0,76-90,2021,Corinthians,Palmeiras,True
7479,22,America-MG,Alexandre Egea,90+5,Normal,90,5,2,90.05,90+,2021,America-MG,Flamengo,True
7479,22,Flamengo,Michael Richard Delgado de Oliveira,89,Normal,89,0,2,89.0,76-90,2021,America-MG,Flamengo,False
7480,22,Internacional,Rodrigo Dourado,74,Normal,74,0,2,74.0,61-75,2021,Internacional,Bahia,True
7480,22,Internacional,Yuri Alberto,39,Normal,39,0,1,39.0,31-45,2021,Internacional,Bahia,True
7481,22,Fluminense,Fred,12,Normal,12,0,1,12.0,0-15,2021,Fluminense,Bragantino,True
7481,22,Fluminense,Luiz Henrique,42,Normal,42,0,1,42.0,31-45,2021,Fluminense,Bragantino,True
7481,22,Bragantino,Hélio Junio Nunes de Castro,62,Normal,62,0,2,62.0,61-75,2021,Fluminense,Bragantino,False
7482,22,Juventude,Ricardo Bueno,45+1,Normal,45,1,1,45.01,45+,2021,Juventude,Santos,True
7482,22,Juventude,Dawhan,64,Normal,64,0,2,64.0,61-75,2021,Juventude,Santos,True
7482,22,Juventude,Guilherme Castilho,84,Normal,84,0,2,84.0,76-90,2021,Juventude,Santos,True
7484,22,Athletico-PR,Pedro Rocha Neves,31,Normal,31,0,1,31.0,31-45,2021,Athletico-PR,Gremio,True
7484,22,Gremio,Thiago dos Santos,59,Normal,59,0,2,59.0,46-60,2021,Athletico-PR,Gremio,False
7484,22,Athletico-PR,Pedro Rocha Neves,45+1,Normal,45,1,1,45.01,45+,2021,Athletico-PR,Gremio,True
7484,22,Gremio,Vanderson de Oliveira Campos,84,Normal,84,0,2,84.0,76-90,2021,Athletico-PR,Gremio,False
7484,22,Athletico-PR,Renato Kayzer,55,Normal,55,0,2,55.0,46-60,2021,Athletico-PR,Gremio,True
7484,22,Athletico-PR,Renato Kayzer,61,Normal,61,0,2,61.0,61-75,2021,Athletico-PR,Gremio,True
7483,22,Fortaleza,Marcelo da Conceição Benevenuto Malaquias,33,Normal,33,0,1,33.0,31-45,2021,Sport,Fortaleza,False
7486,23,America-MG,Mauro Zárate,13,Normal,13,0,1,13.0,0-15,2021,Cuiaba,America-MG,False
7486,23,America-MG,Ademir,83,Normal,83,0,2,83.0,76-90,2021,Cuiaba,America-MG,False
7487,23,Atletico-GO,Gabriel Baralhas,75,Normal,75,0,2,75.0,61-75,2021,Fortaleza,Atletico-GO,False
7487,23,Atletico-GO,Brian Montenegro,90+5,Normal,90,5,2,90.05,90+,2021,Fortaleza,Atletico-GO,False
7487,23,Atletico-GO,Felipe,18,Gol Contra,18,0,1,18.0,16-30,2021,Fortaleza,Atletico-GO,False
7488,23,Corinthians,Renato Augusto,90,Normal,90,0,2,90.0,76-90,2021,Bragantino,Corinthians,False
7488,23,Corinthians,Gustavo Mosquito,90+6,Normal,90,6,2,90.06,90+,2021,Bragantino,Corinthians,False
7488,23,Bragantino,Luan Cândido,56,Normal,56,0,2,56.0,46-60,2021,Bragantino,Corinthians,True
7488,23,Bragantino,Jan Hurtado,84,Normal,84,0,2,84.0,76-90,2021,Bragantino,Corinthians,True
7489,23,Atletico-MG,Keno,78,Normal,78,0,2,78.0,76-90,2021,Atletico-MG,Internacional,True
7490,23,Flamengo,Bruno Henrique,10,Normal,10,0,1,10.0,0-15,2021,Flamengo,Athletico-PR,True
7490,23,Flamengo,Andreas Pereira,45+4,Normal,45,4,1,45.04,45+,2021,Flamengo,Athletico-PR,True
7490,23,Flamengo,Éverton Ribeiro,5,Normal,5,0,1,5.0,0-15,2021,Flamengo,Athletico-PR,True
7491,23,Chapecoense,Mike dos Santos Nenatarvicius,76,Normal,76,0,2,76.0,76-90,2021,Chapecoense,Sao Paulo,True
7491,23,Sao Paulo,Emiliano Rigoni,36,Normal,36,0,1,36.0,31-45,2021,Chapecoense,Sao Paulo,False
7492,23,Palmeiras,Danilo dos Santos de Oliveira,29,Normal,29,0,1,29.0,16-30,2021,Palmeiras,Juventude,True
7492,23,Juventude,Guilherme Castilho,6,Normal,6,0,1,6.0,0-15,2021,Palmeiras,Juventude,False
7493,23,Sport,Mikael,70,Normal,70,0,2,70.0,61-75,2021,Gremio,Sport,False
7493,23,Gremio,Douglas Costa,85,Normal,85,0,2,85.0,76-90,2021,Gremio,Sport,True
7493,23,Sport,Gustavo,53,Normal,53,0,2,53.0,46-60,2021,Gremio,Sport,False
7496,24,Bahia,Gilberto Oliveira Souza Junior,33,Penalty,33,0,1,33.0,31-45,2021,Corinthians,Bahia,False
7496,24,Corinthians,Víctor Cantillo,52,Normal,52,0,2,52.0,46-60,2021,Corinthians,Bahia,True
7496,24,Corinthians,Jô,69,Normal,69,0,2,69.0,61-75,2021,Corinthians,Bahia,True
7496,24,Corinthians,Róger Guedes,45+4,Penalty,45,4,1,45.04,45+,2021,Corinthians,Bahia,True
7497,24,Atletico-MG,Dylan Borrero,19,Normal,19,0,1,19.0,16-30,2021,Chapecoense,Atletico-MG,False
7497,24,Atletico-MG,Eduardo Sasha,83,Normal,83,0,2,83.0,76-90,2021,Chapecoense,Atletico-MG,False
7497,24,Chapecoense,Mike dos Santos Nenatarvicius,70,Penalty,70,0,2,70.0,61-75,2021,Chapecoense,Atletico-MG,True
7497,24,Chapecoense,Geuvânio,28,Normal,28,0,1,28.0,16-30,2021,Chapecoense,Atletico-MG,True
7498,24,Athletico-PR,Márcio Almeida de Oliveira,43,Normal,43,0,1,43.0,31-45,2021,Atletico-GO,Athletico-PR,False
7498,24,Athletico-PR,David Terans,51,Normal,51,0,2,51.0,46-60,2021,Atletico-GO,Athletico-PR,False
7499,24,Sport,José Welison,36,Normal,36,0,1,36.0,31-45,2021,Sport,Juventude,True
7499,24,Sport,Mikael,49,Normal,49,0,2,49.0,46-60,2021,Sport,Juventude,True
7499,24,Sport,Francisco Alves da Silva Neto,69,Normal,69,0,2,69.0,61-75,2021,Sport,Juventude,True
7499,24,Juventude,Paulo Bóia,80,Penalty,80,0,2,80.0,76-90,2021,Sport,Juventude,False
7501,24,Flamengo,Pedro,39,Normal,39,0,1,39.0,31-45,2021,Bragantino,Flamengo,False
7501,24,Bragantino,Artur Victor Guimarães,58,Normal,58,0,2,58.0,46-60,2021,Bragantino,Flamengo,True
7504,24,Cuiaba,Marllon Borges,79,Normal,79,0,2,79.0,76-90,2021,Gremio,Cuiaba,False
7504,24,Gremio,Alisson Euler de Freitas Castro,52,Normal,52,0,2,52.0,46-60,2021,Gremio,Cuiaba,True
7504,24,Gremio,Alisson Euler de Freitas Castro,82,Normal,82,0,2,82.0,76-90,2021,Gremio,Cuiaba,True
7504,24,Cuiaba,Max Alves,23,Normal,23,0,1,23.0,16-30,2021,Gremio,Cuiaba,False
7502,24,Fortaleza,Marcelo da Conceição Benevenuto Malaquias,49,Normal,49,0,2,49.0,46-60,2021,Fluminense,Fortaleza,False
7502,24,Fortaleza,Cristian Chagas Tarouco,60,Normal,60,0,2,60.0,46-60,2021,Fluminense,Fortaleza,False
7503,24,Palmeiras,Rony,29,Normal,29,0,1,29.0,16-30,2021,America-MG,Palmeiras,False
7503,24,America-MG,Patric Cabral Lalau,73,Normal,73,0,2,73.0,61-75,2021,America-MG,Palmeiras,True
7503,24,America-MG,Ademir,90+3,Penalty,90,3,2,90.03,90+,2021,America-MG,Palmeiras,True
7505,24,Sao Paulo,Jonathan Calleri,35,Penalty,35,0,1,35.0,31-45,2021,Sao Paulo,Santos,True
7505,24,Santos,Carlos Andrés Sánchez,5,Normal,5,0,1,5.0,0-15,2021,Sao Paulo,Santos,False
7507,25,Ceara,Gabriel Lacerda,90+2,Normal,90,2,2,90.02,90+,2021,Atletico-MG,Ceara,False
7507,25,Atletico-MG,Hulk,45+10,Penalty,45,10,1,45.1,45+,2021,Atletico-MG,Ceara,True
7507,25,Atletico-MG,Hulk,32,Normal,32,0,1,32.0,31-45,2021,Atletico-MG,Ceara,True
7507,25,Atletico-MG,Diego Costa,87,Normal,87,0,2,87.0,76-90,2021,Atletico-MG,Ceara,True
7508,25,Sport,Paulinho Moccelin,81,Normal,81,0,2,81.0,76-90,2021,Sport,Corinthians,True
7509,25,Flamengo,Michael Richard Delgado de Oliveira,67,Normal,67,0,2,67.0,61-75,2021,Fortaleza,Flamengo,False
7509,25,Flamengo,Pedro,60,Normal,60,0,2,60.0,46-60,2021,Fortaleza,Flamengo,False
7509,25,Flamengo,Michael Richard Delgado de Oliveira,64,Normal,64,0,2,64.0,61-75,2021,Fortaleza,Flamengo,False
7510,25,Bahia,Raí Nascimento de Oliveira,44,Normal,44,0,1,44.0,31-45,2021,Athletico-PR,Bahia,False
7510,25,Bahia,Gilberto Oliveira Souza Junior,50,Normal,50,0,2,50.0,46-60,2021,Athletico-PR,Bahia,False
7511,25,Bragantino,Ytalo José dos Santos,13,Normal,13,0,1,13.0,0-15,2021,Palmeiras,Bragantino,False
7511,25,Bragantino,Tomás Cuello,34,Normal,34,0,1,34.0,31-45,2021,Palmeiras,Bragantino,False
7511,25,Bragantino,Artur Victor Guimarães,36,Normal,36,0,1,36.0,31-45,2021,Palmeiras,Bragantino,False
7511,25,Palmeiras,Raphael Cavalcante Veiga,62,Penalty,62,0,2,62.0,61-75,2021,Palmeiras,Bragantino,True
7511,25,Palmeiras,Eduardo Pereira Rodrigues,43,Normal,43,0,1,43.0,31-45,2021,Palmeiras,Bragantino,True
7511,25,Bragantino,Artur Victor Guimarães,76,Normal,76,0,2,76.0,76-90,2021,Palmeiras,Bragantino,False
7512,25,Juventude,Dawhan,44,Normal,44,0,1,44.0,31-45,2021,Juventude,America-MG,True
7512,25,America-MG,Juninho,11,Normal,11,0,1,11.0,0-15,2021,Juventude,America-MG,False
7513,25,Internacional,Yuri Alberto,40,Normal,40,0,1,40.0,31-45,2021,Internacional,Chapecoense,True
7513,25,Chapecoense,Mike dos Santos Nenatarvicius,82,Normal,82,0,2,82.0,76-90,2021,Internacional,Chapecoense,False
7513,25,Internacional,Taison,6,Normal,6,0,1,6.0,0-15,2021,Internacional,Chapecoense,True
7513,25,Internacional,Yuri Alberto,2,Normal,2,0,1,2.0,0-15,2021,Internacional,Chapecoense,True
7513,25,Internacional,Matheus Cadorini,58,Normal,58,0,2,58.0,46-60,2021,Internacional,Chapecoense,True
7513,25,Internacional,Yuri Alberto,36,Normal,36,0,1,36.0,31-45,2021,Internacional,Chapecoense,True
7513,25,Chapecoense,Mike dos Santos Nenatarvicius,61,Normal,61,0,2,61.0,61-75,2021,Internacional,Chapecoense,False
7514,25,Santos,Wagner Leonardo,90+2,Normal,90,2,2,90.02,90+,2021,Santos,Gremio,True
7516,26,Bragantino,Jadsom,69,Normal,69,0,2,69.0,61-75,2021,Bragantino,Atletico-GO,True
7518,26,Atletico-MG,Nathan Silva,75,Normal,75,0,2,75.0,61-75,2021,Atletico-MG,Santos,True
7518,26,Santos,Raniel,48,Normal,48,0,2,48.0,46-60,2021,Atletico-MG,Santos,False
7518,26,Atletico-MG,Ignacio Fernández,81,Normal,81,0,2,81.0,76-90,2021,Atletico-MG,Santos,True
7518,26,Atletico-MG,Ignacio Fernández,69,Penalty,69,0,2,69.0,61-75,2021,Atletico-MG,Santos,True
7519,26,Chapecoense,Matheus Antunes Ribeiro,58,Normal,58,0,2,58.0,46-60,2021,Chapecoense,Athletico-PR,True
7519,26,Athletico-PR,Christian Roberto Alves Cardoso,89,Normal,89,0,2,89.0,76-90,2021,Chapecoense,Athletico-PR,False
7520,26,Flamengo,Kenedy,12,Normal,12,0,1,12.0,0-15,2021,Flamengo,Juventude,True
7520,26,Flamengo,Pedro,26,Normal,26,0,1,26.0,16-30,2021,Flamengo,Juventude,True
7520,26,Flamengo,Andreas Pereira,35,Normal,35,0,1,35.0,31-45,2021,Flamengo,Juventude,True
7520,26,Juventude,William Matheus,57,Normal,57,0,2,57.0,46-60,2021,Flamengo,Juventude,False
7521,26,Fortaleza,Yago Pikachu,79,Normal,79,0,2,79.0,76-90,2021,Fortaleza,Gremio,True
7522,26,Corinthians,Gabriel Pereira dos Santos,69,Normal,69,0,2,69.0,61-75,2021,Corinthians,Fluminense,True
7523,26,Internacional,Yuri Alberto,90,Normal,90,0,2,90.0,76-90,2021,Internacional,America-MG,True
7523,26,America-MG,Ademir,16,Normal,16,0,1,16.0,16-30,2021,Internacional,America-MG,False
7523,26,Internacional,Patrick,14,Normal,14,0,1,14.0,0-15,2021,Internacional,America-MG,True
7523,26,Internacional,Patrick,64,Normal,64,0,2,64.0,61-75,2021,Internacional,America-MG,True
7525,26,Cuiaba,Elton Rodrigues Brandão,69,Penalty,69,0,2,69.0,61-75,2021,Cuiaba,Sport,True
7524,26,Sao Paulo,Jonathan Calleri,52,Normal,52,0,2,52.0,46-60,2021,Sao Paulo,Ceara,True
7524,26,Ceara,Fabinho,23,Normal,23,0,1,23.0,16-30,2021,Sao Paulo,Ceara,False
7526,27,Chapecoense,Rodriguinho,42,Normal,42,0,1,42.0,31-45,2021,Chapecoense,Fortaleza,True
7526,27,Fortaleza,Bruno Ferreira Melo,6,Normal,6,0,1,6.0,0-15,2021,Chapecoense,Fortaleza,False
7526,27,Fortaleza,Yago Pikachu,90+3,Penalty,90,3,2,90.03,90+,2021,Chapecoense,Fortaleza,False
7528,27,Fluminense,Ivaldo,34,Gol Contra,34,0,1,34.0,31-45,2021,Athletico-PR,Fluminense,False
7529,27,Palmeiras,Raphael Cavalcante Veiga,52,Penalty,52,0,2,52.0,46-60,2021,Palmeiras,Internacional,True
7530,27,Bragantino,Alerrandro Barra Mansa Realino de Souza,70,Normal,70,0,2,70.0,61-75,2021,Ceara,Bragantino,False
7530,27,Ceara,Fabrício Bruno,90+1,Gol Contra,90,1,2,90.01,90+,2021,Ceara,Bragantino,True
7530,27,Ceara,Gabriel Lacerda,90+8,Normal,90,8,2,90.08,90+,2021,Ceara,Bragantino,True
7530,27,Bragantino,Hélio Junio Nunes de Castro,12,Normal,12,0,1,12.0,0-15,2021,Ceara,Bragantino,False
7531,27,Juventude,Marcos Vinicios,59,Normal,59,0,2,59.0,46-60,2021,Gremio,Juventude,False
7531,27,Gremio,Douglas Costa,23,Normal,23,0,1,23.0,16-30,2021,Gremio,Juventude,True
7531,27,Juventude,Roberson,90+4,Normal,90,4,2,90.04,90+,2021,Gremio,Juventude,False
7531,27,Gremio,Diego Souza,25,Normal,25,0,1,25.0,16-30,2021,Gremio,Juventude,True
7531,27,Gremio,Mathías Villasanti,56,Normal,56,0,2,56.0,46-60,2021,Gremio,Juventude,True
7532,27,Atletico-MG,Nathan Silva,59,Normal,59,0,2,59.0,46-60,2021,Atletico-GO,Atletico-MG,False
7532,27,Atletico-GO,Janderson,65,Normal,65,0,2,65.0,61-75,2021,Atletico-GO,Atletico-MG,True
7532,27,Atletico-GO,Oliveira,81,Normal,81,0,2,81.0,76-90,2021,Atletico-GO,Atletico-MG,True
7535,27,Sao Paulo,Jonathan Calleri,7,Normal,7,0,1,7.0,0-15,2021,Sao Paulo,Corinthians,True
7452,19,Ceara,Cléber,89,Normal,89,0,2,89.0,76-90,2021,Ceara,Palmeiras,True
7452,19,Palmeiras,José Rafael Vivian,45+4,Normal,45,4,1,45.04,45+,2021,Ceara,Palmeiras,False
7452,19,Palmeiras,Deyverson,72,Normal,72,0,2,72.0,61-75,2021,Ceara,Palmeiras,False
7453,19,Internacional,Maurício,39,Normal,39,0,1,39.0,31-45,2021,Internacional,Bragantino,True
7453,19,Bragantino,Bruno Gonçalves,90+5,Normal,90,5,2,90.05,90+,2021,Internacional,Bragantino,False
7536,28,America-MG,Alexandre Egea,47,Normal,47,0,2,47.0,46-60,2021,Santos,America-MG,False
7536,28,America-MG,Ademir,45+4,Penalty,45,4,1,45.04,45+,2021,Santos,America-MG,False
7538,28,Fluminense,John Kennedy,61,Normal,61,0,2,61.0,61-75,2021,Fluminense,Flamengo,True
7538,28,Fluminense,Abel Hernández,85,Normal,85,0,2,85.0,76-90,2021,Fluminense,Flamengo,True
7538,28,Flamengo,Renê Rodrigues Martins,71,Normal,71,0,2,71.0,61-75,2021,Fluminense,Flamengo,False
7538,28,Fluminense,John Kennedy,17,Normal,17,0,1,17.0,16-30,2021,Fluminense,Flamengo,True
7539,28,Fortaleza,Yago Pikachu,7,Normal,7,0,1,7.0,0-15,2021,Fortaleza,Athletico-PR,True
7539,28,Fortaleza,Robson Fernandes,61,Normal,61,0,2,61.0,61-75,2021,Fortaleza,Athletico-PR,True
7539,28,Fortaleza,Lucas Rafael Araújo Lima,1,Normal,1,0,1,1.0,0-15,2021,Fortaleza,Athletico-PR,True
7540,28,Corinthians,Giuliano Victor de Paula,61,Normal,61,0,2,61.0,61-75,2021,Internacional,Corinthians,False
7540,28,Corinthians,Fábio Santos,67,Penalty,67,0,2,67.0,61-75,2021,Internacional,Corinthians,False
7540,28,Internacional,Rodrigo Lindoso,9,Normal,9,0,1,9.0,0-15,2021,Internacional,Corinthians,True
7540,28,Internacional,Gustavo Maia,90+3,Normal,90,3,2,90.03,90+,2021,Internacional,Corinthians,True
7541,28,Atletico-MG,Hulk,4,Normal,4,0,1,4.0,0-15,2021,Atletico-MG,Cuiaba,True
7541,28,Cuiaba,Nathan Silva,2,Gol Contra,2,0,1,2.0,0-15,2021,Atletico-MG,Cuiaba,False
7541,28,Atletico-MG,Jair Rodrigues Júnior,45+3,Normal,45,3,1,45.03,45+,2021,Atletico-MG,Cuiaba,True
7542,28,Bragantino,Luan Cândido,56,Normal,56,0,2,56.0,46-60,2021,Bragantino,Sao Paulo,True
7543,28,Bahia,Gilberto Oliveira Souza Junior,2,Normal,2,0,1,2.0,0-15,2021,Bahia,Chapecoense,True
7543,28,Bahia,Raí Nascimento de Oliveira,20,Normal,20,0,1,20.0,16-30,2021,Bahia,Chapecoense,True
7543,28,Bahia,Luiz Otávio da Silva Santos,52,Normal,52,0,2,52.0,46-60,2021,Bahia,Chapecoense,True
7544,28,Atletico-GO,Marlon Freitas,72,Penalty,72,0,2,72.0,61-75,2021,Atletico-GO,Gremio,True
7544,28,Atletico-GO,Igor Aquino da Silva,43,Normal,43,0,1,43.0,31-45,2021,Atletico-GO,Gremio,True
7545,28,Palmeiras,Luiz Adriano,53,Normal,53,0,2,53.0,46-60,2021,Palmeiras,Sport,True
7545,28,Palmeiras,Felipe Melo,81,Normal,81,0,2,81.0,76-90,2021,Palmeiras,Sport,True
7545,28,Sport,Leandro Barcia Montero,4,Normal,4,0,1,4.0,0-15,2021,Palmeiras,Sport,False
7494,23,Santos,Madson,33,Normal,33,0,1,33.0,31-45,2021,Santos,Fluminense,True
7494,23,Santos,Diego Tardelli,62,Normal,62,0,2,62.0,61-75,2021,Santos,Fluminense,True
7495,23,Ceara,Stiven Mendoza,54,Normal,54,0,2,54.0,46-60,2021,Bahia,Ceara,False
7495,23,Bahia,Gilberto Oliveira Souza Junior,57,Normal,57,0,2,57.0,46-60,2021,Bahia,Ceara,True
7546,34,Bragantino,Tomás Cuello,87,Normal,87,0,2,87.0,76-90,2021,Bragantino,Sport,True
7546,34,Bragantino,Francisco Alves da Silva Neto,50,Gol Contra,50,0,2,50.0,46-60,2021,Bragantino,Sport,True
7546,34,Bragantino,Ytalo José dos Santos,3,Normal,3,0,1,3.0,0-15,2021,Bragantino,Sport,True
7556,29,Santos,Madson,48,Normal,48,0,2,48.0,46-60,2021,Athletico-PR,Santos,False
7557,29,Flamengo,Michael Richard Delgado de Oliveira,25,Normal,25,0,1,25.0,16-30,2021,Flamengo,Atletico-MG,True
7559,29,Fortaleza,David Corrêa da Fonseca,51,Normal,51,0,2,51.0,46-60,2021,America-MG,Fortaleza,False
7559,29,America-MG,Ademir,42,Penalty,42,0,1,42.0,31-45,2021,America-MG,Fortaleza,True
7559,29,America-MG,Felipe Azevedo,84,Normal,84,0,2,84.0,76-90,2021,America-MG,Fortaleza,True
7560,29,Gremio,Diego Souza,12,Normal,12,0,1,12.0,0-15,2021,Gremio,Palmeiras,True
7560,29,Palmeiras,Raphael Cavalcante Veiga,45+1,Penalty,45,1,1,45.01,45+,2021,Gremio,Palmeiras,False
7560,29,Palmeiras,Raphael Cavalcante Veiga,45+5,Normal,45,5,1,45.05,45+,2021,Gremio,Palmeiras,False
7560,29,Palmeiras,Breno Lopes,90+4,Normal,90,4,2,90.04,90+,2021,Gremio,Palmeiras,False
7561,29,Ceara,Vinícius,7,Penalty,7,0,1,7.0,0-15,2021,Ceara,Fluminense,True
7562,29,Sao Paulo,Gabriel Sara,5,Normal,5,0,1,5.0,0-15,2021,Sao Paulo,Internacional,True
7563,29,Sport,Mikael,86,Normal,86,0,2,86.0,76-90,2021,Sport,Atletico-GO,True
7563,29,Sport,Mikael,76,Penalty,76,0,2,76.0,76-90,2021,Sport,Atletico-GO,True
7564,29,Cuiaba,Rafael Gustavo Meneghel Gava,90+4,Normal,90,4,2,90.04,90+,2021,Cuiaba,Bragantino,True
7565,29,Corinthians,Róger Guedes,90+8,Normal,90,8,2,90.08,90+,2021,Corinthians,Chapecoense,True
7305,4,Athletico-PR,Renato Kayzer,63,Normal,63,0,2,63.0,61-75,2021,Athletico-PR,Flamengo,True
7305,4,Athletico-PR,Bissoli,90+5,Normal,90,5,2,90.05,90+,2021,Athletico-PR,Flamengo,True
7305,4,Flamengo,Gabriel Barbosa,17,Normal,17,0,1,17.0,16-30,2021,Athletico-PR,Flamengo,False
7305,4,Flamengo,Gabriel Barbosa,29,Normal,29,0,1,29.0,16-30,2021,Athletico-PR,Flamengo,False
7454,19,Atletico-MG,Matías Zaracho,12,Normal,12,0,1,12.0,0-15,2021,Atletico-MG,Gremio,True
7454,19,Gremio,Jaminton Campaz,56,Normal,56,0,2,56.0,46-60,2021,Atletico-MG,Gremio,False
7454,19,Atletico-MG,Eduardo Vargas,75,Penalty,75,0,2,75.0,61-75,2021,Atletico-MG,Gremio,True
7455,19,Flamengo,Michael Richard Delgado de Oliveira,44,Normal,44,0,1,44.0,31-45,2021,Flamengo,Atletico-GO,True
7455,19,Flamengo,Michael Richard Delgado de Oliveira,74,Normal,74,0,2,74.0,61-75,2021,Flamengo,Atletico-GO,True
7576,30,Corinthians,Víctor Cantillo,87,Normal,87,0,2,87.0,76-90,2021,Corinthians,Fortaleza,True
7577,30,Internacional,Taison,40,Normal,40,0,1,40.0,31-45,2021,Internacional,Gremio,True
7578,30,Fluminense,David Braz,90+6,Normal,90,6,2,90.06,90+,2021,Fluminense,Sport,True
7581,30,Palmeiras,Rony,44,Normal,44,0,1,44.0,31-45,2021,Santos,Palmeiras,False
7581,30,Palmeiras,Raphael Cavalcante Veiga,72,Normal,72,0,2,72.0,61-75,2021,Santos,Palmeiras,False
7579,30,Athletico-PR,Márcio Almeida de Oliveira,60,Normal,60,0,2,60.0,46-60,2021,Bragantino,Athletico-PR,False
7579,30,Athletico-PR,Pedro Rocha Neves,90+1,Normal,90,1,2,90.01,90+,2021,Bragantino,Athletico-PR,False
7580,30,Atletico-MG,Guilherme Arana,62,Normal,62,0,2,62.0,61-75,2021,Atletico-MG,America-MG,True
7582,30,Bahia,Rossicley Pereira da Silva,77,Normal,77,0,2,77.0,76-90,2021,Bahia,Sao Paulo,True
7583,30,Ceara,Messias Rodrigues da Silva Júnior,48,Normal,48,0,2,48.0,46-60,2021,Ceara,Cuiaba,True
7584,30,Chapecoense,Kaio Nunes,31,Normal,31,0,1,31.0,31-45,2021,Chapecoense,Flamengo,True
7584,30,Chapecoense,Kaio Nunes,35,Normal,35,0,1,35.0,31-45,2021,Chapecoense,Flamengo,True
7584,30,Flamengo,Matheuzinho,26,Normal,26,0,1,26.0,16-30,2021,Chapecoense,Flamengo,False
7584,30,Flamengo,Michael Richard Delgado de Oliveira,41,Normal,41,0,1,41.0,31-45,2021,Chapecoense,Flamengo,False
7567,31,Gremio,Diego Souza,62,Normal,62,0,2,62.0,61-75,2021,Gremio,Fluminense,True
7568,31,Athletico-PR,Renato Kayzer,44,Normal,44,0,1,44.0,31-45,2021,Athletico-PR,Ceara,True
7568,31,Athletico-PR,Pedro Henrique Ribeiro Gonçalves,68,Normal,68,0,2,68.0,61-75,2021,Athletico-PR,Ceara,True
7568,31,Ceara,Rick,52,Normal,52,0,2,52.0,46-60,2021,Athletico-PR,Ceara,False
7570,31,Santos,Carlos Andrés Sánchez,90+3,Penalty,90,3,2,90.03,90+,2021,Santos,Bragantino,True
7570,31,Santos,Marinho,28,Normal,28,0,1,28.0,16-30,2021,Santos,Bragantino,True
7569,31,Atletico-MG,Diego Costa,14,Normal,14,0,1,14.0,0-15,2021,Atletico-MG,Corinthians,True
7569,31,Atletico-MG,Keno,51,Normal,51,0,2,51.0,46-60,2021,Atletico-MG,Corinthians,True
7569,31,Atletico-MG,Hulk,90+5,Normal,90,5,2,90.05,90+,2021,Atletico-MG,Corinthians,True
7571,31,Palmeiras,Raphael Cavalcante Veiga,14,Normal,14,0,1,14.0,0-15,2021,Palmeiras,Atletico-GO,True
7571,31,Palmeiras,Gustavo Scarpa,64,Penalty,64,0,2,64.0,61-75,2021,Palmeiras,Atletico-GO,True
7571,31,Palmeiras,Rony,31,Normal,31,0,1,31.0,31-45,2021,Palmeiras,Atletico-GO,True
7571,31,Palmeiras,Breno Lopes,90,Normal,90,0,2,90.0,76-90,2021,Palmeiras,Atletico-GO,True
7574,31,Juventude,Paulo Victor,86,Gol Contra,86,0,2,86.0,76-90,2021,Juventude,Internacional,True
7574,31,Juventude,Dawhan,65,Normal,65,0,2,65.0,61-75,2021,Juventude,Internacional,True
7574,31,Internacional,Matheus Cadorini,88,Normal,88,0,2,88.0,76-90,2021,Juventude,Internacional,False
7572,31,Sao Paulo,Martín Benítez,90+3,Normal,90,3,2,90.03,90+,2021,Fortaleza,Sao Paulo,False
7572,31,Fortaleza,Robson Fernandes,59,Normal,59,0,2,59.0,46-60,2021,Fortaleza,Sao Paulo,True
7573,31,America-MG,Ademir,52,Normal,52,0,2,52.0,46-60,2021,Sport,America-MG,False
7573,31,Sport,Mikael,66,Normal,66,0,2,66.0,61-75,2021,Sport,America-MG,True
7573,31,America-MG,Paulo Roberto Valoura Junior,83,Normal,83,0,2,83.0,76-90,2021,Sport,America-MG,False
7573,31,Sport,José Welison,76,Normal,76,0,2,76.0,76-90,2021,Sport,America-MG,True
7573,31,America-MG,Alexandre Egea,17,Normal,17,0,1,17.0,16-30,2021,Sport,America-MG,False
7575,31,Flamengo,Michael Richard Delgado de Oliveira,58,Normal,58,0,2,58.0,46-60,2021,Flamengo,Bahia,True
7575,31,Flamengo,Andreas Pereira,89,Normal,89,0,2,89.0,76-90,2021,Flamengo,Bahia,True
7575,31,Flamengo,Gabriel Barbosa,32,Penalty,32,0,1,32.0,31-45,2021,Flamengo,Bahia,True
7587,32,Gremio,Aldemir Ferreira,55,Normal,55,0,2,55.0,46-60,2021,America-MG,Gremio,False
7587,32,America-MG,Felipe Azevedo,4,Normal,4,0,1,4.0,0-15,2021,America-MG,Gremio,True
7587,32,America-MG,Ademir,45+4,Penalty,45,4,1,45.04,45+,2021,America-MG,Gremio,True
7587,32,America-MG,Juninho,47,Normal,47,0,2,47.0,46-60,2021,America-MG,Gremio,True
7588,32,Bragantino,Artur Victor Guimarães,60,Penalty,60,0,2,60.0,46-60,2021,Bragantino,Fortaleza,True
7588,32,Bragantino,Hélio Junio Nunes de Castro,4,Normal,4,0,1,4.0,0-15,2021,Bragantino,Fortaleza,True
7588,32,Bragantino,Ytalo José dos Santos,15,Normal,15,0,1,15.0,0-15,2021,Bragantino,Fortaleza,True
7589,32,Internacional,Edenílson Andrade dos Santos,65,Normal,65,0,2,65.0,61-75,2021,Internacional,Athletico-PR,True
7589,32,Athletico-PR,David Terans,37,Normal,37,0,1,37.0,31-45,2021,Internacional,Athletico-PR,False
7589,32,Internacional,Edenílson Andrade dos Santos,40,Normal,40,0,1,40.0,31-45,2021,Internacional,Athletico-PR,True
7590,32,Corinthians,Róger Guedes,57,Normal,57,0,2,57.0,46-60,2021,Corinthians,Cuiaba,True
7590,32,Cuiaba,Pepê,45+2,Normal,45,2,1,45.02,45+,2021,Corinthians,Cuiaba,False
7590,32,Cuiaba,Paulo Marcos de Jesus Ribeiro,78,Normal,78,0,2,78.0,76-90,2021,Corinthians,Cuiaba,False
7590,32,Corinthians,Giuliano Victor de Paula,3,Normal,3,0,1,3.0,0-15,2021,Corinthians,Cuiaba,True
7590,32,Corinthians,Renato Augusto,51,Normal,51,0,2,51.0,46-60,2021,Corinthians,Cuiaba,True
7591,32,Flamengo,Bruno Henrique,4,Normal,4,0,1,4.0,0-15,2021,Sao Paulo,Flamengo,False
7591,32,Flamengo,Michael Richard Delgado de Oliveira,42,Normal,42,0,1,42.0,31-45,2021,Sao Paulo,Flamengo,False
7591,32,Flamengo,Michael Richard Delgado de Oliveira,55,Normal,55,0,2,55.0,46-60,2021,Sao Paulo,Flamengo,False
7591,32,Flamengo,Gabriel Barbosa,1,Normal,1,0,1,1.0,0-15,2021,Sao Paulo,Flamengo,False
7592,32,Fluminense,Yago Rocha,88,Normal,88,0,2,88.0,76-90,2021,Fluminense,Palmeiras,True
7592,32,Palmeiras,Eduardo Pereira Rodrigues,28,Normal,28,0,1,28.0,16-30,2021,Fluminense,Palmeiras,False
7592,32,Fluminense,Yago Rocha,46,Normal,46,0,2,46.0,46-60,2021,Fluminense,Palmeiras,True
7593,32,Sport,Mikael,61,Normal,61,0,2,61.0,61-75,2021,Ceara,Sport,False
7593,32,Ceara,Vinícius,9,Normal,9,0,1,9.0,0-15,2021,Ceara,Sport,True
7593,32,Ceara,Marlon,80,Normal,80,0,2,80.0,76-90,2021,Ceara,Sport,True
7594,32,Juventude,Guilherme Castilho,2,Normal,2,0,1,2.0,0-15,2021,Chapecoense,Juventude,False
7594,32,Juventude,Vitor Mendes,26,Normal,26,0,1,26.0,16-30,2021,Chapecoense,Juventude,False
7596,33,Atletico-MG,Matías Zaracho,45,Normal,45,0,1,45.0,31-45,2021,Athletico-PR,Atletico-MG,False
7597,33,Gremio,Diego Souza,5,Normal,5,0,1,5.0,0-15,2021,Gremio,Bragantino,True
7597,33,Gremio,Lucas Silva Borges,34,Normal,34,0,1,34.0,31-45,2021,Gremio,Bragantino,True
7597,33,Gremio,Jhonata Robert Alves da Silva,38,Normal,38,0,1,38.0,31-45,2021,Gremio,Bragantino,True
7599,33,Santos,Marinho,27,Penalty,27,0,1,27.0,16-30,2021,Santos,Chapecoense,True
7599,33,Santos,Marcos Guilherme,84,Normal,84,0,2,84.0,76-90,2021,Santos,Chapecoense,True
7600,33,Cuiaba,Elton Rodrigues Brandão,69,Penalty,69,0,2,69.0,61-75,2021,Cuiaba,Internacional,True
7601,33,Ceara,Lima,14,Normal,14,0,1,14.0,0-15,2021,Fortaleza,Ceara,False
7601,33,Ceara,Vinícius,45+2,Normal,45,2,1,45.02,45+,2021,Fortaleza,Ceara,False
7601,33,Ceara,Vinícius,86,Normal,86,0,2,86.0,76-90,2021,Fortaleza,Ceara,False
7601,33,Ceara,Yony González,90+3,Normal,90,3,2,90.03,90+,2021,Fortaleza,Ceara,False
7602,33,Sao Paulo,Gabriel Sara,24,Normal,24,0,1,24.0,16-30,2021,Palmeiras,Sao Paulo,False
7602,33,Sao Paulo,Luciano da Rocha Neves,61,Normal,61,0,2,61.0,61-75,2021,Palmeiras,Sao Paulo,False
7603,33,Juventude,Vitor Mendes,18,Normal,18,0,1,18.0,16-30,2021,Juventude,Fluminense,True
7604,33,Flamengo,Bruno Henrique,90+4,Normal,90,4,2,90.04,90+,2021,Flamengo,Corinthians,True
7605,33,Sport,Paulinho Moccelin,66,Normal,66,0,2,66.0,61-75,2021,Sport,Bahia,True
7547,34,Atletico-MG,Hulk,76,Normal,76,0,2,76.0,76-90,2021,Atletico-MG,Juventude,True
7547,34,Atletico-MG,Hulk,72,Penalty,72,0,2,72.0,61-75,2021,Atletico-MG,Juventude,True
7549,34,Chapecoense,Bruno Cortês,76,Gol Contra,76,0,2,76.0,76-90,2021,Chapecoense,Gremio,True
7549,34,Gremio,Thiago dos Santos,60,Normal,60,0,2,60.0,46-60,2021,Chapecoense,Gremio,False
7549,34,Gremio,Laércio Soldá,80,Gol Contra,80,0,2,80.0,76-90,2021,Chapecoense,Gremio,False
7549,34,Gremio,Lucas Silva Borges,36,Normal,36,0,1,36.0,31-45,2021,Chapecoense,Gremio,False
7548,34,Fortaleza,Robson Fernandes,38,Normal,38,0,1,38.0,31-45,2021,Fortaleza,Palmeiras,True
7550,34,Atletico-GO,João Paulo,55,Normal,55,0,2,55.0,46-60,2021,Atletico-GO,Ceara,True
7550,34,Ceara,Vinícius,48,Normal,48,0,2,48.0,46-60,2021,Atletico-GO,Ceara,False
7551,34,Flamengo,Gabriel Barbosa,4,Normal,4,0,1,4.0,0-15,2021,Internacional,Flamengo,False
7551,34,Flamengo,Andreas Pereira,11,Normal,11,0,1,11.0,0-15,2021,Internacional,Flamengo,False
7551,34,Internacional,Taison,41,Normal,41,0,1,41.0,31-45,2021,Internacional,Flamengo,True
7552,34,Corinthians,Jô,47,Normal,47,0,2,47.0,46-60,2021,Corinthians,Santos,True
7552,34,Corinthians,Gabriel Girotto Franco,85,Normal,85,0,2,85.0,76-90,2021,Corinthians,Santos,True
7553,34,Fluminense,Luiz Henrique,43,Normal,43,0,1,43.0,31-45,2021,Fluminense,America-MG,True
7553,34,Fluminense,Fred,83,Penalty,83,0,2,83.0,76-90,2021,Fluminense,America-MG,True
7285,2,Gremio,Miguel Borja,75,Normal,75,0,2,75.0,61-75,2021,Gremio,Flamengo,True
7285,2,Gremio,Aldemir Ferreira,82,Normal,82,0,2,82.0,76-90,2021,Gremio,Flamengo,True
7285,2,Flamengo,Victor Vinícius Coelho Santos,58,Normal,58,0,2,58.0,46-60,2021,Gremio,Flamengo,False
7285,2,Flamengo,Victor Vinícius Coelho Santos,74,Normal,74,0,2,74.0,61-75,2021,Gremio,Flamengo,False
7585,30,Atletico-GO,Zé Roberto,62,Normal,62,0,2,62.0,61-75,2021,Atletico-GO,Juventude,True
7585,30,Juventude,Ricardo Bueno,88,Normal,88,0,2,88.0,76-90,2021,Atletico-GO,Juventude,False
7606,35,Atletico-MG,Hulk,61,Normal,61,0,2,61.0,61-75,2021,Palmeiras,Atletico-MG,False
7606,35,Palmeiras,Wesley Ribeiro Silva,28,Normal,28,0,1,28.0,16-30,2021,Palmeiras,Atletico-MG,True
7606,35,Palmeiras,Deyverson,57,Normal,57,0,2,57.0,46-60,2021,Palmeiras,Atletico-MG,True
7606,35,Atletico-MG,Matías Zaracho,36,Normal,36,0,1,36.0,31-45,2021,Palmeiras,Atletico-MG,False
7607,35,Fluminense,Fred,4,Penalty,4,0,1,4.0,0-15,2021,Fluminense,Internacional,True
7608,35,Santos,Marcos Leonardo Santos Almeida,90,Normal,90,0,2,90.0,76-90,2021,Santos,Fortaleza,True
7608,35,Santos,Marcos Leonardo Santos Almeida,71,Penalty,71,0,2,71.0,61-75,2021,Santos,Fortaleza,True
7609,35,Corinthians,Róger Guedes,84,Normal,84,0,2,84.0,76-90,2021,Ceara,Corinthians,False
7609,35,Ceara,Vinícius,6,Normal,6,0,1,6.0,0-15,2021,Ceara,Corinthians,True
7609,35,Ceara,Yony González,87,Normal,87,0,2,87.0,76-90,2021,Ceara,Corinthians,True
7616,36,Bahia,Matheus Bahia Santos,13,Normal,13,0,1,13.0,0-15,2021,Bahia,Gremio,True
7616,36,Bahia,Raí Nascimento de Oliveira,18,Normal,18,0,1,18.0,16-30,2021,Bahia,Gremio,True
7616,36,Bahia,Daniel Sampaio Simões,85,Normal,85,0,2,85.0,76-90,2021,Bahia,Gremio,True
7616,36,Gremio,Thiago dos Santos,61,Normal,61,0,2,61.0,61-75,2021,Bahia,Gremio,False
7617,36,Bragantino,Artur Victor Guimarães,64,Normal,64,0,2,64.0,61-75,2021,Bragantino,America-MG,True
7617,36,America-MG,Eduardo,50,Normal,50,0,2,50.0,46-60,2021,Bragantino,America-MG,False
7618,36,Sao Paulo,Jonathan Calleri,50,Normal,50,0,2,50.0,46-60,2021,Sao Paulo,Sport,True
7618,36,Sao Paulo,Gabriel Sara,80,Normal,80,0,2,80.0,76-90,2021,Sao Paulo,Sport,True
7619,36,Corinthians,Fábio Santos,65,Penalty,65,0,2,65.0,61-75,2021,Corinthians,Athletico-PR,True
7620,36,Atletico-MG,Hulk,60,Normal,60,0,2,60.0,46-60,2021,Atletico-MG,Fluminense,True
7620,36,Fluminense,Manoel Messias Silva Carvalho,14,Normal,14,0,1,14.0,0-15,2021,Atletico-MG,Fluminense,False
7620,36,Atletico-MG,Hulk,38,Penalty,38,0,1,38.0,31-45,2021,Atletico-MG,Fluminense,True
7621,36,Santos,Marcos Leonardo Santos Almeida,47,Normal,47,0,2,47.0,46-60,2021,Internacional,Santos,False
7621,36,Internacional,Luiz Felipe,45+1,Gol Contra,45,1,1,45.01,45+,2021,Internacional,Santos,True
7610,35,Atletico-GO,Janderson,90+3,Normal,90,3,2,90.03,90+,2021,Atletico-GO,Bahia,True
7610,35,Bahia,Hugo Rodallega,71,Normal,71,0,2,71.0,61-75,2021,Atletico-GO,Bahia,False
7610,35,Atletico-GO,Marlon Freitas,60,Penalty,60,0,2,60.0,46-60,2021,Atletico-GO,Bahia,True
7611,35,Juventude,Ricardo Bueno,45,Normal,45,0,1,45.0,31-45,2021,Juventude,Bragantino,True
7612,35,America-MG,Ademir,43,Normal,43,0,1,43.0,31-45,2021,America-MG,Chapecoense,True
7612,35,America-MG,Fabrício Daniel de Souza,59,Normal,59,0,2,59.0,46-60,2021,America-MG,Chapecoense,True
7612,35,America-MG,Ademir,70,Penalty,70,0,2,70.0,61-75,2021,America-MG,Chapecoense,True
7622,36,Flamengo,Matheuzinho,79,Normal,79,0,2,79.0,76-90,2021,Flamengo,Ceara,True
7622,36,Ceara,Rick,71,Normal,71,0,2,71.0,61-75,2021,Flamengo,Ceara,False
7622,36,Flamengo,Gabriel Barbosa,3,Normal,3,0,1,3.0,0-15,2021,Flamengo,Ceara,True
7623,36,Palmeiras,Giovani Henrique,30,Normal,30,0,1,30.0,16-30,2021,Cuiaba,Palmeiras,False
7623,36,Palmeiras,Gabriel Veron,90+1,Normal,90,1,2,90.01,90+,2021,Cuiaba,Palmeiras,False
7623,36,Cuiaba,Alan Empereur,37,Normal,37,0,1,37.0,31-45,2021,Cuiaba,Palmeiras,True
7623,36,Palmeiras,Gabriel Silva,4,Normal,4,0,1,4.0,0-15,2021,Cuiaba,Palmeiras,False
7595,32,Bahia,Gilberto Oliveira Souza Junior,66,Normal,66,0,2,66.0,61-75,2021,Bahia,Atletico-MG,True
7595,32,Atletico-MG,Keno,74,Normal,74,0,2,74.0,61-75,2021,Bahia,Atletico-MG,False
7595,32,Atletico-MG,Hulk,73,Penalty,73,0,2,73.0,61-75,2021,Bahia,Atletico-MG,False
7595,32,Atletico-MG,Keno,78,Normal,78,0,2,78.0,76-90,2021,Bahia,Atletico-MG,False
7595,32,Bahia,Luiz Otávio da Silva Santos,62,Normal,62,0,2,62.0,61-75,2021,Bahia,Atletico-MG,True
7613,35,Gremio,Jhonata Robert Alves da Silva,90+4,Normal,90,4,2,90.04,90+,2021,Gremio,Sao Paulo,True
7613,35,Gremio,Thiago dos Santos,23,Normal,23,0,1,23.0,16-30,2021,Gremio,Sao Paulo,True
7613,35,Gremio,Diogo Barbosa,68,Normal,68,0,2,68.0,61-75,2021,Gremio,Sao Paulo,True
7614,35,Athletico-PR,Pedro Rocha Neves,58,Normal,58,0,2,58.0,46-60,2021,Athletico-PR,Cuiaba,True
7615,35,Sport,Gustavo,51,Normal,51,0,2,51.0,46-60,2021,Sport,Flamengo,True
7615,35,Flamengo,Michael Richard Delgado de Oliveira,40,Normal,40,0,1,40.0,31-45,2021,Sport,Flamengo,False
7624,36,Atletico-GO,Arthur Henrique,88,Normal,88,0,2,88.0,76-90,2021,Chapecoense,Atletico-GO,False
7625,36,Fortaleza,Valentín Depietri,82,Normal,82,0,2,82.0,76-90,2021,Fortaleza,Juventude,True
7626,37,Bahia,Gilberto Oliveira Souza Junior,45+2,Normal,45,2,1,45.02,45+,2021,Bahia,Fluminense,True
7626,37,Bahia,Gilberto Oliveira Souza Junior,39,Penalty,39,0,1,39.0,31-45,2021,Bahia,Fluminense,True
7628,37,Atletico-MG,Matías Zaracho,52,Normal,52,0,2,52.0,46-60,2021,Atletico-MG,Bragantino,True
7628,37,Bragantino,Artur Victor Guimarães,47,Normal,47,0,2,47.0,46-60,2021,Atletico-MG,Bragantino,False
7628,37,Atletico-MG,Jefferson Savarino,78,Normal,78,0,2,78.0,76-90,2021,Atletico-MG,Bragantino,True
7628,37,Bragantino,Artur Victor Guimarães,90+10,Normal,90,10,2,90.1,90+,2021,Atletico-MG,Bragantino,False
7628,37,Atletico-MG,Hulk,88,Normal,88,0,2,88.0,76-90,2021,Atletico-MG,Bragantino,True
7628,37,Atletico-MG,Keno,20,Normal,20,0,1,20.0,16-30,2021,Atletico-MG,Bragantino,True
7628,37,Bragantino,Ytalo José dos Santos,39,Normal,39,0,1,39.0,31-45,2021,Atletico-MG,Bragantino,False
7627,37,Corinthians,Renato Augusto,86,Normal,86,0,2,86.0,76-90,2021,Corinthians,Gremio,True
7627,37,Gremio,Diego Souza,39,Normal,39,0,1,39.0,31-45,2021,Corinthians,Gremio,False
7630,37,Sao Paulo,Jonathan Calleri,43,Normal,43,0,1,43.0,31-45,2021,Sao Paulo,Juventude,True
7630,37,Juventude,Marcos Vinicios,63,Normal,63,0,2,63.0,61-75,2021,Sao Paulo,Juventude,False
7630,37,Sao Paulo,Luciano da Rocha Neves,5,Normal,5,0,1,5.0,0-15,2021,Sao Paulo,Juventude,True
7630,37,Sao Paulo,Luciano da Rocha Neves,67,Normal,67,0,2,67.0,61-75,2021,Sao Paulo,Juventude,True
7632,37,Cuiaba,Elton Rodrigues Brandão,9,Penalty,9,0,1,9.0,0-15,2021,Cuiaba,Fortaleza,True
7633,37,Atletico-GO,Janderson,45+2,Normal,45,2,1,45.02,45+,2021,Internacional,Atletico-GO,False
7633,37,Internacional,Yuri Alberto,33,Normal,33,0,1,33.0,31-45,2021,Internacional,Atletico-GO,True
7633,37,Atletico-GO,Gabriel Baralhas,45,Normal,45,0,1,45.0,31-45,2021,Internacional,Atletico-GO,False
7634,37,Santos,Marcos Leonardo Santos Almeida,57,Normal,57,0,2,57.0,46-60,2021,Flamengo,Santos,False
7635,37,Sport,Luciano Juba,88,Normal,88,0,2,88.0,76-90,2021,Chapecoense,Sport,False
7642,38,Sport,Mikael,28,Normal,28,0,1,28.0,16-30,2021,Sport,Athletico-PR,True
7642,38,Athletico-PR,Khellven Douglas Silva Oliveira,43,Normal,43,0,1,43.0,31-45,2021,Sport,Athletico-PR,False
7636,38,Fortaleza,Wellington Paulista,45+7,Penalty,45,7,1,45.07,45+,2021,Fortaleza,Bahia,True
7636,38,Fortaleza,Yago Pikachu,78,Penalty,78,0,2,78.0,76-90,2021,Fortaleza,Bahia,True
7636,38,Bahia,Rodrigo Eduardo Costa Marinho,25,Penalty,25,0,1,25.0,16-30,2021,Fortaleza,Bahia,False
7637,38,Atletico-GO,Jonas Toró,90+2,Normal,90,2,2,90.02,90+,2021,Atletico-GO,Flamengo,True
7637,38,Atletico-GO,Lucas Gabriel Ribeiro Firmo,82,Normal,82,0,2,82.0,76-90,2021,Atletico-GO,Flamengo,True
7638,38,Palmeiras,Kevin,42,Normal,42,0,1,42.0,31-45,2021,Palmeiras,Ceara,True
7639,38,Fluminense,Abel Hernández,90+1,Normal,90,1,2,90.01,90+,2021,Fluminense,Chapecoense,True
7639,38,Fluminense,David Braz,49,Normal,49,0,2,49.0,46-60,2021,Fluminense,Chapecoense,True
7639,38,Fluminense,Luiz Henrique,59,Normal,59,0,2,59.0,46-60,2021,Fluminense,Chapecoense,True
7640,38,America-MG,Ademir,58,Normal,58,0,2,58.0,46-60,2021,America-MG,Sao Paulo,True
7640,38,America-MG,Ademir,62,Normal,62,0,2,62.0,61-75,2021,America-MG,Sao Paulo,True
7641,38,Bragantino,Artur Victor Guimarães,90+2,Normal,90,2,2,90.02,90+,2021,Bragantino,Internacional,True
7643,38,Juventude,Chico,83,Penalty,83,0,2,83.0,76-90,2021,Juventude,Corinthians,True
7644,38,Gremio,Jaminton Campaz,11,Normal,11,0,1,11.0,0-15,2021,Gremio,Atletico-MG,True
7644,38,Atletico-MG,Hyoran,90+1,Normal,90,1,2,90.01,90+,2021,Gremio,Atletico-MG,False
7644,38,Gremio,Douglas Costa,59,Normal,59,0,2,59.0,46-60,2021,Gremio,Atletico-MG,True
7644,38,Gremio,Diego Souza,6,Normal,6,0,1,6.0,0-15,2021,Gremio,Atletico-MG,True
7644,38,Atletico-MG,José Rodolfo Pires Ribeiro,26,Normal,26,0,1,26.0,16-30,2021,Gremio,Atletico-MG,False
7644,38,Gremio,Diego Souza,20,Normal,20,0,1,20.0,16-30,2021,Gremio,Atletico-MG,True
7644,38,Atletico-MG,Eduardo Vargas,35,Normal,35,0,1,35.0,31-45,2021,Gremio,Atletico-MG,False
7645,38,Santos,Lucas Braga Ribeiro,75,Normal,75,0,2,75.0,61-75,2021,Santos,Cuiaba,True
7645,38,Cuiaba,Marllon Borges,16,Normal,16,0,1,16.0,16-30,2021,Santos,Cuiaba,False
7647,1,Flamengo,Bruno Henrique,84,Normal,84,0,2,84.0,76-90,2022,Atletico-GO,Flamengo,False
7647,1,Atletico-GO,Wellington Rato,75,Normal,75,0,2,75.0,61-75,2022,Atletico-GO,Flamengo,True
7648,1,Ceara,Jorge Marco de Oliveira Moraes,7,Gol Contra,7,0,1,7.0,0-15,2022,Palmeiras,Ceara,False
7648,1,Palmeiras,Gustavo Gómez,90+6,Penalty,90,6,2,90.06,90+,2022,Palmeiras,Ceara,True
7648,1,Palmeiras,José Rafael Vivian,22,Normal,22,0,1,22.0,16-30,2022,Palmeiras,Ceara,True
7648,1,Ceara,Stiven Mendoza,14,Normal,14,0,1,14.0,0-15,2022,Palmeiras,Ceara,False
7648,1,Ceara,Lucas Ribeiro,85,Normal,85,0,2,85.0,76-90,2022,Palmeiras,Ceara,False
7649,1,Coritiba,Alef Manga,10,Normal,10,0,1,10.0,0-15,2022,Coritiba,Goias,True
7649,1,Coritiba,Léo Gamalho,47,Normal,47,0,2,47.0,46-60,2022,Coritiba,Goias,True
7649,1,Coritiba,Andrey,90+1,Normal,90,1,2,90.01,90+,2022,Coritiba,Goias,True
7650,1,Corinthians,Gustavo Mantuan,26,Normal,26,0,1,26.0,16-30,2022,Botafogo-RJ,Corinthians,False
7650,1,Corinthians,Lucas Piton,44,Normal,44,0,1,44.0,31-45,2022,Botafogo-RJ,Corinthians,False
7650,1,Botafogo-RJ,Diego Gonçalves,66,Penalty,66,0,2,66.0,61-75,2022,Botafogo-RJ,Corinthians,True
7650,1,Corinthians,Paulinho,17,Normal,17,0,1,17.0,16-30,2022,Botafogo-RJ,Corinthians,False
7651,1,Atletico-MG,Hulk,10,Normal,10,0,1,10.0,0-15,2022,Atletico-MG,Internacional,True
7651,1,Atletico-MG,Hulk,90+3,Normal,90,3,2,90.03,90+,2022,Atletico-MG,Internacional,True
7652,1,Cuiaba,Éverton Cardoso da Silva,8,Normal,8,0,1,8.0,0-15,2022,Fortaleza,Cuiaba,False
7653,1,Avai,Raniele,52,Normal,52,0,2,52.0,46-60,2022,Avai,America-MG,True
7654,1,Sao Paulo,Jonathan Calleri,70,Normal,70,0,2,70.0,61-75,2022,Sao Paulo,Athletico-PR,True
7654,1,Sao Paulo,Luciano da Rocha Neves,74,Normal,74,0,2,74.0,61-75,2022,Sao Paulo,Athletico-PR,True
7654,1,Sao Paulo,Jonathan Calleri,19,Normal,19,0,1,19.0,16-30,2022,Sao Paulo,Athletico-PR,True
7654,1,Sao Paulo,Jonathan Calleri,52,Normal,52,0,2,52.0,46-60,2022,Sao Paulo,Athletico-PR,True
7655,1,Juventude,Renan Victor da Silva,30,Gol Contra,30,0,1,30.0,16-30,2022,Juventude,Bragantino,True
7655,1,Bragantino,Thalisson Kelven,89,Gol Contra,89,0,2,89.0,76-90,2022,Juventude,Bragantino,False
7655,1,Juventude,Óscar Ruiz,69,Normal,69,0,2,69.0,61-75,2022,Juventude,Bragantino,True
7655,1,Bragantino,Miguel Silveira,12,Normal,12,0,1,12.0,0-15,2022,Juventude,Bragantino,False
7656,2,Goias,Pedro Raúl,57,Normal,57,0,2,57.0,46-60,2022,Goias,Palmeiras,True
7656,2,Palmeiras,Rony,90+6,Normal,90,6,2,90.06,90+,2022,Goias,Palmeiras,False
7658,2,Corinthians,Róger Guedes,55,Normal,55,0,2,55.0,46-60,2022,Corinthians,Avai,True
7658,2,Corinthians,Róger Guedes,9,Normal,9,0,1,9.0,0-15,2022,Corinthians,Avai,True
7658,2,Corinthians,Róger Guedes,25,Normal,25,0,1,25.0,16-30,2022,Corinthians,Avai,True
7657,2,America-MG,Pedrinho,89,Normal,89,0,2,89.0,76-90,2022,America-MG,Juventude,True
7657,2,Juventude,Rômulo Zwarg,84,Normal,84,0,2,84.0,76-90,2022,America-MG,Juventude,False
7657,2,America-MG,Iago Maidana,65,Normal,65,0,2,65.0,61-75,2022,America-MG,Juventude,True
7657,2,America-MG,Iago Maidana,19,Penalty,19,0,1,19.0,16-30,2022,America-MG,Juventude,True
7657,2,America-MG,Felipe Azevedo,25,Normal,25,0,1,25.0,16-30,2022,America-MG,Juventude,True
7659,2,Fluminense,Paulo Marcos de Jesus Ribeiro,90+2,Gol Contra,90,2,2,90.02,90+,2022,Cuiaba,Fluminense,False
7660,2,Santos,Henrique Adriano Buss,32,Gol Contra,32,0,1,32.0,31-45,2022,Santos,Coritiba,True
7660,2,Santos,Léo Baptistão,12,Normal,12,0,1,12.0,0-15,2022,Santos,Coritiba,True
7660,2,Coritiba,Léo Gamalho,28,Penalty,28,0,1,28.0,16-30,2022,Santos,Coritiba,False
7661,2,Flamengo,Giorgian De Arrascaeta,72,Normal,72,0,2,72.0,61-75,2022,Flamengo,Sao Paulo,True
7661,2,Sao Paulo,Jonathan Calleri,41,Normal,41,0,1,41.0,31-45,2022,Flamengo,Sao Paulo,False
7661,2,Flamengo,Gabriel Barbosa Almeida,25,Normal,25,0,1,25.0,16-30,2022,Flamengo,Sao Paulo,True
7661,2,Flamengo,Mauricio Isla,69,Normal,69,0,2,69.0,61-75,2022,Flamengo,Sao Paulo,True
7662,2,Atletico-MG,Matías Zaracho,49,Normal,49,0,2,49.0,46-60,2022,Athletico-PR,Atletico-MG,False
7663,2,Internacional,Alexandre Alemão,90,Normal,90,0,2,90.0,76-90,2022,Internacional,Fortaleza,True
7663,2,Fortaleza,Yago Pikachu,45+6,Penalty,45,6,1,45.06,45+,2022,Internacional,Fortaleza,False
7663,2,Internacional,Andrés D'Alessandro,45+7,Normal,45,7,1,45.07,45+,2022,Internacional,Fortaleza,True
7664,2,Bragantino,Léo Ortiz,59,Normal,59,0,2,59.0,46-60,2022,Bragantino,Atletico-GO,True
7664,2,Bragantino,Ytalo José dos Santos,19,Normal,19,0,1,19.0,16-30,2022,Bragantino,Atletico-GO,True
7664,2,Bragantino,Natan Bernardo de Souza,26,Normal,26,0,1,26.0,16-30,2022,Bragantino,Atletico-GO,True
7664,2,Bragantino,Marcos Vinicios,30,Normal,30,0,1,30.0,16-30,2022,Bragantino,Atletico-GO,True
7665,2,Ceara,Lima,43,Normal,43,0,1,43.0,31-45,2022,Ceara,Botafogo-RJ,True
7665,2,Botafogo-RJ,Erison Danilo de Souza,80,Penalty,80,0,2,80.0,76-90,2022,Ceara,Botafogo-RJ,False
7665,2,Botafogo-RJ,João Victor Santos Sá,18,Normal,18,0,1,18.0,16-30,2022,Ceara,Botafogo-RJ,False
7665,2,Botafogo-RJ,Erison Danilo de Souza,60,Normal,60,0,2,60.0,46-60,2022,Ceara,Botafogo-RJ,False
7676,3,Bragantino,Alerrandro Barra Mansa Realino de Souza,1,Normal,1,0,1,1.0,0-15,2022,Bragantino,Sao Paulo,True
7676,3,Sao Paulo,Eder Citadin Martins,70,Normal,70,0,2,70.0,61-75,2022,Bragantino,Sao Paulo,False
7677,3,Athletico-PR,David Terans,32,Penalty,32,0,1,32.0,31-45,2022,Athletico-PR,Flamengo,True
7678,3,Palmeiras,Gustavo Gómez,14,Normal,14,0,1,14.0,0-15,2022,Palmeiras,Corinthians,True
7678,3,Palmeiras,Rony,19,Normal,19,0,1,19.0,16-30,2022,Palmeiras,Corinthians,True
7678,3,Palmeiras,Eduardo Pereira Rodrigues,71,Normal,71,0,2,71.0,61-75,2022,Palmeiras,Corinthians,True
7679,3,Internacional,Alexandre Alemão,54,Normal,54,0,2,54.0,46-60,2022,Fluminense,Internacional,False
7680,3,Atletico-MG,Jefferson Savarino,23,Normal,23,0,1,23.0,16-30,2022,Atletico-MG,Coritiba,True
7680,3,Atletico-MG,Jefferson Savarino,36,Normal,36,0,1,36.0,31-45,2022,Atletico-MG,Coritiba,True
7680,3,Coritiba,Igor Paixão,62,Normal,62,0,2,62.0,61-75,2022,Atletico-MG,Coritiba,False
7680,3,Coritiba,Adrián Emmanuel Martínez,78,Normal,78,0,2,78.0,76-90,2022,Atletico-MG,Coritiba,False
7681,3,Santos,Marcos Leonardo Santos Almeida,29,Normal,29,0,1,29.0,16-30,2022,Santos,America-MG,True
7681,3,Santos,Vinicius Zanocelo,51,Normal,51,0,2,51.0,46-60,2022,Santos,America-MG,True
7681,3,Santos,Vinicius Zanocelo,78,Normal,78,0,2,78.0,76-90,2022,Santos,America-MG,True
7682,3,Cuiaba,Elton Rodrigues Brandão,84,Penalty,84,0,2,84.0,76-90,2022,Juventude,Cuiaba,False
7683,3,Botafogo-RJ,Leandro Barcia Montero,90+6,Gol Contra,90,6,2,90.06,90+,2022,Atletico-GO,Botafogo-RJ,False
7683,3,Atletico-GO,Marlon Freitas,51,Normal,51,0,2,51.0,46-60,2022,Atletico-GO,Botafogo-RJ,True
7684,3,Avai,Morato,4,Normal,4,0,1,4.0,0-15,2022,Avai,Goias,True
7684,3,Avai,Muriqui,62,Penalty,62,0,2,62.0,61-75,2022,Avai,Goias,True
7684,3,Avai,Bissoli,51,Normal,51,0,2,51.0,46-60,2022,Avai,Goias,True
7684,3,Goias,Élvis Vieira Araújo,88,Penalty,88,0,2,88.0,76-90,2022,Avai,Goias,False
7684,3,Goias,Pedro Raúl,76,Normal,76,0,2,76.0,76-90,2022,Avai,Goias,False
7668,4,America-MG,Juan Pablo Ramírez Velásquez,75,Normal,75,0,2,75.0,61-75,2022,America-MG,Athletico-PR,True
7667,4,Bragantino,Ytalo José dos Santos,17,Normal,17,0,1,17.0,16-30,2022,Ceara,Bragantino,False
7669,4,Atletico-MG,Eduardo Vargas,56,Normal,56,0,2,56.0,46-60,2022,Goias,Atletico-MG,False
7669,4,Goias,Apodi,53,Normal,53,0,2,53.0,46-60,2022,Goias,Atletico-MG,True
7669,4,Goias,Élvis Vieira Araújo,80,Penalty,80,0,2,80.0,76-90,2022,Goias,Atletico-MG,True
7669,4,Atletico-MG,Hulk,39,Normal,39,0,1,39.0,31-45,2022,Goias,Atletico-MG,False
7670,4,Cuiaba,Rodrigo Eduardo Costa Marinho,82,Normal,82,0,2,82.0,76-90,2022,Cuiaba,Atletico-GO,True
7670,4,Atletico-GO,Jorginho,45,Normal,45,0,1,45.0,31-45,2022,Cuiaba,Atletico-GO,False
7671,4,Juventude,Isidro Pitta,64,Normal,64,0,2,64.0,61-75,2022,Botafogo-RJ,Juventude,False
7671,4,Botafogo-RJ,Diego Gonçalves,83,Penalty,83,0,2,83.0,76-90,2022,Botafogo-RJ,Juventude,True
7672,4,Corinthians,Matheus Jussa,53,Gol Contra,53,0,2,53.0,46-60,2022,Corinthians,Fortaleza,True
7673,4,Coritiba,Léo Gamalho,90+5,Normal,90,5,2,90.05,90+,2022,Coritiba,Fluminense,True
7673,4,Coritiba,Léo Gamalho,53,Penalty,53,0,2,53.0,46-60,2022,Coritiba,Fluminense,True
7673,4,Coritiba,Andrey,61,Normal,61,0,2,61.0,61-75,2022,Coritiba,Fluminense,True
7673,4,Fluminense,Paulo Henrique Ganso,19,Normal,19,0,1,19.0,16-30,2022,Coritiba,Fluminense,False
7673,4,Fluminense,Paulo Henrique Ganso,36,Normal,36,0,1,36.0,31-45,2022,Coritiba,Fluminense,False
7675,4,Sao Paulo,Jonathan Calleri,10,Normal,10,0,1,10.0,0-15,2022,Sao Paulo,Santos,True
7675,4,Santos,Marcos Leonardo Santos Almeida,45+1,Normal,45,1,1,45.01,45+,2022,Sao Paulo,Santos,False
7675,4,Sao Paulo,Luciano da Rocha Neves,82,Penalty,82,0,2,82.0,76-90,2022,Sao Paulo,Santos,True
7686,5,Atletico-MG,Ignacio Fernández,69,Normal,69,0,2,69.0,61-75,2022,Atletico-MG,America-MG,True
7686,5,America-MG,Raúl Cáceres,81,Normal,81,0,2,81.0,76-90,2022,Atletico-MG,America-MG,False
7686,5,America-MG,Iago Maidana,7,Penalty,7,0,1,7.0,0-15,2022,Atletico-MG,America-MG,False
7687,5,Athletico-PR,Abner Vinícius,49,Normal,49,0,2,49.0,46-60,2022,Athletico-PR,Ceara,True
7688,5,Botafogo-RJ,Erison Danilo de Souza,51,Normal,51,0,2,51.0,46-60,2022,Flamengo,Botafogo-RJ,False
7689,5,Palmeiras,Eduardo Pereira Rodrigues,72,Normal,72,0,2,72.0,61-75,2022,Palmeiras,Fluminense,True
7689,5,Fluminense,Germán Cano,83,Normal,83,0,2,83.0,76-90,2022,Palmeiras,Fluminense,False
7690,5,Goias,Élvis Vieira Araújo,1,Normal,1,0,1,1.0,0-15,2022,Atletico-GO,Goias,False
7691,5,Corinthians,Renato Augusto,54,Normal,54,0,2,54.0,46-60,2022,Bragantino,Corinthians,False
7692,5,Santos,Léo Baptistão,3,Normal,3,0,1,3.0,0-15,2022,Santos,Cuiaba,True
7692,5,Cuiaba,Alesson,11,Normal,11,0,1,11.0,0-15,2022,Santos,Cuiaba,False
7692,5,Santos,Marcos Leonardo Santos Almeida,37,Normal,37,0,1,37.0,31-45,2022,Santos,Cuiaba,True
7692,5,Santos,Bryan Angulo,76,Normal,76,0,2,76.0,76-90,2022,Santos,Cuiaba,True
7692,5,Santos,Rwan Philipe Rodrigues de Souza Cruz,78,Normal,78,0,2,78.0,76-90,2022,Santos,Cuiaba,True
7694,5,Sao Paulo,Luciano da Rocha Neves,57,Normal,57,0,2,57.0,46-60,2022,Fortaleza,Sao Paulo,False
7694,5,Fortaleza,Yago Pikachu,69,Normal,69,0,2,69.0,61-75,2022,Fortaleza,Sao Paulo,True
7693,5,Juventude,Óscar Ruiz,90+3,Normal,90,3,2,90.03,90+,2022,Juventude,Internacional,True
7693,5,Internacional,Vitão,47,Normal,47,0,2,47.0,46-60,2022,Juventude,Internacional,False
7695,5,Avai,Muriqui,73,Penalty,73,0,2,73.0,61-75,2022,Avai,Coritiba,True
7695,5,Coritiba,Igor Paixão,52,Normal,52,0,2,52.0,46-60,2022,Avai,Coritiba,False
7695,5,Avai,Bissoli,62,Penalty,62,0,2,62.0,61-75,2022,Avai,Coritiba,True
7696,7,Bragantino,Ytalo José dos Santos,13,Normal,13,0,1,13.0,0-15,2022,Bragantino,Atletico-MG,True
7696,7,Atletico-MG,Ignacio Fernández,66,Normal,66,0,2,66.0,61-75,2022,Bragantino,Atletico-MG,False
7706,6,Palmeiras,Raphael Cavalcante Veiga,90+9,Penalty,90,9,2,90.09,90+,2022,Palmeiras,Bragantino,True
7706,6,Palmeiras,Danilo,30,Normal,30,0,1,30.0,16-30,2022,Palmeiras,Bragantino,True
7707,6,Flamengo,Willian Arão,7,Normal,7,0,1,7.0,0-15,2022,Ceara,Flamengo,False
7707,6,Flamengo,Willian Arão,38,Normal,38,0,1,38.0,31-45,2022,Ceara,Flamengo,False
7707,6,Ceara,Stiven Mendoza,26,Normal,26,0,1,26.0,16-30,2022,Ceara,Flamengo,True
7707,6,Ceara,Nino Paraíba,90+1,Normal,90,1,2,90.01,90+,2022,Ceara,Flamengo,True
7709,6,Atletico-MG,Hulk,72,Normal,72,0,2,72.0,61-75,2022,Atletico-MG,Atletico-GO,True
7709,6,Atletico-MG,Marlon Freitas,14,Gol Contra,14,0,1,14.0,0-15,2022,Atletico-MG,Atletico-GO,True
7708,6,Corinthians,Raul Gustavo Pereira Bicalho,30,Normal,30,0,1,30.0,16-30,2022,Internacional,Corinthians,False
7708,6,Corinthians,Jô,64,Normal,64,0,2,64.0,61-75,2022,Internacional,Corinthians,False
7708,6,Internacional,Alan Patrick,25,Normal,25,0,1,25.0,16-30,2022,Internacional,Corinthians,True
7708,6,Internacional,Wanderson,44,Normal,44,0,1,44.0,31-45,2022,Internacional,Corinthians,True
7710,6,Fluminense,Germán Cano,78,Normal,78,0,2,78.0,76-90,2022,Fluminense,Athletico-PR,True
7710,6,Athletico-PR,Matheus Felipe Santos Nascimento,90+1,Normal,90,1,2,90.01,90+,2022,Fluminense,Athletico-PR,False
7710,6,Fluminense,Germán Cano,8,Normal,8,0,1,8.0,0-15,2022,Fluminense,Athletico-PR,True
7711,6,Cuiaba,Jenison de Jesus Brito e Brito,33,Normal,33,0,1,33.0,31-45,2022,Sao Paulo,Cuiaba,False
7711,6,Sao Paulo,Jonathan Calleri,66,Penalty,66,0,2,66.0,61-75,2022,Sao Paulo,Cuiaba,True
7711,6,Sao Paulo,Nikão,82,Normal,82,0,2,82.0,76-90,2022,Sao Paulo,Cuiaba,True
7712,6,Coritiba,Andrey,45+2,Normal,45,2,1,45.02,45+,2022,Coritiba,America-MG,True
7713,6,Botafogo-RJ,Daniel Borges,90+4,Normal,90,4,2,90.04,90+,2022,Botafogo-RJ,Fortaleza,True
7713,6,Fortaleza,Moisés Vieira da Veiga,14,Normal,14,0,1,14.0,0-15,2022,Botafogo-RJ,Fortaleza,False
7713,6,Botafogo-RJ,Erison Danilo de Souza,42,Normal,42,0,1,42.0,31-45,2022,Botafogo-RJ,Fortaleza,True
7713,6,Botafogo-RJ,Patrick de Paula,89,Normal,89,0,2,89.0,76-90,2022,Botafogo-RJ,Fortaleza,True
7714,6,Juventude,Vitor Mendes,70,Normal,70,0,2,70.0,61-75,2022,Avai,Juventude,False
7714,6,Avai,Bissoli,27,Normal,27,0,1,27.0,16-30,2022,Avai,Juventude,True
7714,6,Juventude,Óscar Ruiz,25,Normal,25,0,1,25.0,16-30,2022,Avai,Juventude,False
7715,6,Goias,Élvis Vieira Araújo,19,Penalty,19,0,1,19.0,16-30,2022,Goias,Santos,True
7697,7,Atletico-GO,Jorginho,45+2,Normal,45,2,1,45.02,45+,2022,Atletico-GO,Coritiba,True
7697,7,Atletico-GO,Airton,90,Normal,90,0,2,90.0,76-90,2022,Atletico-GO,Coritiba,True
7698,7,Flamengo,Pedro,17,Normal,17,0,1,17.0,16-30,2022,Flamengo,Goias,True
7700,7,Palmeiras,Rony,31,Normal,31,0,1,31.0,31-45,2022,Juventude,Palmeiras,False
7700,7,Palmeiras,Gabriel Menino,90+2,Normal,90,2,2,90.02,90+,2022,Juventude,Palmeiras,False
7700,7,Palmeiras,José Rafael Vivian,9,Normal,9,0,1,9.0,0-15,2022,Juventude,Palmeiras,False
7701,7,Internacional,Carlos de Pena,83,Penalty,83,0,2,83.0,76-90,2022,Cuiaba,Internacional,False
7701,7,Cuiaba,Valdívia,50,Normal,50,0,2,50.0,46-60,2022,Cuiaba,Internacional,True
7702,7,Botafogo-RJ,Erison Danilo de Souza,86,Normal,86,0,2,86.0,76-90,2022,America-MG,Botafogo-RJ,False
7702,7,America-MG,Aloísio dos Santos Gonçalves,38,Normal,38,0,1,38.0,31-45,2022,America-MG,Botafogo-RJ,True
7704,7,Fluminense,Luiz Henrique,9,Normal,9,0,1,9.0,0-15,2022,Fortaleza,Fluminense,False
7703,7,Corinthians,Adson,80,Normal,80,0,2,80.0,76-90,2022,Corinthians,Sao Paulo,True
7703,7,Sao Paulo,Jonathan Calleri,45+6,Normal,45,6,1,45.06,45+,2022,Corinthians,Sao Paulo,False
7705,7,Athletico-PR,David Terans,44,Normal,44,0,1,44.0,31-45,2022,Athletico-PR,Avai,True
7705,7,Athletico-PR,David Terans,25,Penalty,25,0,1,25.0,16-30,2022,Athletico-PR,Avai,True
7705,7,Avai,William Pottker,51,Penalty,51,0,2,51.0,46-60,2022,Athletico-PR,Avai,False
7716,8,Goias,Nicolas Godinho Johann,74,Normal,74,0,2,74.0,61-75,2022,Goias,Bragantino,True
7716,8,Bragantino,Artur Victor Guimarães,40,Normal,40,0,1,40.0,31-45,2022,Goias,Bragantino,False
7717,8,Sao Paulo,Rodrigo Nestor,42,Normal,42,0,1,42.0,31-45,2022,Sao Paulo,Ceara,True
7717,8,Ceara,Cléber,37,Normal,37,0,1,37.0,31-45,2022,Sao Paulo,Ceara,False
7717,8,Ceara,Stiven Mendoza,71,Normal,71,0,2,71.0,61-75,2022,Sao Paulo,Ceara,False
7717,8,Sao Paulo,Jonathan Calleri,8,Normal,8,0,1,8.0,0-15,2022,Sao Paulo,Ceara,True
7718,8,Juventude,Vitor Gabriel,49,Normal,49,0,2,49.0,46-60,2022,Fortaleza,Juventude,False
7718,8,Fortaleza,José Welison,65,Normal,65,0,2,65.0,61-75,2022,Fortaleza,Juventude,True
7720,8,Palmeiras,Gustavo Gómez,80,Normal,80,0,2,80.0,76-90,2022,Santos,Palmeiras,False
7719,8,Coritiba,Igor Paixão,29,Normal,29,0,1,29.0,16-30,2022,Coritiba,Botafogo-RJ,True
7721,8,Athletico-PR,Vitor Roque,85,Normal,85,0,2,85.0,76-90,2022,Cuiaba,Athletico-PR,False
7722,8,Corinthians,Gustavo Mosquito,82,Normal,82,0,2,82.0,76-90,2022,Corinthians,America-MG,True
7722,8,America-MG,Aloísio dos Santos Gonçalves,67,Normal,67,0,2,67.0,61-75,2022,Corinthians,America-MG,False
7723,8,Flamengo,Gabriel Barbosa Almeida,57,Normal,57,0,2,57.0,46-60,2022,Fluminense,Flamengo,False
7723,8,Fluminense,Germán Cano,10,Normal,10,0,1,10.0,0-15,2022,Fluminense,Flamengo,True
7723,8,Flamengo,Andreas Pereira,34,Normal,34,0,1,34.0,31-45,2022,Fluminense,Flamengo,False
7724,8,Atletico-MG,Hulk,53,Normal,53,0,2,53.0,46-60,2022,Atletico-MG,Avai,True
7724,8,Atletico-MG,Eduardo Sasha,66,Normal,66,0,2,66.0,61-75,2022,Atletico-MG,Avai,True
7724,8,Avai,Morato,41,Normal,41,0,1,41.0,31-45,2022,Atletico-MG,Avai,False
7725,8,Internacional,Wanderson,12,Normal,12,0,1,12.0,0-15,2022,Internacional,Atletico-GO,True
7725,8,Atletico-GO,Diego Churín,79,Normal,79,0,2,79.0,76-90,2022,Internacional,Atletico-GO,False
7685,3,Ceara,Cléber,45+11,Normal,45,11,1,45.11,45+,2022,Fortaleza,Ceara,False
7726,9,Cuiaba,André Felipe Ribeiro de Souza,42,Normal,42,0,1,42.0,31-45,2022,America-MG,Cuiaba,False
7726,9,America-MG,Alexandre Egea,25,Normal,25,0,1,25.0,16-30,2022,America-MG,Cuiaba,True
7726,9,America-MG,Felipe Azevedo,53,Normal,53,0,2,53.0,46-60,2022,America-MG,Cuiaba,True
7728,9,Ceara,Stiven Mendoza,37,Normal,37,0,1,37.0,31-45,2022,Ceara,Coritiba,True
7728,9,Coritiba,Adrián Emmanuel Martínez,85,Normal,85,0,2,85.0,76-90,2022,Ceara,Coritiba,False
7727,9,Athletico-PR,Léo Baptistão,56,Gol Contra,56,0,2,56.0,46-60,2022,Athletico-PR,Santos,True
7727,9,Athletico-PR,Pablo Felipe Teixeira,43,Normal,43,0,1,43.0,31-45,2022,Athletico-PR,Santos,True
7727,9,Santos,Marcos Leonardo Santos Almeida,12,Normal,12,0,1,12.0,0-15,2022,Athletico-PR,Santos,False
7727,9,Santos,Marcos Leonardo Santos Almeida,64,Normal,64,0,2,64.0,61-75,2022,Athletico-PR,Santos,False
7729,9,Avai,Muriqui,67,Normal,67,0,2,67.0,61-75,2022,Avai,Sao Paulo,True
7729,9,Sao Paulo,Reinaldo Manoel da Silva,45+4,Penalty,45,4,1,45.04,45+,2022,Avai,Sao Paulo,False
7730,9,Corinthians,Gustavo Mantuan,33,Normal,33,0,1,33.0,31-45,2022,Atletico-GO,Corinthians,False
7731,9,Juventude,Luccas Claro,32,Gol Contra,32,0,1,32.0,31-45,2022,Juventude,Fluminense,True
7732,9,Flamengo,Éverton Ribeiro,45+5,Normal,45,5,1,45.05,45+,2022,Flamengo,Fortaleza,True
7732,9,Fortaleza,Robson Fernandes,28,Normal,28,0,1,28.0,16-30,2022,Flamengo,Fortaleza,False
7732,9,Fortaleza,Hércules,90+2,Normal,90,2,2,90.02,90+,2022,Flamengo,Fortaleza,False
7734,9,Internacional,Carlos de Pena,90+10,Penalty,90,10,2,90.1,90+,2022,Bragantino,Internacional,False
7734,9,Internacional,Johnny Cardoso,90+2,Normal,90,2,2,90.02,90+,2022,Bragantino,Internacional,False
7735,9,Botafogo-RJ,Víctor Cuesta,45+1,Normal,45,1,1,45.01,45+,2022,Botafogo-RJ,Goias,True
7735,9,Goias,Pedro Raúl,73,Normal,73,0,2,73.0,61-75,2022,Botafogo-RJ,Goias,False
7735,9,Goias,Pedro Raúl,84,Normal,84,0,2,84.0,76-90,2022,Botafogo-RJ,Goias,False
7736,10,Cuiaba,Uendel Pereira Gonçalves,36,Normal,36,0,1,36.0,31-45,2022,Cuiaba,Corinthians,True
7737,10,Ceara,Stiven Mendoza,22,Normal,22,0,1,22.0,16-30,2022,America-MG,Ceara,False
7737,10,Ceara,Stiven Mendoza,55,Normal,55,0,2,55.0,46-60,2022,America-MG,Ceara,False
7738,10,Athletico-PR,David Terans,63,Normal,63,0,2,63.0,61-75,2022,Juventude,Athletico-PR,False
7738,10,Athletico-PR,Vitor Bueno,90+6,Normal,90,6,2,90.06,90+,2022,Juventude,Athletico-PR,False
7738,10,Juventude,Jadson,38,Normal,38,0,1,38.0,31-45,2022,Juventude,Athletico-PR,True
7738,10,Athletico-PR,Pablo Felipe Teixeira,45+2,Normal,45,2,1,45.02,45+,2022,Juventude,Athletico-PR,False
7739,10,Avai,Bissoli,43,Normal,43,0,1,43.0,31-45,2022,Atletico-GO,Avai,False
7739,10,Atletico-GO,Gabriel Baralhas,34,Normal,34,0,1,34.0,31-45,2022,Atletico-GO,Avai,True
7739,10,Atletico-GO,Wellington Rato,90+2,Normal,90,2,2,90.02,90+,2022,Atletico-GO,Avai,True
7740,10,Bragantino,Luan Cândido,17,Normal,17,0,1,17.0,16-30,2022,Bragantino,Flamengo,True
7741,10,Fluminense,Germán Cano,58,Normal,58,0,2,58.0,46-60,2022,Fluminense,Atletico-MG,True
7741,10,Atletico-MG,Jair Rodrigues Júnior,45+4,Normal,45,4,1,45.04,45+,2022,Fluminense,Atletico-MG,False
7741,10,Fluminense,Samuel Xavier,37,Normal,37,0,1,37.0,31-45,2022,Fluminense,Atletico-MG,True
7741,10,Atletico-MG,Eduardo Sasha,53,Normal,53,0,2,53.0,46-60,2022,Fluminense,Atletico-MG,False
7741,10,Fluminense,Jhon Arias,18,Normal,18,0,1,18.0,16-30,2022,Fluminense,Atletico-MG,True
7741,10,Fluminense,Luiz Henrique,63,Normal,63,0,2,63.0,61-75,2022,Fluminense,Atletico-MG,True
7741,10,Fluminense,Germán Cano,29,Normal,29,0,1,29.0,16-30,2022,Fluminense,Atletico-MG,True
7741,10,Atletico-MG,Hulk,35,Normal,35,0,1,35.0,31-45,2022,Fluminense,Atletico-MG,False
7742,10,Santos,Lucas Braga Ribeiro,63,Normal,63,0,2,63.0,61-75,2022,Santos,Internacional,True
7742,10,Internacional,Bruno Méndez,71,Normal,71,0,2,71.0,61-75,2022,Santos,Internacional,False
7743,10,Palmeiras,Rony,11,Normal,11,0,1,11.0,0-15,2022,Palmeiras,Botafogo-RJ,True
7743,10,Palmeiras,Rony,33,Normal,33,0,1,33.0,31-45,2022,Palmeiras,Botafogo-RJ,True
7743,10,Palmeiras,Gustavo Scarpa,18,Normal,18,0,1,18.0,16-30,2022,Palmeiras,Botafogo-RJ,True
7743,10,Palmeiras,Wesley Ribeiro Silva,87,Normal,87,0,2,87.0,76-90,2022,Palmeiras,Botafogo-RJ,True
7744,10,Coritiba,Alef Manga,59,Normal,59,0,2,59.0,46-60,2022,Coritiba,Sao Paulo,True
7744,10,Sao Paulo,Jonathan Calleri,4,Normal,4,0,1,4.0,0-15,2022,Coritiba,Sao Paulo,False
7745,10,Fortaleza,Yago Pikachu,13,Normal,13,0,1,13.0,0-15,2022,Fortaleza,Goias,True
7745,10,Goias,Pedro Raúl,86,Normal,86,0,2,86.0,76-90,2022,Fortaleza,Goias,False
7746,11,Corinthians,Adson,2,Normal,2,0,1,2.0,0-15,2022,Corinthians,Juventude,True
7746,11,Corinthians,Gustavo Mantuan,84,Normal,84,0,2,84.0,76-90,2022,Corinthians,Juventude,True
7747,11,Santos,Rwan Philipe Rodrigues de Souza Cruz,84,Penalty,84,0,2,84.0,76-90,2022,Atletico-MG,Santos,False
7747,11,Atletico-MG,Sávio Moreira de Oliveira,6,Normal,6,0,1,6.0,0-15,2022,Atletico-MG,Santos,True
7749,11,Bragantino,Artur Victor Guimarães,17,Normal,17,0,1,17.0,16-30,2022,Cuiaba,Bragantino,False
7749,11,Cuiaba,André Felipe Ribeiro de Souza,45+6,Penalty,45,6,1,45.06,45+,2022,Cuiaba,Bragantino,True
7748,11,Atletico-GO,Wellington Rato,45+1,Normal,45,1,1,45.01,45+,2022,Fluminense,Atletico-GO,False
7748,11,Atletico-GO,Jefferson,35,Normal,35,0,1,35.0,31-45,2022,Fluminense,Atletico-GO,False
7750,11,Flamengo,Andreas Pereira,58,Normal,58,0,2,58.0,46-60,2022,Internacional,Flamengo,False
7750,11,Internacional,Wanderson,1,Normal,1,0,1,1.0,0-15,2022,Internacional,Flamengo,True
7750,11,Internacional,Wanderson,22,Normal,22,0,1,22.0,16-30,2022,Internacional,Flamengo,True
7750,11,Internacional,Pedro Henrique Konzen,90+2,Penalty,90,2,2,90.02,90+,2022,Internacional,Flamengo,True
7751,11,Goias,Pedro Raúl,85,Penalty,85,0,2,85.0,76-90,2022,Goias,Ceara,True
7751,11,Ceara,Stiven Mendoza,9,Normal,9,0,1,9.0,0-15,2022,Goias,Ceara,False
7752,11,Sao Paulo,Patrick,34,Normal,34,0,1,34.0,31-45,2022,Sao Paulo,America-MG,True
7753,11,Palmeiras,Rony,63,Normal,63,0,2,63.0,61-75,2022,Coritiba,Palmeiras,False
7753,11,Palmeiras,Eduardo Pereira Rodrigues,23,Normal,23,0,1,23.0,16-30,2022,Coritiba,Palmeiras,False
7755,11,Avai,Kevin Peterson dos Santos Silva,45+1,Normal,45,1,1,45.01,45+,2022,Botafogo-RJ,Avai,False
7756,12,Santos,Marcos Leonardo Santos Almeida,77,Normal,77,0,2,77.0,76-90,2022,Juventude,Santos,False
7756,12,Juventude,Ricardo Bueno,26,Normal,26,0,1,26.0,16-30,2022,Juventude,Santos,True
7756,12,Santos,Eduardo,57,Normal,57,0,2,57.0,46-60,2022,Juventude,Santos,False
7758,12,Bragantino,Natan Bernardo de Souza,75,Normal,75,0,2,75.0,61-75,2022,Bragantino,Coritiba,True
7758,12,Bragantino,Hyoran,7,Normal,7,0,1,7.0,0-15,2022,Bragantino,Coritiba,True
7758,12,Coritiba,Igor Paixão,51,Normal,51,0,2,51.0,46-60,2022,Bragantino,Coritiba,False
7758,12,Bragantino,Hyoran,36,Normal,36,0,1,36.0,31-45,2022,Bragantino,Coritiba,True
7758,12,Coritiba,Adrián Emmanuel Martínez,90+2,Normal,90,2,2,90.02,90+,2022,Bragantino,Coritiba,False
7758,12,Bragantino,Artur Victor Guimarães,34,Normal,34,0,1,34.0,31-45,2022,Bragantino,Coritiba,True
7759,12,Internacional,Edenílson Andrade dos Santos,8,Normal,8,0,1,8.0,0-15,2022,Goias,Internacional,False
7759,12,Internacional,Alan Patrick,47,Normal,47,0,2,47.0,46-60,2022,Goias,Internacional,False
7759,12,Goias,Da Silva,41,Normal,41,0,1,41.0,31-45,2022,Goias,Internacional,True
7760,12,Flamengo,Ayrton Lucas Dantas de Medeiros,6,Normal,6,0,1,6.0,0-15,2022,Flamengo,Cuiaba,True
7760,12,Flamengo,Gabriel Barbosa Almeida,79,Normal,79,0,2,79.0,76-90,2022,Flamengo,Cuiaba,True
7761,12,Corinthians,Róger Guedes,5,Normal,5,0,1,5.0,0-15,2022,Athletico-PR,Corinthians,False
7761,12,Athletico-PR,David Terans,82,Penalty,82,0,2,82.0,76-90,2022,Athletico-PR,Corinthians,True
7763,12,Botafogo-RJ,Kayque,61,Normal,61,0,2,61.0,61-75,2022,Botafogo-RJ,Sao Paulo,True
7764,12,Palmeiras,Gustavo Gómez,45+4,Normal,45,4,1,45.04,45+,2022,Palmeiras,Atletico-GO,True
7764,12,Palmeiras,Gustavo Scarpa,45,Normal,45,0,1,45.0,31-45,2022,Palmeiras,Atletico-GO,True
7764,12,Atletico-GO,Luan Garcia Teixeira,28,Gol Contra,28,0,1,28.0,16-30,2022,Palmeiras,Atletico-GO,False
7764,12,Palmeiras,José Rafael Vivian,42,Normal,42,0,1,42.0,31-45,2022,Palmeiras,Atletico-GO,True
7764,12,Atletico-GO,Diego Churín,79,Normal,79,0,2,79.0,76-90,2022,Palmeiras,Atletico-GO,False
7764,12,Palmeiras,Gustavo Gómez,44,Normal,44,0,1,44.0,31-45,2022,Palmeiras,Atletico-GO,True
7765,12,Fortaleza,Robson Fernandes,44,Normal,44,0,1,44.0,31-45,2022,Avai,Fortaleza,False
7765,12,Fortaleza,Moisés Vieira da Veiga,65,Normal,65,0,2,65.0,61-75,2022,Avai,Fortaleza,False
7765,12,Avai,Bissoli,40,Penalty,40,0,1,40.0,31-45,2022,Avai,Fortaleza,True
7765,12,Avai,Muriqui,33,Normal,33,0,1,33.0,31-45,2022,Avai,Fortaleza,True
7765,12,Avai,Bissoli,70,Penalty,70,0,2,70.0,61-75,2022,Avai,Fortaleza,True
7767,13,Bragantino,Hyoran,45+1,Normal,45,1,1,45.01,45+,2022,Santos,Bragantino,False
7767,13,Bragantino,Luan Cândido,71,Normal,71,0,2,71.0,61-75,2022,Santos,Bragantino,False
7767,13,Santos,Léo Baptistão,17,Normal,17,0,1,17.0,16-30,2022,Santos,Bragantino,True
7767,13,Santos,Léo Baptistão,36,Normal,36,0,1,36.0,31-45,2022,Santos,Bragantino,True
7768,13,Atletico-MG,Ignacio Fernández,35,Normal,35,0,1,35.0,31-45,2022,Atletico-MG,Flamengo,True
7768,13,Atletico-MG,Ademir,85,Normal,85,0,2,85.0,76-90,2022,Atletico-MG,Flamengo,True
7769,13,Athletico-PR,Khellven,90+10,Penalty,90,10,2,90.1,90+,2022,Coritiba,Athletico-PR,False
7770,13,Corinthians,Fábio Santos,34,Penalty,34,0,1,34.0,31-45,2022,Corinthians,Goias,True
7771,13,Internacional,Fabricio Bustos,14,Normal,14,0,1,14.0,0-15,2022,Internacional,Botafogo-RJ,True
7771,13,Botafogo-RJ,Vinícius Lopes,19,Normal,19,0,1,19.0,16-30,2022,Internacional,Botafogo-RJ,False
7771,13,Botafogo-RJ,Erison Danilo de Souza,59,Normal,59,0,2,59.0,46-60,2022,Internacional,Botafogo-RJ,False
7771,13,Internacional,Edenílson Andrade dos Santos,9,Penalty,9,0,1,9.0,0-15,2022,Internacional,Botafogo-RJ,True
7771,13,Botafogo-RJ,Hugo,90+11,Normal,90,11,2,90.11,90+,2022,Internacional,Botafogo-RJ,False
7772,13,Fortaleza,Yago Pikachu,43,Normal,43,0,1,43.0,31-45,2022,Fortaleza,America-MG,True
7773,13,Juventude,Rodrigo Alves Soares,23,Normal,23,0,1,23.0,16-30,2022,Atletico-GO,Juventude,False
7773,13,Atletico-GO,Airton,59,Normal,59,0,2,59.0,46-60,2022,Atletico-GO,Juventude,True
7773,13,Atletico-GO,Wellington Rato,63,Normal,63,0,2,63.0,61-75,2022,Atletico-GO,Juventude,True
7773,13,Atletico-GO,Léo Pereira,86,Normal,86,0,2,86.0,76-90,2022,Atletico-GO,Juventude,True
7774,13,Fluminense,Germán Cano,5,Normal,5,0,1,5.0,0-15,2022,Fluminense,Avai,True
7774,13,Fluminense,Matheus Martins,72,Normal,72,0,2,72.0,61-75,2022,Fluminense,Avai,True
7775,13,Palmeiras,Gustavo Gómez,90,Normal,90,0,2,90.0,76-90,2022,Sao Paulo,Palmeiras,False
7775,13,Palmeiras,Murilo Cerqueira,90+6,Normal,90,6,2,90.06,90+,2022,Sao Paulo,Palmeiras,False
7775,13,Sao Paulo,Patrick,17,Normal,17,0,1,17.0,16-30,2022,Sao Paulo,Palmeiras,True
7776,14,Internacional,Alexandre Alemão,54,Normal,54,0,2,54.0,46-60,2022,Internacional,Coritiba,True
7776,14,Internacional,Taison,19,Normal,19,0,1,19.0,16-30,2022,Internacional,Coritiba,True
7776,14,Internacional,Edenílson Andrade dos Santos,42,Normal,42,0,1,42.0,31-45,2022,Internacional,Coritiba,True
7777,14,Athletico-PR,Hugo Moura,67,Normal,67,0,2,67.0,61-75,2022,Athletico-PR,Bragantino,True
7777,14,Athletico-PR,Erick Luis Conrado Carvalho,5,Normal,5,0,1,5.0,0-15,2022,Athletico-PR,Bragantino,True
7777,14,Bragantino,Alerrandro Barra Mansa Realino de Souza,79,Normal,79,0,2,79.0,76-90,2022,Athletico-PR,Bragantino,False
7777,14,Athletico-PR,Luis Manuel Orejuela,16,Normal,16,0,1,16.0,16-30,2022,Athletico-PR,Bragantino,True
7777,14,Athletico-PR,Rômulo José Cardoso da Cruz,23,Normal,23,0,1,23.0,16-30,2022,Athletico-PR,Bragantino,True
7777,14,Bragantino,Lucas Evangelista,82,Penalty,82,0,2,82.0,76-90,2022,Athletico-PR,Bragantino,False
7778,14,Flamengo,Mário Sérgio Santos Costa,90+1,Normal,90,1,2,90.01,90+,2022,Flamengo,America-MG,True
7778,14,Flamengo,Gabriel Barbosa Almeida,41,Normal,41,0,1,41.0,31-45,2022,Flamengo,America-MG,True
7778,14,Flamengo,Giorgian De Arrascaeta,71,Normal,71,0,2,71.0,61-75,2022,Flamengo,America-MG,True
7780,14,Fortaleza,Romarinho,29,Normal,29,0,1,29.0,16-30,2022,Atletico-MG,Fortaleza,False
7780,14,Atletico-MG,Rubens,76,Normal,76,0,2,76.0,76-90,2022,Atletico-MG,Fortaleza,True
7780,14,Atletico-MG,Réver,87,Normal,87,0,2,87.0,76-90,2022,Atletico-MG,Fortaleza,True
7780,14,Atletico-MG,Matheus Jussa,90+6,Gol Contra,90,6,2,90.06,90+,2022,Atletico-MG,Fortaleza,True
7780,14,Fortaleza,Romarinho,3,Normal,3,0,1,3.0,0-15,2022,Atletico-MG,Fortaleza,False
7781,14,Avai,Bissoli,45+8,Penalty,45,8,1,45.08,45+,2022,Avai,Palmeiras,True
7781,14,Avai,Jean Pyerre,73,Normal,73,0,2,73.0,61-75,2022,Avai,Palmeiras,True
7781,14,Palmeiras,Gustavo Scarpa,47,Penalty,47,0,2,47.0,46-60,2022,Avai,Palmeiras,False
7781,14,Palmeiras,Rony,65,Normal,65,0,2,65.0,61-75,2022,Avai,Palmeiras,False
7782,14,Fluminense,Manoel Messias Silva Carvalho,82,Normal,82,0,2,82.0,76-90,2022,Botafogo-RJ,Fluminense,False
7783,14,Goias,Pedro Raúl,80,Normal,80,0,2,80.0,76-90,2022,Goias,Cuiaba,True
7784,14,Ceara,Erick,48,Normal,48,0,2,48.0,46-60,2022,Ceara,Atletico-GO,True
7784,14,Atletico-GO,Jorginho,26,Normal,26,0,1,26.0,16-30,2022,Ceara,Atletico-GO,False
7786,15,Atletico-MG,Eduardo Sasha,56,Normal,56,0,2,56.0,46-60,2022,Juventude,Atletico-MG,False
7786,15,Atletico-MG,Hulk,30,Penalty,30,0,1,30.0,16-30,2022,Juventude,Atletico-MG,False
7786,15,Juventude,Onitlasi Júnior de Moraes Rodrigues,76,Normal,76,0,2,76.0,76-90,2022,Juventude,Atletico-MG,True
7787,15,Fluminense,Fred,90+1,Normal,90,1,2,90.01,90+,2022,Fluminense,Corinthians,True
7787,15,Fluminense,Manoel Messias Silva Carvalho,15,Normal,15,0,1,15.0,0-15,2022,Fluminense,Corinthians,True
7787,15,Fluminense,Germán Cano,42,Normal,42,0,1,42.0,31-45,2022,Fluminense,Corinthians,True
7787,15,Fluminense,Germán Cano,71,Normal,71,0,2,71.0,61-75,2022,Fluminense,Corinthians,True
7788,15,Santos,Vinicius Zanocelo,66,Normal,66,0,2,66.0,61-75,2022,Santos,Flamengo,True
7788,15,Flamengo,Pedro,18,Normal,18,0,1,18.0,16-30,2022,Santos,Flamengo,False
7788,15,Flamengo,Gabriel Barbosa Almeida,73,Normal,73,0,2,73.0,61-75,2022,Santos,Flamengo,False
7789,15,Internacional,Moisés Roberto Barbosa,24,Normal,24,0,1,24.0,16-30,2022,Ceara,Internacional,False
7789,15,Ceara,Lima,20,Penalty,20,0,1,20.0,16-30,2022,Ceara,Internacional,True
7790,15,Athletico-PR,Vitor Bueno,58,Penalty,58,0,2,58.0,46-60,2022,Palmeiras,Athletico-PR,False
7790,15,Athletico-PR,Vitor Roque,36,Normal,36,0,1,36.0,31-45,2022,Palmeiras,Athletico-PR,False
7791,15,Cuiaba,Joaquim Henrique Pereira Silva,64,Normal,64,0,2,64.0,61-75,2022,Avai,Cuiaba,False
7791,15,Avai,Eduardo Jacinto de Biasi,30,Normal,30,0,1,30.0,16-30,2022,Avai,Cuiaba,True
7791,15,Cuiaba,Valdívia,49,Normal,49,0,2,49.0,46-60,2022,Avai,Cuiaba,False
7792,15,Sao Paulo,Luciano da Rocha Neves,62,Normal,62,0,2,62.0,61-75,2022,Atletico-GO,Sao Paulo,False
7792,15,Atletico-GO,Marlon Freitas,30,Penalty,30,0,1,30.0,16-30,2022,Atletico-GO,Sao Paulo,True
7792,15,Sao Paulo,Luciano da Rocha Neves,24,Penalty,24,0,1,24.0,16-30,2022,Atletico-GO,Sao Paulo,False
7793,15,America-MG,Henrique Almeida,59,Normal,59,0,2,59.0,46-60,2022,America-MG,Goias,True
7794,15,Coritiba,José Hugo,90+4,Normal,90,4,2,90.04,90+,2022,Coritiba,Fortaleza,True
7794,15,Fortaleza,Habraão,85,Normal,85,0,2,85.0,76-90,2022,Coritiba,Fortaleza,False
7794,15,Coritiba,Léo Gamalho,2,Normal,2,0,1,2.0,0-15,2022,Coritiba,Fortaleza,True
7795,15,Botafogo-RJ,Vinícius Lopes,64,Normal,64,0,2,64.0,61-75,2022,Bragantino,Botafogo-RJ,False
7796,16,Bragantino,Alerrandro Barra Mansa Realino de Souza,76,Normal,76,0,2,76.0,76-90,2022,Bragantino,Avai,True
7796,16,Bragantino,Hélio Junio Nunes de Castro,87,Normal,87,0,2,87.0,76-90,2022,Bragantino,Avai,True
7796,16,Bragantino,Bruno Praxedes,90,Normal,90,0,2,90.0,76-90,2022,Bragantino,Avai,True
7796,16,Bragantino,Luan Cândido,70,Normal,70,0,2,70.0,61-75,2022,Bragantino,Avai,True
7797,16,Fluminense,Matheus Martins,54,Normal,54,0,2,54.0,46-60,2022,Fluminense,Ceara,True
7797,16,Ceara,Luiz Otávio,90+3,Normal,90,3,2,90.03,90+,2022,Fluminense,Ceara,False
7797,16,Fluminense,Germán Cano,39,Normal,39,0,1,39.0,31-45,2022,Fluminense,Ceara,True
7798,16,Goias,Pedro Raúl,6,Normal,6,0,1,6.0,0-15,2022,Goias,Athletico-PR,True
7798,16,Goias,Nicolas Godinho Johann,40,Normal,40,0,1,40.0,31-45,2022,Goias,Athletico-PR,True
7798,16,Athletico-PR,David Terans,62,Penalty,62,0,2,62.0,61-75,2022,Goias,Athletico-PR,False
7799,16,Coritiba,Léo Gamalho,53,Normal,53,0,2,53.0,46-60,2022,Coritiba,Juventude,True
7799,16,Juventude,Ricardo Bueno,34,Penalty,34,0,1,34.0,31-45,2022,Coritiba,Juventude,False
7799,16,Coritiba,Adrián Emmanuel Martínez,78,Normal,78,0,2,78.0,76-90,2022,Coritiba,Juventude,True
7799,16,Juventude,Paulo,5,Normal,5,0,1,5.0,0-15,2022,Coritiba,Juventude,False
7800,16,Corinthians,Rodinei Marcelo De Almeida,52,Gol Contra,52,0,2,52.0,46-60,2022,Corinthians,Flamengo,True
7801,16,Santos,Lucas Barbosa,76,Normal,76,0,2,76.0,76-90,2022,Santos,Atletico-GO,True
7804,16,Cuiaba,Alesson,22,Normal,22,0,1,22.0,16-30,2022,Cuiaba,Botafogo-RJ,True
7804,16,Cuiaba,André Luis,90+8,Normal,90,8,2,90.08,90+,2022,Cuiaba,Botafogo-RJ,True
7805,16,Internacional,Moisés Roberto Barbosa,90+5,Normal,90,5,2,90.05,90+,2022,Internacional,America-MG,True
7807,17,Flamengo,Diego Ribas,22,Normal,22,0,1,22.0,16-30,2022,Flamengo,Coritiba,True
7807,17,Flamengo,Gustavo Henrique Vernes,13,Normal,13,0,1,13.0,0-15,2022,Flamengo,Coritiba,True
7808,17,Avai,Bissoli,10,Penalty,10,0,1,10.0,0-15,2022,Avai,Santos,True
7809,17,Corinthians,Róger Guedes,4,Normal,4,0,1,4.0,0-15,2022,Ceara,Corinthians,False
7809,17,Ceara,Bruno Pacheco,28,Normal,28,0,1,28.0,16-30,2022,Ceara,Corinthians,True
7809,17,Ceara,Vinícius,33,Normal,33,0,1,33.0,31-45,2022,Ceara,Corinthians,True
7809,17,Ceara,Cléber,76,Normal,76,0,2,76.0,76-90,2022,Ceara,Corinthians,True
7811,17,Fluminense,Manoel Messias Silva Carvalho,64,Normal,64,0,2,64.0,61-75,2022,Sao Paulo,Fluminense,False
7811,17,Sao Paulo,Luciano da Rocha Neves,34,Normal,34,0,1,34.0,31-45,2022,Sao Paulo,Fluminense,True
7811,17,Sao Paulo,Patrick,42,Normal,42,0,1,42.0,31-45,2022,Sao Paulo,Fluminense,True
7811,17,Fluminense,André Trindade,25,Normal,25,0,1,25.0,16-30,2022,Sao Paulo,Fluminense,False
7813,17,Fortaleza,Moisés Vieira da Veiga,74,Normal,74,0,2,74.0,61-75,2022,Atletico-GO,Fortaleza,False
7812,17,Atletico-MG,Matías Zaracho,55,Normal,55,0,2,55.0,46-60,2022,Botafogo-RJ,Atletico-MG,False
7814,17,Bragantino,Alerrandro Barra Mansa Realino de Souza,7,Normal,7,0,1,7.0,0-15,2022,America-MG,Bragantino,False
7814,17,Bragantino,Marcos Vinicios,41,Normal,41,0,1,41.0,31-45,2022,America-MG,Bragantino,False
7814,17,Bragantino,Alerrandro Barra Mansa Realino de Souza,2,Normal,2,0,1,2.0,0-15,2022,America-MG,Bragantino,False
7815,17,Palmeiras,Gabriel Veron,49,Normal,49,0,2,49.0,46-60,2022,Palmeiras,Cuiaba,True
7816,18,Ceara,Vinícius,45+3,Normal,45,3,1,45.03,45+,2022,Ceara,Avai,True
7818,18,Goias,Nicolas Godinho Johann,80,Normal,80,0,2,80.0,76-90,2022,Goias,Fluminense,True
7818,18,Fluminense,Jhon Arias,28,Normal,28,0,1,28.0,16-30,2022,Goias,Fluminense,False
7818,18,Fluminense,Germán Cano,84,Normal,84,0,2,84.0,76-90,2022,Goias,Fluminense,False
7818,18,Goias,Pedro Raúl,44,Normal,44,0,1,44.0,31-45,2022,Goias,Fluminense,True
7818,18,Fluminense,Willian Gomes de Siqueira,85,Normal,85,0,2,85.0,76-90,2022,Goias,Fluminense,False
7817,18,Bragantino,Lucas Evangelista,37,Normal,37,0,1,37.0,31-45,2022,Bragantino,Fortaleza,True
7817,18,Bragantino,Gabriel Novaes,90+5,Normal,90,5,2,90.05,90+,2022,Bragantino,Fortaleza,True
7817,18,Fortaleza,Emanuel Brítez,57,Normal,57,0,2,57.0,46-60,2022,Bragantino,Fortaleza,False
7819,18,Athletico-PR,Tomás Cuello,9,Normal,9,0,1,9.0,0-15,2022,Athletico-PR,Atletico-GO,True
7819,18,Atletico-GO,Kelvin,72,Normal,72,0,2,72.0,61-75,2022,Athletico-PR,Atletico-GO,False
7819,18,Athletico-PR,Agustín Canobbio,14,Normal,14,0,1,14.0,0-15,2022,Athletico-PR,Atletico-GO,True
7819,18,Athletico-PR,David Terans,49,Normal,49,0,2,49.0,46-60,2022,Athletico-PR,Atletico-GO,True
7819,18,Athletico-PR,Léo Cittadini,90+5,Normal,90,5,2,90.05,90+,2022,Athletico-PR,Atletico-GO,True
7820,18,Flamengo,Lázaro Vinícius,86,Normal,86,0,2,86.0,76-90,2022,Flamengo,Juventude,True
7820,18,Flamengo,Pedro,6,Normal,6,0,1,6.0,0-15,2022,Flamengo,Juventude,True
7820,18,Flamengo,Pedro,13,Normal,13,0,1,13.0,0-15,2022,Flamengo,Juventude,True
7820,18,Flamengo,Éverton Ribeiro,18,Normal,18,0,1,18.0,16-30,2022,Flamengo,Juventude,True
7821,18,Sao Paulo,Nikão,30,Normal,30,0,1,30.0,16-30,2022,Internacional,Sao Paulo,False
7821,18,Internacional,Pedro Henrique Konzen,4,Normal,4,0,1,4.0,0-15,2022,Internacional,Sao Paulo,True
7821,18,Sao Paulo,Luciano da Rocha Neves,54,Normal,54,0,2,54.0,46-60,2022,Internacional,Sao Paulo,False
7821,18,Internacional,Pedro Henrique Konzen,24,Normal,24,0,1,24.0,16-30,2022,Internacional,Sao Paulo,True
7821,18,Internacional,Edenílson Andrade dos Santos,41,Penalty,41,0,1,41.0,31-45,2022,Internacional,Sao Paulo,True
7821,18,Sao Paulo,Nikão,10,Normal,10,0,1,10.0,0-15,2022,Internacional,Sao Paulo,False
7822,18,Santos,Léo Baptistão,33,Normal,33,0,1,33.0,31-45,2022,Santos,Botafogo-RJ,True
7822,18,Santos,Marcos Leonardo Santos Almeida,77,Normal,77,0,2,77.0,76-90,2022,Santos,Botafogo-RJ,True
7823,18,Corinthians,Róger Guedes,36,Normal,36,0,1,36.0,31-45,2022,Corinthians,Coritiba,True
7823,18,Corinthians,Adson,67,Normal,67,0,2,67.0,61-75,2022,Corinthians,Coritiba,True
7823,18,Corinthians,Raul Gustavo Pereira Bicalho,85,Normal,85,0,2,85.0,76-90,2022,Corinthians,Coritiba,True
7823,18,Coritiba,Luciano Castán,54,Normal,54,0,2,54.0,46-60,2022,Corinthians,Coritiba,False
7824,18,Cuiaba,Gabriel Pirani,90+9,Normal,90,9,2,90.09,90+,2022,Cuiaba,Atletico-MG,True
7824,18,Atletico-MG,Alan Kardec,90+4,Normal,90,4,2,90.04,90+,2022,Cuiaba,Atletico-MG,False
7825,18,Palmeiras,Gustavo Scarpa,65,Normal,65,0,2,65.0,61-75,2022,America-MG,Palmeiras,False
7826,19,Sao Paulo,Rodrigo Nestor,33,Normal,33,0,1,33.0,31-45,2022,Sao Paulo,Goias,True
7826,19,Goias,Pedro Raúl,90+2,Normal,90,2,2,90.02,90+,2022,Sao Paulo,Goias,False
7826,19,Sao Paulo,Patrick,48,Normal,48,0,2,48.0,46-60,2022,Sao Paulo,Goias,True
7826,19,Goias,Dada,8,Normal,8,0,1,8.0,0-15,2022,Sao Paulo,Goias,False
7826,19,Sao Paulo,Jonathan Calleri,29,Normal,29,0,1,29.0,16-30,2022,Sao Paulo,Goias,True
7826,19,Goias,Danilo Cardoso,39,Normal,39,0,1,39.0,31-45,2022,Sao Paulo,Goias,False
7827,19,Botafogo-RJ,Erison Danilo de Souza,19,Normal,19,0,1,19.0,16-30,2022,Botafogo-RJ,Athletico-PR,True
7827,19,Botafogo-RJ,Jeffinho,54,Normal,54,0,2,54.0,46-60,2022,Botafogo-RJ,Athletico-PR,True
7828,19,Flamengo,Pedro,55,Normal,55,0,2,55.0,46-60,2022,Avai,Flamengo,False
7828,19,Flamengo,Pedro,84,Normal,84,0,2,84.0,76-90,2022,Avai,Flamengo,False
7828,19,Avai,Arthur Chaves,47,Normal,47,0,2,47.0,46-60,2022,Avai,Flamengo,True
7830,19,Palmeiras,Gustavo Gómez,18,Normal,18,0,1,18.0,16-30,2022,Palmeiras,Internacional,True
7830,19,Palmeiras,Gabriel Menino,88,Normal,88,0,2,88.0,76-90,2022,Palmeiras,Internacional,True
7830,19,Internacional,Alexandre Alemão,82,Normal,82,0,2,82.0,76-90,2022,Palmeiras,Internacional,False
7831,19,Juventude,Isidro Pitta,66,Normal,66,0,2,66.0,61-75,2022,Juventude,Ceara,True
7829,19,Bragantino,Luan Cândido,72,Normal,72,0,2,72.0,61-75,2022,Fluminense,Bragantino,False
7829,19,Fluminense,Jhon Arias,62,Normal,62,0,2,62.0,61-75,2022,Fluminense,Bragantino,True
7829,19,Fluminense,Germán Cano,66,Normal,66,0,2,66.0,61-75,2022,Fluminense,Bragantino,True
7833,19,America-MG,Felipe Azevedo,33,Normal,33,0,1,33.0,31-45,2022,Atletico-GO,America-MG,False
7832,19,Atletico-MG,Keno,9,Normal,9,0,1,9.0,0-15,2022,Atletico-MG,Corinthians,True
7832,19,Corinthians,Fábio Santos,80,Normal,80,0,2,80.0,76-90,2022,Atletico-MG,Corinthians,False
7832,19,Corinthians,Fábio Santos,86,Penalty,86,0,2,86.0,76-90,2022,Atletico-MG,Corinthians,False
7835,19,Coritiba,Alef Manga,40,Normal,40,0,1,40.0,31-45,2022,Coritiba,Cuiaba,True
7836,20,Goias,Pedro Raúl,80,Normal,80,0,2,80.0,76-90,2022,Goias,Coritiba,True
7837,20,Ceara,Stiven Mendoza,80,Penalty,80,0,2,80.0,76-90,2022,Ceara,Palmeiras,True
7837,20,Palmeiras,Eduardo Pereira Rodrigues,31,Normal,31,0,1,31.0,31-45,2022,Ceara,Palmeiras,False
7837,20,Palmeiras,José Manuel Alberto López,45,Normal,45,0,1,45.0,31-45,2022,Ceara,Palmeiras,False
7838,20,Corinthians,Gustavo Mosquito,27,Normal,27,0,1,27.0,16-30,2022,Corinthians,Botafogo-RJ,True
7839,20,Atletico-GO,Wellington Rato,82,Normal,82,0,2,82.0,76-90,2022,Flamengo,Atletico-GO,False
7839,20,Flamengo,Lázaro Vinícius,22,Normal,22,0,1,22.0,16-30,2022,Flamengo,Atletico-GO,True
7839,20,Flamengo,Arturo Vidal,32,Penalty,32,0,1,32.0,31-45,2022,Flamengo,Atletico-GO,True
7839,20,Flamengo,Mário Sérgio Santos Costa,23,Normal,23,0,1,23.0,16-30,2022,Flamengo,Atletico-GO,True
7839,20,Flamengo,Victor Hugo,45+5,Normal,45,5,1,45.05,45+,2022,Flamengo,Atletico-GO,True
7841,20,Internacional,Maurício,7,Normal,7,0,1,7.0,0-15,2022,Internacional,Atletico-MG,True
7841,20,Internacional,Maurício,31,Normal,31,0,1,31.0,31-45,2022,Internacional,Atletico-MG,True
7841,20,Internacional,Wanderson,24,Normal,24,0,1,24.0,16-30,2022,Internacional,Atletico-MG,True
7840,20,Athletico-PR,Vitor Bueno,69,Penalty,69,0,2,69.0,61-75,2022,Athletico-PR,Sao Paulo,True
7842,20,Fortaleza,Robson Fernandes,25,Normal,25,0,1,25.0,16-30,2022,Cuiaba,Fortaleza,False
7843,20,Avai,Bissoli,4,Normal,4,0,1,4.0,0-15,2022,America-MG,Avai,False
7843,20,America-MG,Henrique Almeida,34,Normal,34,0,1,34.0,31-45,2022,America-MG,Avai,True
7843,20,America-MG,Everaldo,70,Normal,70,0,2,70.0,61-75,2022,America-MG,Avai,True
7843,20,America-MG,Everaldo,90,Normal,90,0,2,90.0,76-90,2022,America-MG,Avai,True
7844,20,Bragantino,Hélio Junio Nunes de Castro,28,Normal,28,0,1,28.0,16-30,2022,Bragantino,Juventude,True
7845,20,Fluminense,Jhon Arias,72,Normal,72,0,2,72.0,61-75,2022,Santos,Fluminense,False
7845,20,Santos,Luiz Felipe,16,Normal,16,0,1,16.0,16-30,2022,Santos,Fluminense,True
7845,20,Santos,Marcos Leonardo Santos Almeida,86,Normal,86,0,2,86.0,76-90,2022,Santos,Fluminense,True
7845,20,Fluminense,Paulo Henrique Ganso,71,Penalty,71,0,2,71.0,61-75,2022,Santos,Fluminense,False
7846,21,America-MG,Pedrinho,8,Normal,8,0,1,8.0,0-15,2022,Juventude,America-MG,False
7847,21,Botafogo-RJ,Víctor Cuesta,9,Normal,9,0,1,9.0,0-15,2022,Botafogo-RJ,Ceara,True
7847,21,Ceara,Stiven Mendoza,49,Normal,49,0,2,49.0,46-60,2022,Botafogo-RJ,Ceara,False
7849,21,Atletico-GO,Marlon Freitas,52,Normal,52,0,2,52.0,46-60,2022,Atletico-GO,Bragantino,True
7849,21,Atletico-GO,Diego Churín,60,Normal,60,0,2,60.0,46-60,2022,Atletico-GO,Bragantino,True
7849,21,Bragantino,Luan Cândido,86,Normal,86,0,2,86.0,76-90,2022,Atletico-GO,Bragantino,False
7848,21,Corinthians,Fabián Balbuena,77,Normal,77,0,2,77.0,76-90,2022,Avai,Corinthians,False
7848,21,Avai,Bissoli,36,Penalty,36,0,1,36.0,31-45,2022,Avai,Corinthians,True
7850,21,Flamengo,Lázaro Vinícius,7,Normal,7,0,1,7.0,0-15,2022,Sao Paulo,Flamengo,False
7850,21,Flamengo,Gabriel Barbosa Almeida,90+5,Normal,90,5,2,90.05,90+,2022,Sao Paulo,Flamengo,False
7851,21,Fluminense,Germán Cano,2,Normal,2,0,1,2.0,0-15,2022,Fluminense,Cuiaba,True
7852,21,Palmeiras,Eduard Atuesta,83,Normal,83,0,2,83.0,76-90,2022,Palmeiras,Goias,True
7852,21,Palmeiras,Raphael Cavalcante Veiga,45+5,Penalty,45,5,1,45.05,45+,2022,Palmeiras,Goias,True
7852,21,Palmeiras,Mayke,19,Normal,19,0,1,19.0,16-30,2022,Palmeiras,Goias,True
7853,21,Fortaleza,Lucas Crispim,45,Normal,45,0,1,45.0,31-45,2022,Fortaleza,Internacional,True
7853,21,Fortaleza,Hércules,70,Normal,70,0,2,70.0,61-75,2022,Fortaleza,Internacional,True
7853,21,Fortaleza,Robson Fernandes,84,Normal,84,0,2,84.0,76-90,2022,Fortaleza,Internacional,True
7854,21,Atletico-MG,Igor Rabello,30,Normal,30,0,1,30.0,16-30,2022,Atletico-MG,Athletico-PR,True
7854,21,Athletico-PR,Agustín Canobbio,90+6,Normal,90,6,2,90.06,90+,2022,Atletico-MG,Athletico-PR,False
7854,21,Atletico-MG,Cristian Pavón,54,Normal,54,0,2,54.0,46-60,2022,Atletico-MG,Athletico-PR,True
7854,21,Athletico-PR,Vitor Roque,46,Normal,46,0,2,46.0,46-60,2022,Atletico-MG,Athletico-PR,False
7854,21,Athletico-PR,Vitor Roque,56,Normal,56,0,2,56.0,46-60,2022,Atletico-MG,Athletico-PR,False
7855,21,Coritiba,Léo Gamalho,57,Normal,57,0,2,57.0,46-60,2022,Coritiba,Santos,True
7855,21,Santos,Madson,47,Normal,47,0,2,47.0,46-60,2022,Coritiba,Santos,False
7855,21,Santos,Bryan Angulo,90+3,Normal,90,3,2,90.03,90+,2022,Coritiba,Santos,False
7856,22,Goias,Dada,79,Normal,79,0,2,79.0,76-90,2022,Goias,Avai,True
7856,22,Avai,Bissoli,45,Penalty,45,0,1,45.0,31-45,2022,Goias,Avai,False
7857,22,Palmeiras,Roni,72,Gol Contra,72,0,2,72.0,61-75,2022,Corinthians,Palmeiras,False
7858,22,Cuiaba,André Felipe Ribeiro de Souza,22,Normal,22,0,1,22.0,16-30,2022,Cuiaba,Juventude,True
7860,22,Atletico-MG,Alan Kardec,90+4,Normal,90,4,2,90.04,90+,2022,Coritiba,Atletico-MG,False
7861,22,Fortaleza,Moisés Vieira da Veiga,17,Normal,17,0,1,17.0,16-30,2022,Ceara,Fortaleza,False
7862,22,Flamengo,Fabrício Bruno,56,Normal,56,0,2,56.0,46-60,2022,Flamengo,Athletico-PR,True
7862,22,Flamengo,Pedro,90+2,Normal,90,2,2,90.02,90+,2022,Flamengo,Athletico-PR,True
7862,22,Flamengo,Fabrício Bruno,59,Normal,59,0,2,59.0,46-60,2022,Flamengo,Athletico-PR,True
7862,22,Flamengo,Ayrton Lucas Dantas de Medeiros,63,Normal,63,0,2,63.0,61-75,2022,Flamengo,Athletico-PR,True
7862,22,Flamengo,Lázaro Vinícius,71,Normal,71,0,2,71.0,61-75,2022,Flamengo,Athletico-PR,True
7863,22,Sao Paulo,Rodrigo Nestor,25,Normal,25,0,1,25.0,16-30,2022,Sao Paulo,Bragantino,True
7863,22,Sao Paulo,Jonathan Calleri,59,Normal,59,0,2,59.0,46-60,2022,Sao Paulo,Bragantino,True
7863,22,Sao Paulo,Igor Vinícius,61,Normal,61,0,2,61.0,61-75,2022,Sao Paulo,Bragantino,True
7864,22,America-MG,Pedrinho,14,Normal,14,0,1,14.0,0-15,2022,America-MG,Santos,True
7865,22,Internacional,Fabricio Bustos,36,Normal,36,0,1,36.0,31-45,2022,Internacional,Fluminense,True
7865,22,Internacional,Alexandre Alemão,71,Normal,71,0,2,71.0,61-75,2022,Internacional,Fluminense,True
7865,22,Internacional,Carlos de Pena,90+3,Normal,90,3,2,90.03,90+,2022,Internacional,Fluminense,True
7866,23,Goias,Pedro Raúl,51,Normal,51,0,2,51.0,46-60,2022,Atletico-MG,Goias,False
7867,23,Fluminense,Willian Gomes de Siqueira,90,Normal,90,0,2,90.0,76-90,2022,Fluminense,Coritiba,True
7867,23,Fluminense,Caio Paulista,3,Normal,3,0,1,3.0,0-15,2022,Fluminense,Coritiba,True
7867,23,Fluminense,Willian Gomes de Siqueira,90+5,Normal,90,5,2,90.05,90+,2022,Fluminense,Coritiba,True
7867,23,Fluminense,Jhon Arias,36,Normal,36,0,1,36.0,31-45,2022,Fluminense,Coritiba,True
7867,23,Coritiba,Alef Manga,72,Normal,72,0,2,72.0,61-75,2022,Fluminense,Coritiba,False
7867,23,Fluminense,Nathan,77,Normal,77,0,2,77.0,76-90,2022,Fluminense,Coritiba,True
7867,23,Coritiba,Egídio,84,Normal,84,0,2,84.0,76-90,2022,Fluminense,Coritiba,False
7868,23,Juventude,Isidro Pitta,9,Normal,9,0,1,9.0,0-15,2022,Juventude,Botafogo-RJ,True
7868,23,Juventude,Isidro Pitta,65,Normal,65,0,2,65.0,61-75,2022,Juventude,Botafogo-RJ,True
7868,23,Botafogo-RJ,Júnior Santos,61,Normal,61,0,2,61.0,61-75,2022,Juventude,Botafogo-RJ,False
7868,23,Botafogo-RJ,Gabriel Appelt Pires,72,Normal,72,0,2,72.0,61-75,2022,Juventude,Botafogo-RJ,False
7869,23,Palmeiras,Raphael Cavalcante Veiga,66,Normal,66,0,2,66.0,61-75,2022,Palmeiras,Flamengo,True
7869,23,Flamengo,Victor Hugo,29,Normal,29,0,1,29.0,16-30,2022,Palmeiras,Flamengo,False
7870,23,Athletico-PR,Éder,25,Gol Contra,25,0,1,25.0,16-30,2022,Athletico-PR,America-MG,True
7870,23,America-MG,Henrique Almeida,64,Normal,64,0,2,64.0,61-75,2022,Athletico-PR,America-MG,False
7871,23,Cuiaba,Rodrigo Eduardo Costa Marinho,81,Normal,81,0,2,81.0,76-90,2022,Atletico-GO,Cuiaba,False
7871,23,Atletico-GO,Diego Churín,34,Normal,34,0,1,34.0,31-45,2022,Atletico-GO,Cuiaba,True
7872,23,Fortaleza,Moisés Vieira da Veiga,65,Normal,65,0,2,65.0,61-75,2022,Fortaleza,Corinthians,True
7873,23,Ceara,Zé Roberto,80,Penalty,80,0,2,80.0,76-90,2022,Bragantino,Ceara,False
7873,23,Bragantino,Luan Cândido,90+13,Penalty,90,13,2,90.13,90+,2022,Bragantino,Ceara,True
7874,23,Santos,Lucas Braga Ribeiro,33,Normal,33,0,1,33.0,31-45,2022,Santos,Sao Paulo,True
7875,23,Internacional,Pedro Henrique Konzen,90+8,Penalty,90,8,2,90.08,90+,2022,Avai,Internacional,False
7876,24,Goias,Marquinhos,54,Normal,54,0,2,54.0,46-60,2022,Goias,Atletico-GO,True
7876,24,Atletico-GO,Shaylon,84,Normal,84,0,2,84.0,76-90,2022,Goias,Atletico-GO,False
7876,24,Goias,João Victor Andrade Caetano,11,Normal,11,0,1,11.0,0-15,2022,Goias,Atletico-GO,True
7877,24,Coritiba,Fabrício Daniel de Souza,78,Normal,78,0,2,78.0,76-90,2022,Coritiba,Avai,True
7878,24,Palmeiras,Rony,8,Normal,8,0,1,8.0,0-15,2022,Fluminense,Palmeiras,False
7878,24,Fluminense,Manoel Messias Silva Carvalho,38,Normal,38,0,1,38.0,31-45,2022,Fluminense,Palmeiras,True
7881,24,America-MG,Henrique Almeida,19,Normal,19,0,1,19.0,16-30,2022,America-MG,Atletico-MG,True
7881,24,Atletico-MG,Hulk,10,Normal,10,0,1,10.0,0-15,2022,America-MG,Atletico-MG,False
7880,24,Fortaleza,Juninho Capixaba,32,Normal,32,0,1,32.0,31-45,2022,Sao Paulo,Fortaleza,False
7882,24,Flamengo,Arturo Vidal,58,Normal,58,0,2,58.0,46-60,2022,Botafogo-RJ,Flamengo,False
7884,24,Internacional,Johnny Cardoso,38,Normal,38,0,1,38.0,31-45,2022,Internacional,Juventude,True
7884,24,Internacional,Johnny Cardoso,48,Normal,48,0,2,48.0,46-60,2022,Internacional,Juventude,True
7884,24,Internacional,Edenílson Andrade dos Santos,90+2,Penalty,90,2,2,90.02,90+,2022,Internacional,Juventude,True
7884,24,Internacional,Wanderson,45+5,Normal,45,5,1,45.05,45+,2022,Internacional,Juventude,True
7885,24,Corinthians,Gustavo Mosquito,31,Normal,31,0,1,31.0,31-45,2022,Corinthians,Bragantino,True
7886,25,Avai,Bissoli,59,Normal,59,0,2,59.0,46-60,2022,Juventude,Avai,False
7886,25,Juventude,Chico,70,Penalty,70,0,2,70.0,61-75,2022,Juventude,Avai,True
7887,25,Palmeiras,Miguel Merentiel,71,Normal,71,0,2,71.0,61-75,2022,Bragantino,Palmeiras,False
7887,25,Bragantino,Luan Cândido,25,Normal,25,0,1,25.0,16-30,2022,Bragantino,Palmeiras,True
7887,25,Palmeiras,Cleiton Schwengber,45+4,Gol Contra,45,4,1,45.04,45+,2022,Bragantino,Palmeiras,False
7887,25,Bragantino,Artur Victor Guimarães,35,Normal,35,0,1,35.0,31-45,2022,Bragantino,Palmeiras,True
7888,25,Athletico-PR,Pablo Felipe Teixeira,26,Normal,26,0,1,26.0,16-30,2022,Athletico-PR,Fluminense,True
7889,25,America-MG,Pedrinho,30,Normal,30,0,1,30.0,16-30,2022,America-MG,Coritiba,True
7889,25,America-MG,Matheus Leonardo Sales Cardoso,78,Normal,78,0,2,78.0,76-90,2022,America-MG,Coritiba,True
7890,25,Flamengo,Gabriel Barbosa Almeida,53,Normal,53,0,2,53.0,46-60,2022,Flamengo,Ceara,True
7890,25,Ceara,Jô,45,Normal,45,0,1,45.0,31-45,2022,Flamengo,Ceara,False
7891,25,Internacional,Alexandre Alemão,1,Normal,1,0,1,1.0,0-15,2022,Corinthians,Internacional,False
7891,25,Internacional,Alan Patrick,67,Normal,67,0,2,67.0,61-75,2022,Corinthians,Internacional,False
7891,25,Corinthians,Fabián Balbuena,13,Normal,13,0,1,13.0,0-15,2022,Corinthians,Internacional,True
7891,25,Corinthians,Yuri Alberto,19,Normal,19,0,1,19.0,16-30,2022,Corinthians,Internacional,True
7892,25,Botafogo-RJ,Carlos Eduardo de Oliveira Alves,36,Normal,36,0,1,36.0,31-45,2022,Fortaleza,Botafogo-RJ,False
7892,25,Botafogo-RJ,Fernando Marçal,64,Normal,64,0,2,64.0,61-75,2022,Fortaleza,Botafogo-RJ,False
7892,25,Fortaleza,Moisés Vieira da Veiga,70,Normal,70,0,2,70.0,61-75,2022,Fortaleza,Botafogo-RJ,True
7892,25,Botafogo-RJ,Carlos Eduardo de Oliveira Alves,19,Normal,19,0,1,19.0,16-30,2022,Fortaleza,Botafogo-RJ,False
7893,25,Atletico-MG,Keno,45+5,Normal,45,5,1,45.05,45+,2022,Atletico-GO,Atletico-MG,False
7893,25,Atletico-MG,Hulk,58,Normal,58,0,2,58.0,46-60,2022,Atletico-GO,Atletico-MG,False
7894,25,Sao Paulo,Luizão,80,Normal,80,0,2,80.0,76-90,2022,Cuiaba,Sao Paulo,False
7894,25,Cuiaba,Deyverson,7,Penalty,7,0,1,7.0,0-15,2022,Cuiaba,Sao Paulo,True
7895,25,Santos,Madson,55,Normal,55,0,2,55.0,46-60,2022,Santos,Goias,True
7895,25,Goias,Pedro Raúl,2,Normal,2,0,1,2.0,0-15,2022,Santos,Goias,False
7895,25,Goias,Pedro Raúl,61,Normal,61,0,2,61.0,61-75,2022,Santos,Goias,False
7896,26,Atletico-MG,Ademir,17,Normal,17,0,1,17.0,16-30,2022,Atletico-MG,Bragantino,True
7896,26,Bragantino,Aderlan Silva,31,Normal,31,0,1,31.0,31-45,2022,Atletico-MG,Bragantino,False
7898,26,Ceara,Zé Roberto,30,Normal,30,0,1,30.0,16-30,2022,Ceara,Santos,True
7898,26,Santos,Marcos Leonardo Santos Almeida,56,Normal,56,0,2,56.0,46-60,2022,Ceara,Santos,False
7898,26,Ceara,Guilherme Castilho,6,Normal,6,0,1,6.0,0-15,2022,Ceara,Santos,True
7897,26,Internacional,Alexandre Alemão,68,Normal,68,0,2,68.0,61-75,2022,Internacional,Cuiaba,True
7899,26,Fortaleza,Thiago Galhardo,51,Normal,51,0,2,51.0,46-60,2022,Fluminense,Fortaleza,False
7899,26,Fluminense,Germán Cano,11,Normal,11,0,1,11.0,0-15,2022,Fluminense,Fortaleza,True
7899,26,Fluminense,Germán Cano,56,Normal,56,0,2,56.0,46-60,2022,Fluminense,Fortaleza,True
7900,26,Palmeiras,Rony,46,Normal,46,0,2,46.0,46-60,2022,Palmeiras,Juventude,True
7900,26,Palmeiras,Murilo Cerqueira,67,Normal,67,0,2,67.0,61-75,2022,Palmeiras,Juventude,True
7900,26,Juventude,Guilherme Parede,63,Normal,63,0,2,63.0,61-75,2022,Palmeiras,Juventude,False
7901,26,Avai,William Pottker,22,Normal,22,0,1,22.0,16-30,2022,Avai,Athletico-PR,True
7901,26,Athletico-PR,David Terans,48,Normal,48,0,2,48.0,46-60,2022,Avai,Athletico-PR,False
7904,26,Coritiba,Fabrício Daniel de Souza,49,Normal,49,0,2,49.0,46-60,2022,Coritiba,Atletico-GO,True
7904,26,Coritiba,Alef Manga,45,Normal,45,0,1,45.0,31-45,2022,Coritiba,Atletico-GO,True
7903,26,Sao Paulo,Eder Citadin Martins,33,Penalty,33,0,1,33.0,31-45,2022,Sao Paulo,Corinthians,True
7903,26,Corinthians,Yuri Alberto,14,Normal,14,0,1,14.0,0-15,2022,Sao Paulo,Corinthians,False
7905,26,Goias,Diego,80,Normal,80,0,2,80.0,76-90,2022,Goias,Flamengo,True
7905,26,Flamengo,Matheus França,84,Normal,84,0,2,84.0,76-90,2022,Goias,Flamengo,False
7906,27,Avai,Bissoli,54,Penalty,54,0,2,54.0,46-60,2022,Avai,Atletico-MG,True
7907,27,Botafogo-RJ,Francisco Soares,79,Normal,79,0,2,79.0,76-90,2022,Botafogo-RJ,Coritiba,True
7907,27,Botafogo-RJ,Víctor Cuesta,75,Normal,75,0,2,75.0,61-75,2022,Botafogo-RJ,Coritiba,True
7908,27,Bragantino,Alerrandro Barra Mansa Realino de Souza,28,Normal,28,0,1,28.0,16-30,2022,Bragantino,Goias,True
7908,27,Goias,Pedro Raúl,55,Penalty,55,0,2,55.0,46-60,2022,Bragantino,Goias,False
7910,27,Sao Paulo,Jonathan Calleri,23,Normal,23,0,1,23.0,16-30,2022,Ceara,Sao Paulo,False
7910,27,Sao Paulo,Nahuel Bustos,90+3,Normal,90,3,2,90.03,90+,2022,Ceara,Sao Paulo,False
7909,27,Fluminense,Paulo Henrique Ganso,45,Penalty,45,0,1,45.0,31-45,2022,Flamengo,Fluminense,False
7909,27,Flamengo,Gabriel Barbosa Almeida,83,Normal,83,0,2,83.0,76-90,2022,Flamengo,Fluminense,True
7909,27,Fluminense,Nathan,76,Normal,76,0,2,76.0,76-90,2022,Flamengo,Fluminense,False
7912,27,Fortaleza,Paulo Miranda,44,Gol Contra,44,0,1,44.0,31-45,2022,Juventude,Fortaleza,False
7912,27,Juventude,Vitor Gabriel,78,Normal,78,0,2,78.0,76-90,2022,Juventude,Fortaleza,True
7911,27,America-MG,Juninho,77,Normal,77,0,2,77.0,76-90,2022,America-MG,Corinthians,True
7913,27,Palmeiras,Miguel Merentiel,77,Normal,77,0,2,77.0,76-90,2022,Palmeiras,Santos,True
7914,27,Athletico-PR,Tomás Cuello,35,Normal,35,0,1,35.0,31-45,2022,Athletico-PR,Cuiaba,True
7914,27,Athletico-PR,David Terans,45+4,Penalty,45,4,1,45.04,45+,2022,Athletico-PR,Cuiaba,True
7914,27,Cuiaba,Rodrigo Eduardo Costa Marinho,8,Normal,8,0,1,8.0,0-15,2022,Athletico-PR,Cuiaba,False
7914,27,Cuiaba,Deyverson,64,Normal,64,0,2,64.0,61-75,2022,Athletico-PR,Cuiaba,False
7915,27,Atletico-GO,Diego Churín,64,Normal,64,0,2,64.0,61-75,2022,Atletico-GO,Internacional,True
7915,27,Internacional,Pedro Henrique Konzen,28,Normal,28,0,1,28.0,16-30,2022,Atletico-GO,Internacional,False
7915,27,Internacional,Pedro Henrique Konzen,35,Normal,35,0,1,35.0,31-45,2022,Atletico-GO,Internacional,False
7916,28,Sao Paulo,Luciano da Rocha Neves,45+3,Normal,45,3,1,45.03,45+,2022,Sao Paulo,Avai,True
7916,28,Sao Paulo,Patrick,45+6,Normal,45,6,1,45.06,45+,2022,Sao Paulo,Avai,True
7916,28,Sao Paulo,Eder Citadin Martins,90+3,Normal,90,3,2,90.03,90+,2022,Sao Paulo,Avai,True
7916,28,Sao Paulo,Diego Henrique Costa Barbosa,25,Normal,25,0,1,25.0,16-30,2022,Sao Paulo,Avai,True
7917,28,Santos,Nicolás Hernández,90+2,Gol Contra,90,2,2,90.02,90+,2022,Santos,Athletico-PR,True
7917,28,Santos,Luan Guilherme de Jesus Vieira,35,Normal,35,0,1,35.0,31-45,2022,Santos,Athletico-PR,True
7921,28,Fortaleza,Pedro Rocha Neves,18,Normal,18,0,1,18.0,16-30,2022,Fortaleza,Flamengo,True
7921,28,Fortaleza,Pedro Rocha Neves,51,Normal,51,0,2,51.0,46-60,2022,Fortaleza,Flamengo,True
7921,28,Fortaleza,Caio Alexandre,90+4,Normal,90,4,2,90.04,90+,2022,Fortaleza,Flamengo,True
7921,28,Flamengo,Gabriel Barbosa Almeida,45+5,Penalty,45,5,1,45.05,45+,2022,Fortaleza,Flamengo,False
7921,28,Flamengo,Gabriel Barbosa Almeida,32,Normal,32,0,1,32.0,31-45,2022,Fortaleza,Flamengo,False
7919,28,Corinthians,Róger Guedes,12,Normal,12,0,1,12.0,0-15,2022,Corinthians,Atletico-GO,True
7919,28,Corinthians,Yuri Alberto,88,Normal,88,0,2,88.0,76-90,2022,Corinthians,Atletico-GO,True
7919,28,Atletico-GO,Wellington Rato,17,Normal,17,0,1,17.0,16-30,2022,Corinthians,Atletico-GO,False
7920,28,Fluminense,Germán Cano,19,Normal,19,0,1,19.0,16-30,2022,Fluminense,Juventude,True
7920,28,Fluminense,Samuel Xavier,28,Normal,28,0,1,28.0,16-30,2022,Fluminense,Juventude,True
7920,28,Fluminense,Jhon Arias,56,Normal,56,0,2,56.0,46-60,2022,Fluminense,Juventude,True
7920,28,Fluminense,Michel Araújo,88,Normal,88,0,2,88.0,76-90,2022,Fluminense,Juventude,True
7918,28,Coritiba,Fabrício Daniel de Souza,30,Normal,30,0,1,30.0,16-30,2022,Coritiba,Ceara,True
7922,28,Cuiaba,Sidcley,32,Normal,32,0,1,32.0,31-45,2022,Cuiaba,America-MG,True
7922,28,Cuiaba,André Luis,62,Normal,62,0,2,62.0,61-75,2022,Cuiaba,America-MG,True
7922,28,America-MG,Gonzalo Mastriani,90+7,Normal,90,7,2,90.07,90+,2022,Cuiaba,America-MG,False
7925,28,Botafogo-RJ,Romildo Del Piage,89,Normal,89,0,2,89.0,76-90,2022,Goias,Botafogo-RJ,False
7924,28,Palmeiras,Murilo Cerqueira,51,Normal,51,0,2,51.0,46-60,2022,Atletico-MG,Palmeiras,False
7926,29,Atletico-MG,Hulk,41,Normal,41,0,1,41.0,31-45,2022,Atletico-MG,Fluminense,True
7926,29,Atletico-MG,Hulk,65,Penalty,65,0,2,65.0,61-75,2022,Atletico-MG,Fluminense,True
7928,29,America-MG,Juninho,25,Normal,25,0,1,25.0,16-30,2022,Ceara,America-MG,False
7928,29,America-MG,Felipe Azevedo,68,Normal,68,0,2,68.0,61-75,2022,Ceara,America-MG,False
7928,29,Ceara,Vinícius,90+3,Normal,90,3,2,90.03,90+,2022,Ceara,America-MG,True
7927,29,Internacional,Carlos de Pena,23,Normal,23,0,1,23.0,16-30,2022,Internacional,Santos,True
7929,29,Atletico-GO,Gabriel Baralhas,56,Normal,56,0,2,56.0,46-60,2022,Avai,Atletico-GO,False
7929,29,Avai,William Pottker,66,Normal,66,0,2,66.0,61-75,2022,Avai,Atletico-GO,True
7929,29,Atletico-GO,Wellington Rato,45+1,Normal,45,1,1,45.01,45+,2022,Avai,Atletico-GO,False
7930,29,Athletico-PR,Vitor Hugo Naum dos Santos,20,Normal,20,0,1,20.0,16-30,2022,Athletico-PR,Juventude,True
7930,29,Athletico-PR,Fernandinho,69,Normal,69,0,2,69.0,61-75,2022,Athletico-PR,Juventude,True
7931,29,Flamengo,Pedro,66,Normal,66,0,2,66.0,61-75,2022,Flamengo,Bragantino,True
7931,29,Bragantino,Hélio Junio Nunes de Castro,48,Penalty,48,0,2,48.0,46-60,2022,Flamengo,Bragantino,False
7931,29,Flamengo,Pedro,70,Normal,70,0,2,70.0,61-75,2022,Flamengo,Bragantino,True
7931,29,Flamengo,Pedro,71,Normal,71,0,2,71.0,61-75,2022,Flamengo,Bragantino,True
7931,29,Flamengo,Gabriel Barbosa Almeida,12,Normal,12,0,1,12.0,0-15,2022,Flamengo,Bragantino,True
7932,29,Fortaleza,Lucas Sasha,14,Normal,14,0,1,14.0,0-15,2022,Goias,Fortaleza,False
7933,29,Corinthians,Yuri Alberto,33,Normal,33,0,1,33.0,31-45,2022,Corinthians,Cuiaba,True
7933,29,Corinthians,Róger Guedes,45+4,Normal,45,4,1,45.04,45+,2022,Corinthians,Cuiaba,True
7934,29,Palmeiras,Eduardo Pereira Rodrigues,60,Normal,60,0,2,60.0,46-60,2022,Botafogo-RJ,Palmeiras,False
7934,29,Palmeiras,Gustavo Scarpa,26,Penalty,26,0,1,26.0,16-30,2022,Botafogo-RJ,Palmeiras,False
7934,29,Botafogo-RJ,Francisco Soares,20,Normal,20,0,1,20.0,16-30,2022,Botafogo-RJ,Palmeiras,True
7934,29,Palmeiras,Mayke,36,Normal,36,0,1,36.0,31-45,2022,Botafogo-RJ,Palmeiras,False
7936,30,Corinthians,Yuri Alberto,54,Normal,54,0,2,54.0,46-60,2022,Juventude,Corinthians,False
7936,30,Juventude,Óscar Ruiz,46,Normal,46,0,2,46.0,46-60,2022,Juventude,Corinthians,True
7936,30,Juventude,Isidro Pitta,62,Normal,62,0,2,62.0,61-75,2022,Juventude,Corinthians,True
7936,30,Corinthians,Giuliano Victor de Paula,24,Normal,24,0,1,24.0,16-30,2022,Juventude,Corinthians,False
7937,30,Atletico-GO,Gabriel Baralhas,75,Normal,75,0,2,75.0,61-75,2022,Atletico-GO,Fluminense,True
7937,30,Atletico-GO,Marlon Freitas,88,Normal,88,0,2,88.0,76-90,2022,Atletico-GO,Fluminense,True
7937,30,Atletico-GO,Diego Churín,45,Penalty,45,0,1,45.0,31-45,2022,Atletico-GO,Fluminense,True
7937,30,Fluminense,Germán Cano,37,Normal,37,0,1,37.0,31-45,2022,Atletico-GO,Fluminense,False
7937,30,Fluminense,Jhon Arias,5,Penalty,5,0,1,5.0,0-15,2022,Atletico-GO,Fluminense,False
7938,30,Ceara,Stiven Mendoza,47,Normal,47,0,2,47.0,46-60,2022,Ceara,Goias,True
7938,30,Goias,Nicolas Godinho Johann,90+3,Normal,90,3,2,90.03,90+,2022,Ceara,Goias,False
7939,30,Cuiaba,Deyverson,34,Penalty,34,0,1,34.0,31-45,2022,Bragantino,Cuiaba,False
7939,30,Bragantino,Werik Popó,45+5,Normal,45,5,1,45.05,45+,2022,Bragantino,Cuiaba,True
7939,30,Bragantino,Artur Victor Guimarães,60,Normal,60,0,2,60.0,46-60,2022,Bragantino,Cuiaba,True
7940,30,Athletico-PR,Pablo Felipe Teixeira,90+2,Normal,90,2,2,90.02,90+,2022,Athletico-PR,Fortaleza,True
7940,30,Fortaleza,Thiago Galhardo,15,Normal,15,0,1,15.0,0-15,2022,Athletico-PR,Fortaleza,False
7942,30,Santos,Marcos Leonardo Santos Almeida,88,Penalty,88,0,2,88.0,76-90,2022,Santos,Atletico-MG,True
7942,30,Atletico-MG,Hulk,72,Normal,72,0,2,72.0,61-75,2022,Santos,Atletico-MG,False
7942,30,Atletico-MG,Ignacio Fernández,90+2,Penalty,90,2,2,90.02,90+,2022,Santos,Atletico-MG,False
7943,30,Palmeiras,Rony,34,Normal,34,0,1,34.0,31-45,2022,Palmeiras,Coritiba,True
7943,30,Palmeiras,Gustavo Gómez,51,Normal,51,0,2,51.0,46-60,2022,Palmeiras,Coritiba,True
7943,30,Palmeiras,Breno Lopes,77,Normal,77,0,2,77.0,76-90,2022,Palmeiras,Coritiba,True
7943,30,Palmeiras,Mayke,15,Normal,15,0,1,15.0,0-15,2022,Palmeiras,Coritiba,True
7945,30,Botafogo-RJ,Víctor Cuesta,49,Normal,49,0,2,49.0,46-60,2022,Avai,Botafogo-RJ,False
7945,30,Botafogo-RJ,Francisco Soares,56,Normal,56,0,2,56.0,46-60,2022,Avai,Botafogo-RJ,False
7945,30,Avai,Bissoli,11,Penalty,11,0,1,11.0,0-15,2022,Avai,Botafogo-RJ,True
7944,30,Sao Paulo,Jonathan Calleri,34,Normal,34,0,1,34.0,31-45,2022,America-MG,Sao Paulo,False
7944,30,Sao Paulo,Alisson Euler de Freitas Castro,90+1,Normal,90,1,2,90.01,90+,2022,America-MG,Sao Paulo,False
7944,30,America-MG,Aloísio dos Santos Gonçalves,10,Normal,10,0,1,10.0,0-15,2022,America-MG,Sao Paulo,True
7946,31,Cuiaba,Rafael Gustavo Meneghel Gava,90+4,Normal,90,4,2,90.04,90+,2022,Cuiaba,Flamengo,True
7946,31,Flamengo,Mário Sérgio Santos Costa,66,Penalty,66,0,2,66.0,61-75,2022,Cuiaba,Flamengo,False
7946,31,Flamengo,Matheus França,58,Normal,58,0,2,58.0,46-60,2022,Cuiaba,Flamengo,False
7947,31,Corinthians,Róger Guedes,22,Penalty,22,0,1,22.0,16-30,2022,Corinthians,Athletico-PR,True
7947,31,Corinthians,Fabián Balbuena,6,Normal,6,0,1,6.0,0-15,2022,Corinthians,Athletico-PR,True
7947,31,Athletico-PR,Erick Luis Conrado Carvalho,81,Normal,81,0,2,81.0,76-90,2022,Corinthians,Athletico-PR,False
7948,31,Internacional,Maurício,13,Normal,13,0,1,13.0,0-15,2022,Internacional,Goias,True
7948,31,Goias,Pedro Raúl,45+3,Normal,45,3,1,45.03,45+,2022,Internacional,Goias,False
7948,31,Internacional,Alan Patrick,42,Normal,42,0,1,42.0,31-45,2022,Internacional,Goias,True
7948,31,Internacional,Alan Patrick,57,Normal,57,0,2,57.0,46-60,2022,Internacional,Goias,True
7948,31,Goias,Pedro Raúl,33,Penalty,33,0,1,33.0,31-45,2022,Internacional,Goias,False
7948,31,Internacional,Carlos de Pena,90+6,Normal,90,6,2,90.06,90+,2022,Internacional,Goias,True
7950,31,Fortaleza,Thiago Galhardo,54,Normal,54,0,2,54.0,46-60,2022,Fortaleza,Avai,True
7950,31,Fortaleza,Hércules,90,Normal,90,0,2,90.0,76-90,2022,Fortaleza,Avai,True
7949,31,Botafogo-RJ,Francisco Soares,90,Penalty,90,0,2,90.0,76-90,2022,Sao Paulo,Botafogo-RJ,False
7951,31,Coritiba,Bruno Gomes,58,Normal,58,0,2,58.0,46-60,2022,Coritiba,Bragantino,True
7951,31,Bragantino,Werik Popó,26,Normal,26,0,1,26.0,16-30,2022,Coritiba,Bragantino,False
7951,31,Coritiba,Alef Manga,12,Normal,12,0,1,12.0,0-15,2022,Coritiba,Bragantino,True
7953,31,America-MG,Juninho,5,Normal,5,0,1,5.0,0-15,2022,Fluminense,America-MG,False
7953,31,America-MG,Matheus Leonardo Sales Cardoso,34,Normal,34,0,1,34.0,31-45,2022,Fluminense,America-MG,False
7954,31,Atletico-GO,Shaylon,65,Normal,65,0,2,65.0,61-75,2022,Atletico-GO,Palmeiras,True
7954,31,Palmeiras,Murilo Cerqueira,49,Normal,49,0,2,49.0,46-60,2022,Atletico-GO,Palmeiras,False
7955,31,Santos,Marcos Leonardo Santos Almeida,54,Normal,54,0,2,54.0,46-60,2022,Santos,Juventude,True
7955,31,Santos,Madson,63,Normal,63,0,2,63.0,61-75,2022,Santos,Juventude,True
7955,31,Santos,Lucas Braga Ribeiro,24,Normal,24,0,1,24.0,16-30,2022,Santos,Juventude,True
7955,31,Juventude,Bruno Nazário,78,Normal,78,0,2,78.0,76-90,2022,Santos,Juventude,False
7955,31,Santos,Lucas Braga Ribeiro,75,Normal,75,0,2,75.0,61-75,2022,Santos,Juventude,True
7956,32,Flamengo,Everton Cebolinha,38,Normal,38,0,1,38.0,31-45,2022,Flamengo,Atletico-MG,True
7957,32,Fortaleza,Thiago Galhardo,34,Normal,34,0,1,34.0,31-45,2022,America-MG,Fortaleza,False
7957,32,America-MG,Wellington Paulista,90+1,Penalty,90,1,2,90.01,90+,2022,America-MG,Fortaleza,True
7957,32,Fortaleza,Thiago Galhardo,83,Normal,83,0,2,83.0,76-90,2022,America-MG,Fortaleza,False
7958,32,Ceara,Jô,90+2,Normal,90,2,2,90.02,90+,2022,Ceara,Cuiaba,True
7958,32,Cuiaba,Deyverson,82,Normal,82,0,2,82.0,76-90,2022,Ceara,Cuiaba,False
7960,32,Juventude,Óscar Ruiz,76,Normal,76,0,2,76.0,76-90,2022,Juventude,Atletico-GO,True
7960,32,Atletico-GO,Wellington Rato,51,Normal,51,0,2,51.0,46-60,2022,Juventude,Atletico-GO,False
7961,32,Internacional,Braian Romero,67,Normal,67,0,2,67.0,61-75,2022,Botafogo-RJ,Internacional,False
7962,32,Fluminense,David Braz,41,Normal,41,0,1,41.0,31-45,2022,Avai,Fluminense,False
7962,32,Fluminense,Matheus Martinelli,63,Normal,63,0,2,63.0,61-75,2022,Avai,Fluminense,False
7962,32,Fluminense,Germán Cano,25,Normal,25,0,1,25.0,16-30,2022,Avai,Fluminense,False
7963,32,Athletico-PR,Alex Paulo Menezes Santana,90,Normal,90,0,2,90.0,76-90,2022,Athletico-PR,Coritiba,True
7964,32,Santos,Ângelo Gabriel,69,Normal,69,0,2,69.0,61-75,2022,Bragantino,Santos,False
7964,32,Santos,Guilherme Camacho,51,Normal,51,0,2,51.0,46-60,2022,Bragantino,Santos,False
7935,29,Coritiba,Matheus Cadorini,84,Normal,84,0,2,84.0,76-90,2022,Sao Paulo,Coritiba,False
7935,29,Sao Paulo,Jonathan Calleri,2,Normal,2,0,1,2.0,0-15,2022,Sao Paulo,Coritiba,True
7935,29,Sao Paulo,Jonathan Calleri,63,Normal,63,0,2,63.0,61-75,2022,Sao Paulo,Coritiba,True
7935,29,Sao Paulo,Luciano da Rocha Neves,72,Normal,72,0,2,72.0,61-75,2022,Sao Paulo,Coritiba,True
7966,33,Bragantino,Luan Cândido,90,Normal,90,0,2,90.0,76-90,2022,Bragantino,Athletico-PR,True
7966,33,Bragantino,Eric dos Santos Rodrigues,5,Normal,5,0,1,5.0,0-15,2022,Bragantino,Athletico-PR,True
7966,33,Athletico-PR,Vitor Bueno,64,Normal,64,0,2,64.0,61-75,2022,Bragantino,Athletico-PR,False
7966,33,Bragantino,Werik Popó,37,Normal,37,0,1,37.0,31-45,2022,Bragantino,Athletico-PR,True
7966,33,Athletico-PR,Vitor Hugo Naum dos Santos,67,Normal,67,0,2,67.0,61-75,2022,Bragantino,Athletico-PR,False
7966,33,Bragantino,Luan Cândido,45+5,Normal,45,5,1,45.05,45+,2022,Bragantino,Athletico-PR,True
7967,33,Flamengo,Matheus França,11,Normal,11,0,1,11.0,0-15,2022,America-MG,Flamengo,False
7967,33,Flamengo,Everton Cebolinha,24,Normal,24,0,1,24.0,16-30,2022,America-MG,Flamengo,False
7967,33,America-MG,Everaldo,13,Normal,13,0,1,13.0,0-15,2022,America-MG,Flamengo,True
7968,33,Corinthians,Róger Guedes,89,Normal,89,0,2,89.0,76-90,2022,Santos,Corinthians,False
7969,33,Palmeiras,Vanderlan,90,Normal,90,0,2,90.0,76-90,2022,Palmeiras,Avai,True
7969,33,Palmeiras,Gustavo Scarpa,4,Penalty,4,0,1,4.0,0-15,2022,Palmeiras,Avai,True
7969,33,Palmeiras,Eduardo Pereira Rodrigues,55,Normal,55,0,2,55.0,46-60,2022,Palmeiras,Avai,True
7971,33,Juventude,Capixaba,39,Normal,39,0,1,39.0,31-45,2022,Juventude,Sao Paulo,True
7971,33,Sao Paulo,Reinaldo Manoel da Silva,36,Normal,36,0,1,36.0,31-45,2022,Juventude,Sao Paulo,False
7971,33,Sao Paulo,Reinaldo Manoel da Silva,56,Normal,56,0,2,56.0,46-60,2022,Juventude,Sao Paulo,False
7970,33,Fluminense,Matheus Martins,82,Normal,82,0,2,82.0,76-90,2022,Fluminense,Botafogo-RJ,True
7970,33,Botafogo-RJ,Carlos Eduardo de Oliveira Alves,41,Normal,41,0,1,41.0,31-45,2022,Fluminense,Botafogo-RJ,False
7970,33,Fluminense,Paulo Henrique Ganso,76,Penalty,76,0,2,76.0,76-90,2022,Fluminense,Botafogo-RJ,True
7970,33,Botafogo-RJ,Jeffinho,52,Normal,52,0,2,52.0,46-60,2022,Fluminense,Botafogo-RJ,False
7973,33,Atletico-GO,Lucas Gazal,24,Normal,24,0,1,24.0,16-30,2022,Atletico-GO,Ceara,True
7974,33,Goias,Vinícius Santos Silva,20,Normal,20,0,1,20.0,16-30,2022,Cuiaba,Goias,False
7974,33,Cuiaba,Deyverson,65,Normal,65,0,2,65.0,61-75,2022,Cuiaba,Goias,True
7974,33,Goias,Pedro Raúl,8,Normal,8,0,1,8.0,0-15,2022,Cuiaba,Goias,False
7972,33,Internacional,Vitão,60,Normal,60,0,2,60.0,46-60,2022,Coritiba,Internacional,False
7972,33,Coritiba,Luciano Castán,24,Normal,24,0,1,24.0,16-30,2022,Coritiba,Internacional,True
7976,34,Santos,Alex,53,Normal,53,0,2,53.0,46-60,2022,Flamengo,Santos,False
7976,34,Flamengo,Pedro,45+5,Normal,45,5,1,45.05,45+,2022,Flamengo,Santos,True
7976,34,Santos,Gabriel Carabajal,90+7,Normal,90,7,2,90.07,90+,2022,Flamengo,Santos,False
7976,34,Flamengo,Mário Sérgio Santos Costa,78,Normal,78,0,2,78.0,76-90,2022,Flamengo,Santos,True
7976,34,Flamengo,Giorgian De Arrascaeta,87,Normal,87,0,2,87.0,76-90,2022,Flamengo,Santos,True
7977,34,Palmeiras,Endrick,70,Normal,70,0,2,70.0,61-75,2022,Athletico-PR,Palmeiras,False
7977,34,Palmeiras,Gustavo Gómez,76,Normal,76,0,2,76.0,76-90,2022,Athletico-PR,Palmeiras,False
7977,34,Athletico-PR,Matheus Felipe Santos Nascimento,30,Normal,30,0,1,30.0,16-30,2022,Athletico-PR,Palmeiras,True
7977,34,Palmeiras,Endrick,59,Normal,59,0,2,59.0,46-60,2022,Athletico-PR,Palmeiras,False
7978,34,Bragantino,Luan Cândido,62,Normal,62,0,2,62.0,61-75,2022,Botafogo-RJ,Bragantino,False
7978,34,Botafogo-RJ,Gabriel Appelt Pires,18,Normal,18,0,1,18.0,16-30,2022,Botafogo-RJ,Bragantino,True
7978,34,Botafogo-RJ,Danilo Neves,71,Normal,71,0,2,71.0,61-75,2022,Botafogo-RJ,Bragantino,True
7980,34,Ceara,Lima,6,Penalty,6,0,1,6.0,0-15,2022,Internacional,Ceara,False
7980,34,Internacional,Edenílson Andrade dos Santos,65,Normal,65,0,2,65.0,61-75,2022,Internacional,Ceara,True
7980,34,Internacional,Alan Patrick,78,Penalty,78,0,2,78.0,76-90,2022,Internacional,Ceara,True
7981,34,Goias,Vinícius Santos Silva,61,Normal,61,0,2,61.0,61-75,2022,Goias,America-MG,True
7981,34,Goias,Diego,90+4,Normal,90,4,2,90.04,90+,2022,Goias,America-MG,True
7981,34,America-MG,Aloísio dos Santos Gonçalves,60,Penalty,60,0,2,60.0,46-60,2022,Goias,America-MG,False
7981,34,America-MG,Wellington Paulista,88,Normal,88,0,2,88.0,76-90,2022,Goias,America-MG,False
7979,34,Fluminense,Germán Cano,12,Normal,12,0,1,12.0,0-15,2022,Corinthians,Fluminense,False
7979,34,Fluminense,Germán Cano,70,Normal,70,0,2,70.0,61-75,2022,Corinthians,Fluminense,False
7982,34,Fortaleza,Juninho Capixaba,55,Normal,55,0,2,55.0,46-60,2022,Fortaleza,Coritiba,True
7982,34,Fortaleza,Romarinho,73,Normal,73,0,2,73.0,61-75,2022,Fortaleza,Coritiba,True
7982,34,Coritiba,Matheus Cadorini,60,Normal,60,0,2,60.0,46-60,2022,Fortaleza,Coritiba,False
7982,34,Fortaleza,Juninho Capixaba,2,Normal,2,0,1,2.0,0-15,2022,Fortaleza,Coritiba,True
7983,34,Sao Paulo,Luan Vinícius da Silva Santos,90+5,Normal,90,5,2,90.05,90+,2022,Sao Paulo,Atletico-GO,True
7983,34,Atletico-GO,Gabriel Baralhas,72,Normal,72,0,2,72.0,61-75,2022,Sao Paulo,Atletico-GO,False
7983,34,Sao Paulo,Jonathan Calleri,22,Normal,22,0,1,22.0,16-30,2022,Sao Paulo,Atletico-GO,True
7984,34,Atletico-MG,José Rodolfo Pires Ribeiro,12,Normal,12,0,1,12.0,0-15,2022,Atletico-MG,Juventude,True
7985,34,Cuiaba,Pepê,90+1,Normal,90,1,2,90.01,90+,2022,Cuiaba,Avai,True
7986,35,Fluminense,Germán Cano,72,Normal,72,0,2,72.0,61-75,2022,Ceara,Fluminense,False
7987,35,Cuiaba,André Luis,41,Normal,41,0,1,41.0,31-45,2022,Botafogo-RJ,Cuiaba,False
7987,35,Cuiaba,Deyverson,52,Normal,52,0,2,52.0,46-60,2022,Botafogo-RJ,Cuiaba,False
7988,35,Sao Paulo,Jonathan Calleri,45+5,Normal,45,5,1,45.05,45+,2022,Sao Paulo,Atletico-MG,True
7988,35,Atletico-MG,Eduardo Vargas,81,Normal,81,0,2,81.0,76-90,2022,Sao Paulo,Atletico-MG,False
7988,35,Atletico-MG,Eduardo Vargas,25,Penalty,25,0,1,25.0,16-30,2022,Sao Paulo,Atletico-MG,False
7988,35,Sao Paulo,Jonathan Calleri,40,Normal,40,0,1,40.0,31-45,2022,Sao Paulo,Atletico-MG,True
7989,35,Goias,Yan Souto,40,Normal,40,0,1,40.0,31-45,2022,Athletico-PR,Goias,False
7989,35,Goias,Pedro Raúl,51,Normal,51,0,2,51.0,46-60,2022,Athletico-PR,Goias,False
7989,35,Athletico-PR,David Terans,29,Normal,29,0,1,29.0,16-30,2022,Athletico-PR,Goias,True
7989,35,Athletico-PR,Alex Paulo Menezes Santana,13,Normal,13,0,1,13.0,0-15,2022,Athletico-PR,Goias,True
7989,35,Athletico-PR,David Terans,6,Penalty,6,0,1,6.0,0-15,2022,Athletico-PR,Goias,True
7990,35,America-MG,Alexandre Egea,76,Normal,76,0,2,76.0,76-90,2022,America-MG,Internacional,True
7993,35,Santos,Marcos Leonardo Santos Almeida,19,Normal,19,0,1,19.0,16-30,2022,Atletico-GO,Santos,False
7993,35,Santos,Lucas Braga Ribeiro,52,Normal,52,0,2,52.0,46-60,2022,Atletico-GO,Santos,False
7993,35,Atletico-GO,Diego Churín,29,Normal,29,0,1,29.0,16-30,2022,Atletico-GO,Santos,True
7993,35,Santos,Lucas Barbosa,90+4,Normal,90,4,2,90.04,90+,2022,Atletico-GO,Santos,False
7993,35,Atletico-GO,Luiz Fernando Moraes dos Santos,39,Normal,39,0,1,39.0,31-45,2022,Atletico-GO,Santos,True
7991,35,Coritiba,Régis,90+2,Normal,90,2,2,90.02,90+,2022,Juventude,Coritiba,False
7992,35,Bragantino,Artur Victor Guimarães,60,Normal,60,0,2,60.0,46-60,2022,Avai,Bragantino,False
7992,35,Avai,Kevin Peterson dos Santos Silva,90,Penalty,90,0,2,90.0,76-90,2022,Avai,Bragantino,True
7992,35,Bragantino,Hélio Junio Nunes de Castro,68,Normal,68,0,2,68.0,61-75,2022,Avai,Bragantino,False
7995,35,Corinthians,Du Queiroz,42,Normal,42,0,1,42.0,31-45,2022,Flamengo,Corinthians,False
7995,35,Corinthians,Yuri Alberto,75,Normal,75,0,2,75.0,61-75,2022,Flamengo,Corinthians,False
7995,35,Flamengo,Matheus França,48,Normal,48,0,2,48.0,46-60,2022,Flamengo,Corinthians,True
7994,35,Palmeiras,Rony,48,Normal,48,0,2,48.0,46-60,2022,Palmeiras,Fortaleza,True
7994,35,Palmeiras,Eduardo Pereira Rodrigues,32,Normal,32,0,1,32.0,31-45,2022,Palmeiras,Fortaleza,True
7994,35,Palmeiras,Endrick,64,Normal,64,0,2,64.0,61-75,2022,Palmeiras,Fortaleza,True
7994,35,Palmeiras,Rony,15,Normal,15,0,1,15.0,0-15,2022,Palmeiras,Fortaleza,True
7997,36,Fluminense,Germán Cano,56,Normal,56,0,2,56.0,46-60,2022,Fluminense,Sao Paulo,True
7997,36,Fluminense,Germán Cano,59,Normal,59,0,2,59.0,46-60,2022,Fluminense,Sao Paulo,True
7997,36,Sao Paulo,Luciano da Rocha Neves,30,Normal,30,0,1,30.0,16-30,2022,Fluminense,Sao Paulo,False
7997,36,Fluminense,Germán Cano,46,Normal,46,0,2,46.0,46-60,2022,Fluminense,Sao Paulo,True
7996,36,Santos,Marcos Leonardo Santos Almeida,5,Penalty,5,0,1,5.0,0-15,2022,Santos,Avai,True
7996,36,Avai,Raniele,51,Normal,51,0,2,51.0,46-60,2022,Santos,Avai,False
7998,36,America-MG,Juninho,90,Normal,90,0,2,90.0,76-90,2022,Bragantino,America-MG,False
7998,36,America-MG,Henrique Almeida,25,Normal,25,0,1,25.0,16-30,2022,Bragantino,America-MG,False
7998,36,Bragantino,Luan Cândido,18,Penalty,18,0,1,18.0,16-30,2022,Bragantino,America-MG,True
7998,36,America-MG,Juninho,6,Normal,6,0,1,6.0,0-15,2022,Bragantino,America-MG,False
7998,36,America-MG,Everaldo,42,Penalty,42,0,1,42.0,31-45,2022,Bragantino,America-MG,False
7999,36,Goias,Nicolas Godinho Johann,81,Normal,81,0,2,81.0,76-90,2022,Goias,Juventude,True
8000,36,Corinthians,Yuri Alberto,90,Normal,90,0,2,90.0,76-90,2022,Corinthians,Ceara,True
8001,36,Internacional,Pedro Henrique Konzen,63,Normal,63,0,2,63.0,61-75,2022,Internacional,Athletico-PR,True
8001,36,Internacional,Maurício,67,Normal,67,0,2,67.0,61-75,2022,Internacional,Athletico-PR,True
8002,36,Fortaleza,Rómulo Otero,58,Normal,58,0,2,58.0,46-60,2022,Fortaleza,Atletico-GO,True
8002,36,Atletico-GO,Luiz Fernando Moraes dos Santos,17,Normal,17,0,1,17.0,16-30,2022,Fortaleza,Atletico-GO,False
8003,36,Coritiba,Alef Manga,58,Penalty,58,0,2,58.0,46-60,2022,Coritiba,Flamengo,True
8004,36,Cuiaba,Jonathan Cafú,6,Normal,6,0,1,6.0,0-15,2022,Cuiaba,Palmeiras,True
8004,36,Palmeiras,José Manuel Alberto López,75,Normal,75,0,2,75.0,61-75,2022,Cuiaba,Palmeiras,False
8005,36,Botafogo-RJ,João Victor Santos Sá,76,Normal,76,0,2,76.0,76-90,2022,Atletico-MG,Botafogo-RJ,False
8005,36,Botafogo-RJ,Francisco Soares,84,Normal,84,0,2,84.0,76-90,2022,Atletico-MG,Botafogo-RJ,False
8006,37,Internacional,Maurício,21,Normal,21,0,1,21.0,16-30,2022,Sao Paulo,Internacional,False
8008,37,Fluminense,Germán Cano,78,Normal,78,0,2,78.0,76-90,2022,Fluminense,Goias,True
8008,37,Fluminense,Alan Carvalho,83,Normal,83,0,2,83.0,76-90,2022,Fluminense,Goias,True
8008,37,Fluminense,Michel Araújo,90,Normal,90,0,2,90.0,76-90,2022,Fluminense,Goias,True
8007,37,Coritiba,Alef Manga,10,Normal,10,0,1,10.0,0-15,2022,Coritiba,Corinthians,True
8007,37,Coritiba,Alef Manga,37,Penalty,37,0,1,37.0,31-45,2022,Coritiba,Corinthians,True
8007,37,Corinthians,Du Queiroz,30,Normal,30,0,1,30.0,16-30,2022,Coritiba,Corinthians,False
8007,37,Corinthians,Yuri Alberto,48,Normal,48,0,2,48.0,46-60,2022,Coritiba,Corinthians,False
8009,37,Avai,Mateus Ferreira,90+1,Normal,90,1,2,90.01,90+,2022,Avai,Ceara,True
8009,37,Avai,Natanael,49,Normal,49,0,2,49.0,46-60,2022,Avai,Ceara,True
8010,37,Fortaleza,Silvio Romero,57,Normal,57,0,2,57.0,46-60,2022,Fortaleza,Bragantino,True
8010,37,Fortaleza,José Welison,26,Normal,26,0,1,26.0,16-30,2022,Fortaleza,Bragantino,True
8010,37,Fortaleza,Thiago Galhardo,90,Normal,90,0,2,90.0,76-90,2022,Fortaleza,Bragantino,True
8010,37,Fortaleza,Hércules,37,Normal,37,0,1,37.0,31-45,2022,Fortaleza,Bragantino,True
8010,37,Fortaleza,Pedro Rocha Neves,42,Penalty,42,0,1,42.0,31-45,2022,Fortaleza,Bragantino,True
8010,37,Fortaleza,Silvio Romero,45,Normal,45,0,1,45.0,31-45,2022,Fortaleza,Bragantino,True
8013,37,Atletico-GO,Shaylon,51,Normal,51,0,2,51.0,46-60,2022,Atletico-GO,Athletico-PR,True
8013,37,Athletico-PR,David Terans,61,Normal,61,0,2,61.0,61-75,2022,Atletico-GO,Athletico-PR,False
8011,37,Flamengo,Matheuzinho,1,Normal,1,0,1,1.0,0-15,2022,Juventude,Flamengo,False
8011,37,Flamengo,Werton,90+1,Normal,90,1,2,90.01,90+,2022,Juventude,Flamengo,False
8011,37,Juventude,Paulo,36,Normal,36,0,1,36.0,31-45,2022,Juventude,Flamengo,True
8011,37,Juventude,Jadson,43,Normal,43,0,1,43.0,31-45,2022,Juventude,Flamengo,True
8012,37,Palmeiras,Murilo Cerqueira,81,Normal,81,0,2,81.0,76-90,2022,Palmeiras,America-MG,True
8012,37,America-MG,Martín Benítez,15,Normal,15,0,1,15.0,0-15,2022,Palmeiras,America-MG,False
8012,37,Palmeiras,Gustavo Scarpa,42,Penalty,42,0,1,42.0,31-45,2022,Palmeiras,America-MG,True
8015,37,Atletico-MG,Keno,4,Normal,4,0,1,4.0,0-15,2022,Atletico-MG,Cuiaba,True
8015,37,Atletico-MG,Keno,45,Normal,45,0,1,45.0,31-45,2022,Atletico-MG,Cuiaba,True
8015,37,Atletico-MG,Eduardo Vargas,56,Normal,56,0,2,56.0,46-60,2022,Atletico-MG,Cuiaba,True
8014,37,Botafogo-RJ,Francisco Soares,70,Normal,70,0,2,70.0,61-75,2022,Botafogo-RJ,Santos,True
8014,37,Botafogo-RJ,Lucas Fernandes da Silva,10,Normal,10,0,1,10.0,0-15,2022,Botafogo-RJ,Santos,True
8014,37,Botafogo-RJ,Lucas Fernandes da Silva,53,Normal,53,0,2,53.0,46-60,2022,Botafogo-RJ,Santos,True
8016,38,Avai,Marcio Antonio de Sousa Junior,45+5,Normal,45,5,1,45.05,45+,2022,Flamengo,Avai,False
8016,38,Avai,Felipe Florencio da Silva,79,Normal,79,0,2,79.0,76-90,2022,Flamengo,Avai,False
8016,38,Flamengo,Wellington Ferreira Nascimento,42,Gol Contra,42,0,1,42.0,31-45,2022,Flamengo,Avai,True
8017,38,Athletico-PR,Vitor Roque,62,Normal,62,0,2,62.0,61-75,2022,Athletico-PR,Botafogo-RJ,True
8017,38,Athletico-PR,Adryelson,52,Gol Contra,52,0,2,52.0,46-60,2022,Athletico-PR,Botafogo-RJ,True
8017,38,Athletico-PR,Erick Luis Conrado Carvalho,90+4,Normal,90,4,2,90.04,90+,2022,Athletico-PR,Botafogo-RJ,True
8018,38,Ceara,Vitor Mendes,45+2,Gol Contra,45,2,1,45.02,45+,2022,Ceara,Juventude,True
8018,38,Ceara,Cléber,23,Normal,23,0,1,23.0,16-30,2022,Ceara,Juventude,True
8018,38,Ceara,Erick,89,Penalty,89,0,2,89.0,76-90,2022,Ceara,Juventude,True
8018,38,Ceara,Fernando Sobral,70,Normal,70,0,2,70.0,61-75,2022,Ceara,Juventude,True
8018,38,Juventude,Guilherme Parede,52,Normal,52,0,2,52.0,46-60,2022,Ceara,Juventude,False
8019,38,Atletico-GO,Dudu,17,Normal,17,0,1,17.0,16-30,2022,America-MG,Atletico-GO,False
8019,38,America-MG,Henrique Almeida,45+8,Normal,45,8,1,45.08,45+,2022,America-MG,Atletico-GO,True
8020,38,Fortaleza,Thiago Galhardo,66,Normal,66,0,2,66.0,61-75,2022,Santos,Fortaleza,False
8020,38,Fortaleza,Moisés Vieira da Veiga,80,Normal,80,0,2,80.0,76-90,2022,Santos,Fortaleza,False
8021,38,Cuiaba,Jonathan Cafú,44,Normal,44,0,1,44.0,31-45,2022,Cuiaba,Coritiba,True
8021,38,Coritiba,Léo Gamalho,76,Normal,76,0,2,76.0,76-90,2022,Cuiaba,Coritiba,False
8021,38,Cuiaba,Alan Empereur,37,Normal,37,0,1,37.0,31-45,2022,Cuiaba,Coritiba,True
8022,38,Fluminense,Germán Cano,31,Normal,31,0,1,31.0,31-45,2022,Bragantino,Fluminense,False
8023,38,Atletico-MG,Eduardo Vargas,45,Penalty,45,0,1,45.0,31-45,2022,Corinthians,Atletico-MG,False
8024,38,Internacional,Alexandre Alemão,39,Normal,39,0,1,39.0,31-45,2022,Internacional,Palmeiras,True
8024,38,Internacional,Braian Romero,85,Normal,85,0,2,85.0,76-90,2022,Internacional,Palmeiras,True
8024,38,Internacional,Maurício,10,Normal,10,0,1,10.0,0-15,2022,Internacional,Palmeiras,True
8025,38,Sao Paulo,Marcos Guilherme,77,Normal,77,0,2,77.0,76-90,2022,Goias,Sao Paulo,False
8025,38,Sao Paulo,Juan Santos da Silva,90+1,Normal,90,1,2,90.01,90+,2022,Goias,Sao Paulo,False
8025,38,Sao Paulo,Giuliano Galoppo,20,Normal,20,0,1,20.0,16-30,2022,Goias,Sao Paulo,False
8025,38,Sao Paulo,Luciano da Rocha Neves,71,Normal,71,0,2,71.0,61-75,2022,Goias,Sao Paulo,False
8026,1,Cuiaba,Raniele,45+7,Normal,45,7,1,45.07,45+,2023,Palmeiras,Cuiaba,False
8026,1,Palmeiras,Endrick,5,Normal,5,0,1,5.0,0-15,2023,Palmeiras,Cuiaba,True
8026,1,Palmeiras,José Manuel Alberto López,65,Normal,65,0,2,65.0,61-75,2023,Palmeiras,Cuiaba,True
8027,1,Fluminense,Germán Cano,52,Normal,52,0,2,52.0,46-60,2023,America-MG,Fluminense,False
8027,1,Fluminense,John Kennedy,60,Normal,60,0,2,60.0,46-60,2023,America-MG,Fluminense,False
8027,1,Fluminense,Leanderson da Silva Genésio,72,Normal,72,0,2,72.0,61-75,2023,America-MG,Fluminense,False
8029,1,Bragantino,Eduardo Sasha,70,Normal,70,0,2,70.0,61-75,2023,Bragantino,Bahia,True
8029,1,Bahia,Everaldo Stum,45,Normal,45,0,1,45.0,31-45,2023,Bragantino,Bahia,False
8029,1,Bragantino,Bruno Gonçalves,54,Normal,54,0,2,54.0,46-60,2023,Bragantino,Bahia,True
8030,1,Athletico-PR,Pedro Henrique Ribeiro Gonçalves,36,Normal,36,0,1,36.0,31-45,2023,Athletico-PR,Goias,True
8030,1,Athletico-PR,Christian Roberto Alves Cardoso,57,Normal,57,0,2,57.0,46-60,2023,Athletico-PR,Goias,True
8031,1,Fortaleza,Moisés Vieira da Veiga,56,Normal,56,0,2,56.0,46-60,2023,Fortaleza,Internacional,True
8031,1,Internacional,Wanderson,54,Normal,54,0,2,54.0,46-60,2023,Fortaleza,Internacional,False
8028,1,Botafogo-RJ,Tiquinho Soares,4,Normal,4,0,1,4.0,0-15,2023,Botafogo-RJ,Sao Paulo,True
8028,1,Botafogo-RJ,Carlos Eduardo de Oliveira Alves,88,Normal,88,0,2,88.0,76-90,2023,Botafogo-RJ,Sao Paulo,True
8028,1,Sao Paulo,Jonathan Calleri,15,Normal,15,0,1,15.0,0-15,2023,Botafogo-RJ,Sao Paulo,False
8032,1,Vasco,Gabriel Pec,10,Normal,10,0,1,10.0,0-15,2023,Atletico-MG,Vasco,False
8032,1,Atletico-MG,Mauricio Lemos,45+5,Normal,45,5,1,45.05,45+,2023,Atletico-MG,Vasco,True
8032,1,Vasco,Andrey Santos,5,Normal,5,0,1,5.0,0-15,2023,Atletico-MG,Vasco,False
8034,1,Flamengo,Ayrton Lucas Dantas de Medeiros,12,Normal,12,0,1,12.0,0-15,2023,Flamengo,Coritiba,True
8034,1,Flamengo,Pedro,90+5,Normal,90,5,2,90.05,90+,2023,Flamengo,Coritiba,True
8034,1,Flamengo,Gabriel Barbosa,56,Penalty,56,0,2,56.0,46-60,2023,Flamengo,Coritiba,True
8033,1,Corinthians,Matheus Araújo,68,Normal,68,0,2,68.0,61-75,2023,Corinthians,Cruzeiro,True
8033,1,Corinthians,Róger Guedes,87,Normal,87,0,2,87.0,76-90,2023,Corinthians,Cruzeiro,True
8033,1,Cruzeiro,Oliveira,90+5,Normal,90,5,2,90.05,90+,2023,Corinthians,Cruzeiro,False
8035,1,Gremio,João Pedro Maturano dos Santos,44,Normal,44,0,1,44.0,31-45,2023,Gremio,Santos,True
8036,2,Fluminense,Nino,67,Normal,67,0,2,67.0,61-75,2023,Fluminense,Athletico-PR,True
8036,2,Fluminense,Lima,11,Normal,11,0,1,11.0,0-15,2023,Fluminense,Athletico-PR,True
8038,2,Cuiaba,Mateusinho,67,Normal,67,0,2,67.0,61-75,2023,Cuiaba,Bragantino,True
8038,2,Bragantino,Thiago Borbas,86,Normal,86,0,2,86.0,76-90,2023,Cuiaba,Bragantino,False
8037,2,Sao Paulo,Luciano da Rocha Neves,21,Normal,21,0,1,21.0,16-30,2023,Sao Paulo,America-MG,True
8037,2,Sao Paulo,Jonathan Calleri,82,Normal,82,0,2,82.0,76-90,2023,Sao Paulo,America-MG,True
8037,2,Sao Paulo,Marcos Paulo Costa do Nascimento,90+5,Normal,90,5,2,90.05,90+,2023,Sao Paulo,America-MG,True
8039,2,Cruzeiro,Bruno Rodrigues,64,Normal,64,0,2,64.0,61-75,2023,Cruzeiro,Gremio,True
8040,2,Internacional,Maurício Magalhães Prado,90+8,Normal,90,8,2,90.08,90+,2023,Internacional,Flamengo,True
8040,2,Flamengo,Gerson Santos da Silva,63,Normal,63,0,2,63.0,61-75,2023,Internacional,Flamengo,False
8040,2,Internacional,Maurício Magalhães Prado,67,Normal,67,0,2,67.0,61-75,2023,Internacional,Flamengo,True
8042,2,Palmeiras,Rafael Navarro,45+1,Normal,45,1,1,45.01,45+,2023,Vasco,Palmeiras,False
8042,2,Palmeiras,Artur Victor Guimarães,62,Normal,62,0,2,62.0,61-75,2023,Vasco,Palmeiras,False
8042,2,Vasco,Pedro Raul,29,Normal,29,0,1,29.0,16-30,2023,Vasco,Palmeiras,True
8042,2,Vasco,Gabriel Pec,40,Normal,40,0,1,40.0,31-45,2023,Vasco,Palmeiras,True
8043,2,Fortaleza,Yago Pikachu,90+1,Normal,90,1,2,90.01,90+,2023,Coritiba,Fortaleza,False
8043,2,Fortaleza,Silvio Romero,51,Normal,51,0,2,51.0,46-60,2023,Coritiba,Fortaleza,False
8043,2,Fortaleza,Yago Pikachu,83,Normal,83,0,2,83.0,76-90,2023,Coritiba,Fortaleza,False
8044,2,Corinthians,Róger Guedes,17,Normal,17,0,1,17.0,16-30,2023,Goias,Corinthians,False
8044,2,Goias,Matheus Peixoto,31,Normal,31,0,1,31.0,31-45,2023,Goias,Corinthians,True
8044,2,Goias,Lucas Halter,80,Normal,80,0,2,80.0,76-90,2023,Goias,Corinthians,True
8044,2,Goias,Apodi,90+4,Normal,90,4,2,90.04,90+,2023,Goias,Corinthians,True
8045,2,Bahia,Vítor Jacaré,41,Normal,41,0,1,41.0,31-45,2023,Bahia,Botafogo-RJ,True
8045,2,Botafogo-RJ,Júnior Santos,29,Normal,29,0,1,29.0,16-30,2023,Bahia,Botafogo-RJ,False
8045,2,Botafogo-RJ,Danilo Neves,78,Normal,78,0,2,78.0,76-90,2023,Bahia,Botafogo-RJ,False
8047,3,Coritiba,Bruno Gomes,12,Normal,12,0,1,12.0,0-15,2023,Coritiba,Sao Paulo,True
8047,3,Sao Paulo,Marcos Paulo Costa do Nascimento,81,Normal,81,0,2,81.0,76-90,2023,Coritiba,Sao Paulo,False
8046,3,Fortaleza,Thiago Galhardo,29,Normal,29,0,1,29.0,16-30,2023,Fortaleza,Fluminense,True
8046,3,Fluminense,Alan Carvalho,45+2,Normal,45,2,1,45.02,45+,2023,Fortaleza,Fluminense,False
8046,3,Fortaleza,Moisés Vieira da Veiga,35,Normal,35,0,1,35.0,31-45,2023,Fortaleza,Fluminense,True
8046,3,Fluminense,John Kennedy,69,Normal,69,0,2,69.0,61-75,2023,Fortaleza,Fluminense,False
8046,3,Fortaleza,Moisés Vieira da Veiga,60,Normal,60,0,2,60.0,46-60,2023,Fortaleza,Fluminense,True
8046,3,Fortaleza,Hércules,79,Normal,79,0,2,79.0,76-90,2023,Fortaleza,Fluminense,True
8048,3,Palmeiras,Murilo Cerqueira,16,Normal,16,0,1,16.0,16-30,2023,Palmeiras,Corinthians,True
8048,3,Corinthians,Joaquín Piquerez,76,Gol Contra,76,0,2,76.0,76-90,2023,Palmeiras,Corinthians,False
8048,3,Palmeiras,Raphael Cavalcante Veiga,36,Normal,36,0,1,36.0,31-45,2023,Palmeiras,Corinthians,True
8049,3,America-MG,Alexandre Egea,7,Normal,7,0,1,7.0,0-15,2023,Santos,America-MG,False
8049,3,America-MG,Everaldo,49,Normal,49,0,2,49.0,46-60,2023,Santos,America-MG,False
8049,3,Santos,Stiven Mendoza,19,Normal,19,0,1,19.0,16-30,2023,Santos,America-MG,True
8049,3,Santos,Eduardo,40,Normal,40,0,1,40.0,31-45,2023,Santos,America-MG,True
8049,3,Santos,Marcos Leonardo,69,Penalty,69,0,2,69.0,61-75,2023,Santos,America-MG,True
8050,3,Cruzeiro,Bruno Rodrigues,87,Normal,87,0,2,87.0,76-90,2023,Bragantino,Cruzeiro,False
8050,3,Cruzeiro,Ramiro,1,Normal,1,0,1,1.0,0-15,2023,Bragantino,Cruzeiro,False
8050,3,Cruzeiro,Gilberto Oliveira Souza Junior,64,Normal,64,0,2,64.0,61-75,2023,Bragantino,Cruzeiro,False
8051,3,Atletico-MG,Hulk,10,Normal,10,0,1,10.0,0-15,2023,Atletico-MG,Athletico-PR,True
8051,3,Atletico-MG,Hulk,84,Normal,84,0,2,84.0,76-90,2023,Atletico-MG,Athletico-PR,True
8051,3,Athletico-PR,Vitor Roque,90+2,Normal,90,2,2,90.02,90+,2023,Atletico-MG,Athletico-PR,False
8052,3,Flamengo,Léo Pereira,58,Normal,58,0,2,58.0,46-60,2023,Flamengo,Botafogo-RJ,True
8052,3,Botafogo-RJ,Tiquinho Soares,30,Penalty,30,0,1,30.0,16-30,2023,Flamengo,Botafogo-RJ,False
8052,3,Flamengo,Léo Pereira,86,Normal,86,0,2,86.0,76-90,2023,Flamengo,Botafogo-RJ,True
8052,3,Botafogo-RJ,Tiquinho Soares,71,Normal,71,0,2,71.0,61-75,2023,Flamengo,Botafogo-RJ,False
8052,3,Botafogo-RJ,Danilo Barbosa da Silva,45+5,Normal,45,5,1,45.05,45+,2023,Flamengo,Botafogo-RJ,False
8053,3,Cuiaba,Marllon Borges,29,Normal,29,0,1,29.0,16-30,2023,Cuiaba,Gremio,True
8053,3,Gremio,Vina,10,Normal,10,0,1,10.0,0-15,2023,Cuiaba,Gremio,False
8053,3,Gremio,Everton,68,Normal,68,0,2,68.0,61-75,2023,Cuiaba,Gremio,False
8054,3,Internacional,Carlos de Pena,52,Normal,52,0,2,52.0,46-60,2023,Internacional,Goias,True
8055,3,Bahia,Thaciano,44,Normal,44,0,1,44.0,31-45,2023,Vasco,Bahia,False
8056,4,Cruzeiro,Wesley Ribeiro Silva,21,Normal,21,0,1,21.0,16-30,2023,Cruzeiro,Santos,True
8056,4,Cruzeiro,Wesley Ribeiro Silva,62,Normal,62,0,2,62.0,61-75,2023,Cruzeiro,Santos,True
8056,4,Santos,Ângelo Gabriel,57,Normal,57,0,2,57.0,46-60,2023,Cruzeiro,Santos,False
8057,4,Fluminense,Lima,55,Normal,55,0,2,55.0,46-60,2023,Fluminense,Vasco,True
8057,4,Vasco,Pedro Raul,1,Normal,1,0,1,1.0,0-15,2023,Fluminense,Vasco,False
8058,4,Cuiaba,Marlon,85,Gol Contra,85,0,2,85.0,76-90,2023,America-MG,Cuiaba,False
8058,4,America-MG,Aloísio dos Santos Gonçalves,12,Normal,12,0,1,12.0,0-15,2023,America-MG,Cuiaba,True
8058,4,Cuiaba,Ronald,90+2,Normal,90,2,2,90.02,90+,2023,America-MG,Cuiaba,False
8059,4,Bahia,Gabriel Teixeira,65,Normal,65,0,2,65.0,61-75,2023,Bahia,Coritiba,True
8059,4,Bahia,David Duarte,68,Normal,68,0,2,68.0,61-75,2023,Bahia,Coritiba,True
8059,4,Coritiba,Gabriel Boschilia,63,Normal,63,0,2,63.0,61-75,2023,Bahia,Coritiba,False
8059,4,Bahia,Victor Luis,16,Gol Contra,16,0,1,16.0,16-30,2023,Bahia,Coritiba,True
8061,4,Athletico-PR,Vitor Roque,29,Normal,29,0,1,29.0,16-30,2023,Athletico-PR,Flamengo,True
8061,4,Flamengo,Gabriel Barbosa,15,Penalty,15,0,1,15.0,0-15,2023,Athletico-PR,Flamengo,False
8061,4,Athletico-PR,Erick Luis Conrado Carvalho,80,Normal,80,0,2,80.0,76-90,2023,Athletico-PR,Flamengo,True
8060,4,Sao Paulo,Pablo Maia,70,Normal,70,0,2,70.0,61-75,2023,Sao Paulo,Internacional,True
8060,4,Sao Paulo,Luciano da Rocha Neves,33,Normal,33,0,1,33.0,31-45,2023,Sao Paulo,Internacional,True
8062,4,Gremio,Everton,62,Normal,62,0,2,62.0,61-75,2023,Gremio,Bragantino,True
8062,4,Bragantino,Matheus Fernandes,9,Normal,9,0,1,9.0,0-15,2023,Gremio,Bragantino,False
8062,4,Bragantino,Eduardo Sasha,53,Normal,53,0,2,53.0,46-60,2023,Gremio,Bragantino,False
8062,4,Gremio,Franco Cristaldo,6,Penalty,6,0,1,6.0,0-15,2023,Gremio,Bragantino,True
8062,4,Gremio,Luis Alberto Suárez,56,Normal,56,0,2,56.0,46-60,2023,Gremio,Bragantino,True
8062,4,Bragantino,Thiago Borbas,90+1,Normal,90,1,2,90.01,90+,2023,Gremio,Bragantino,False
8063,4,Botafogo-RJ,João Victor Santos Sá,30,Normal,30,0,1,30.0,16-30,2023,Botafogo-RJ,Atletico-MG,True
8063,4,Botafogo-RJ,Matheus Nascimento,60,Normal,60,0,2,60.0,46-60,2023,Botafogo-RJ,Atletico-MG,True
8064,4,Palmeiras,Sidimar Fernando Sigolini,48,Gol Contra,48,0,2,48.0,46-60,2023,Goias,Palmeiras,False
8064,4,Palmeiras,Endrick,83,Normal,83,0,2,83.0,76-90,2023,Goias,Palmeiras,False
8064,4,Palmeiras,Eduardo Pereira Rodrigues,90,Normal,90,0,2,90.0,76-90,2023,Goias,Palmeiras,False
8064,4,Palmeiras,Artur Victor Guimarães,10,Normal,10,0,1,10.0,0-15,2023,Goias,Palmeiras,False
8064,4,Palmeiras,Raphael Cavalcante Veiga,78,Normal,78,0,2,78.0,76-90,2023,Goias,Palmeiras,False
8065,4,Corinthians,Yuri Alberto,88,Normal,88,0,2,88.0,76-90,2023,Corinthians,Fortaleza,True
8065,4,Fortaleza,Caio Alexandre,79,Normal,79,0,2,79.0,76-90,2023,Corinthians,Fortaleza,False
8067,5,Santos,Ângelo Gabriel,51,Normal,51,0,2,51.0,46-60,2023,Santos,Bahia,True
8067,5,Santos,Deivid Washington,4,Normal,4,0,1,4.0,0-15,2023,Santos,Bahia,True
8067,5,Santos,Stiven Mendoza,14,Normal,14,0,1,14.0,0-15,2023,Santos,Bahia,True
8066,5,Athletico-PR,Christian Roberto Alves Cardoso,79,Normal,79,0,2,79.0,76-90,2023,Internacional,Athletico-PR,False
8066,5,Athletico-PR,Willian Gomes de Siqueira,90+6,Normal,90,6,2,90.06,90+,2023,Internacional,Athletico-PR,False
8068,5,America-MG,Aloísio dos Santos Gonçalves,78,Penalty,78,0,2,78.0,76-90,2023,Bragantino,America-MG,False
8068,5,Bragantino,Hélio Junio Nunes de Castro,33,Normal,33,0,1,33.0,31-45,2023,Bragantino,America-MG,True
8068,5,Bragantino,Hélio Junio Nunes de Castro,44,Normal,44,0,1,44.0,31-45,2023,Bragantino,America-MG,True
8068,5,America-MG,Aloísio dos Santos Gonçalves,15,Penalty,15,0,1,15.0,0-15,2023,Bragantino,America-MG,False
8069,5,Atletico-MG,Cristian Pavón,72,Normal,72,0,2,72.0,61-75,2023,Cuiaba,Atletico-MG,False
8069,5,Atletico-MG,Paulinho,87,Normal,87,0,2,87.0,76-90,2023,Cuiaba,Atletico-MG,False
8069,5,Atletico-MG,Hulk,51,Penalty,51,0,2,51.0,46-60,2023,Cuiaba,Atletico-MG,False
8069,5,Atletico-MG,Hyoran,13,Normal,13,0,1,13.0,0-15,2023,Cuiaba,Atletico-MG,False
8070,5,Flamengo,Éverton Ribeiro,49,Normal,49,0,2,49.0,46-60,2023,Flamengo,Goias,True
8070,5,Flamengo,Pedro,8,Penalty,8,0,1,8.0,0-15,2023,Flamengo,Goias,True
8071,5,Fluminense,Germán Cano,54,Normal,54,0,2,54.0,46-60,2023,Cruzeiro,Fluminense,False
8071,5,Fluminense,Paulo Henrique Ganso,44,Normal,44,0,1,44.0,31-45,2023,Cruzeiro,Fluminense,False
8072,5,Gremio,João Paulo Bitello,45+2,Normal,45,2,1,45.02,45+,2023,Palmeiras,Gremio,False
8072,5,Palmeiras,Raphael Cavalcante Veiga,24,Normal,24,0,1,24.0,16-30,2023,Palmeiras,Gremio,True
8072,5,Palmeiras,Mayke,68,Normal,68,0,2,68.0,61-75,2023,Palmeiras,Gremio,True
8072,5,Palmeiras,Luan Garcia Teixeira,73,Normal,73,0,2,73.0,61-75,2023,Palmeiras,Gremio,True
8072,5,Palmeiras,Raphael Cavalcante Veiga,56,Penalty,56,0,2,56.0,46-60,2023,Palmeiras,Gremio,True
8073,5,Coritiba,Zé Roberto,45+4,Normal,45,4,1,45.04,45+,2023,Coritiba,Vasco,True
8073,5,Vasco,Erick Marcus,80,Normal,80,0,2,80.0,76-90,2023,Coritiba,Vasco,False
8074,5,Botafogo-RJ,Carlos Eduardo de Oliveira Alves,81,Normal,81,0,2,81.0,76-90,2023,Botafogo-RJ,Corinthians,True
8074,5,Botafogo-RJ,Tiquinho Soares,65,Penalty,65,0,2,65.0,61-75,2023,Botafogo-RJ,Corinthians,True
8074,5,Botafogo-RJ,Tiquinho Soares,12,Normal,12,0,1,12.0,0-15,2023,Botafogo-RJ,Corinthians,True
8076,6,Flamengo,David Luiz,45+4,Normal,45,4,1,45.04,45+,2023,Bahia,Flamengo,False
8076,6,Bahia,Gabriel Teixeira,35,Normal,35,0,1,35.0,31-45,2023,Bahia,Flamengo,True
8076,6,Flamengo,Gabriel Barbosa,29,Penalty,29,0,1,29.0,16-30,2023,Bahia,Flamengo,False
8076,6,Bahia,Ademir,51,Normal,51,0,2,51.0,46-60,2023,Bahia,Flamengo,True
8076,6,Flamengo,Matheus França,23,Normal,23,0,1,23.0,16-30,2023,Bahia,Flamengo,False
8077,6,Fluminense,Nino,6,Normal,6,0,1,6.0,0-15,2023,Fluminense,Cuiaba,True
8077,6,Fluminense,Paulo Henrique Ganso,56,Normal,56,0,2,56.0,46-60,2023,Fluminense,Cuiaba,True
8078,6,Bragantino,Juninho Capixaba,71,Normal,71,0,2,71.0,61-75,2023,Palmeiras,Bragantino,False
8078,6,Palmeiras,Artur Victor Guimarães,65,Normal,65,0,2,65.0,61-75,2023,Palmeiras,Bragantino,True
8079,6,Atletico-MG,Eduardo Vargas,3,Normal,3,0,1,3.0,0-15,2023,Atletico-MG,Internacional,True
8079,6,Atletico-MG,Paulinho,90+5,Normal,90,5,2,90.05,90+,2023,Atletico-MG,Internacional,True
8081,6,Santos,Deivid Washington,29,Normal,29,0,1,29.0,16-30,2023,Vasco,Santos,False
8082,6,Sao Paulo,Michel Araújo,15,Normal,15,0,1,15.0,0-15,2023,Corinthians,Sao Paulo,False
8082,6,Corinthians,Róger Guedes,45+5,Penalty,45,5,1,45.05,45+,2023,Corinthians,Sao Paulo,True
8083,6,Coritiba,Marcelino Moreno,20,Normal,20,0,1,20.0,16-30,2023,Athletico-PR,Coritiba,False
8083,6,Athletico-PR,Pablo Felipe Teixeira,49,Normal,49,0,2,49.0,46-60,2023,Athletico-PR,Coritiba,True
8083,6,Coritiba,Robson Fernandes,66,Normal,66,0,2,66.0,61-75,2023,Athletico-PR,Coritiba,False
8083,6,Athletico-PR,Willian Gomes de Siqueira,90+1,Normal,90,1,2,90.01,90+,2023,Athletico-PR,Coritiba,True
8083,6,Athletico-PR,Agustín Canobbio,90+7,Normal,90,7,2,90.07,90+,2023,Athletico-PR,Coritiba,True
8085,6,Cruzeiro,Henrique Dourado,33,Normal,33,0,1,33.0,31-45,2023,America-MG,Cruzeiro,False
8085,6,Cruzeiro,Marlon Rodrigues Xavier,70,Normal,70,0,2,70.0,61-75,2023,America-MG,Cruzeiro,False
8085,6,Cruzeiro,Gilberto Oliveira Souza Junior,84,Normal,84,0,2,84.0,76-90,2023,America-MG,Cruzeiro,False
8085,6,Cruzeiro,Gilberto Oliveira Souza Junior,90+1,Normal,90,1,2,90.01,90+,2023,America-MG,Cruzeiro,False
8084,6,Goias,Bruno Melo,45+5,Normal,45,5,1,45.05,45+,2023,Goias,Botafogo-RJ,True
8084,6,Goias,Magno Jose da Silva,57,Normal,57,0,2,57.0,46-60,2023,Goias,Botafogo-RJ,True
8084,6,Botafogo-RJ,Tiquinho Soares,33,Penalty,33,0,1,33.0,31-45,2023,Goias,Botafogo-RJ,False
8086,7,Bahia,Everaldo Stum,25,Normal,25,0,1,25.0,16-30,2023,Bahia,Goias,True
8086,7,Goias,Bruno Melo,31,Normal,31,0,1,31.0,31-45,2023,Bahia,Goias,False
8087,7,Bragantino,Eduardo Sasha,16,Normal,16,0,1,16.0,16-30,2023,Bragantino,Athletico-PR,True
8087,7,Bragantino,Thiago Borbas,86,Normal,86,0,2,86.0,76-90,2023,Bragantino,Athletico-PR,True
8088,7,Sao Paulo,Jonathan Calleri,24,Normal,24,0,1,24.0,16-30,2023,Sao Paulo,Vasco,True
8088,7,Vasco,Cauan Barros,45,Normal,45,0,1,45.0,31-45,2023,Sao Paulo,Vasco,False
8088,7,Sao Paulo,Rodrigo Nestor,42,Normal,42,0,1,42.0,31-45,2023,Sao Paulo,Vasco,True
8088,7,Vasco,Matías Galarza,83,Normal,83,0,2,83.0,76-90,2023,Sao Paulo,Vasco,False
8088,7,Sao Paulo,Lucas Beraldo,89,Normal,89,0,2,89.0,76-90,2023,Sao Paulo,Vasco,True
8088,7,Sao Paulo,Juan Santos da Silva,90+2,Normal,90,2,2,90.02,90+,2023,Sao Paulo,Vasco,True
8090,7,America-MG,Felipe Azevedo,33,Normal,33,0,1,33.0,31-45,2023,America-MG,Fortaleza,True
8090,7,Fortaleza,Tomás Pochettino,26,Normal,26,0,1,26.0,16-30,2023,America-MG,Fortaleza,False
8090,7,America-MG,Breno,2,Normal,2,0,1,2.0,0-15,2023,America-MG,Fortaleza,True
8091,7,Botafogo-RJ,Víctor Cuesta,74,Normal,74,0,2,74.0,61-75,2023,Botafogo-RJ,Fluminense,True
8089,7,Coritiba,Robson Fernandes,13,Penalty,13,0,1,13.0,0-15,2023,Coritiba,Atletico-MG,True
8089,7,Atletico-MG,Hulk,90+1,Penalty,90,1,2,90.01,90+,2023,Coritiba,Atletico-MG,False
8089,7,Atletico-MG,Hyoran,37,Normal,37,0,1,37.0,31-45,2023,Coritiba,Atletico-MG,False
8093,7,Flamengo,Léo Pereira,90+4,Normal,90,4,2,90.04,90+,2023,Flamengo,Corinthians,True
8094,7,Gremio,Luis Alberto Suárez,7,Normal,7,0,1,7.0,0-15,2023,Gremio,Internacional,True
8094,7,Gremio,Mathías Villasanti,31,Normal,31,0,1,31.0,31-45,2023,Gremio,Internacional,True
8094,7,Gremio,João Paulo Bitello,65,Normal,65,0,2,65.0,61-75,2023,Gremio,Internacional,True
8094,7,Internacional,Johnny Cardoso,87,Normal,87,0,2,87.0,76-90,2023,Gremio,Internacional,False
8095,7,Cuiaba,Deyverson,37,Normal,37,0,1,37.0,31-45,2023,Cruzeiro,Cuiaba,False
8096,8,Athletico-PR,Vitor Roque,34,Normal,34,0,1,34.0,31-45,2023,Athletico-PR,Gremio,True
8096,8,Gremio,Cuiabano,31,Normal,31,0,1,31.0,31-45,2023,Athletico-PR,Gremio,False
8096,8,Gremio,Bruno Uvini,49,Normal,49,0,2,49.0,46-60,2023,Athletico-PR,Gremio,False
8097,8,Fortaleza,Thiago Galhardo,87,Normal,87,0,2,87.0,76-90,2023,Fortaleza,Vasco,True
8097,8,Fortaleza,Silvio Romero,90+4,Normal,90,4,2,90.04,90+,2023,Fortaleza,Vasco,True
8098,8,Flamengo,Ayrton Lucas Dantas de Medeiros,33,Normal,33,0,1,33.0,31-45,2023,Flamengo,Cruzeiro,True
8098,8,Cruzeiro,Marlon Rodrigues Xavier,5,Normal,5,0,1,5.0,0-15,2023,Flamengo,Cruzeiro,False
8099,8,Cuiaba,Fernando Sobral,3,Normal,3,0,1,3.0,0-15,2023,Cuiaba,Coritiba,True
8099,8,Coritiba,Robson Fernandes,49,Normal,49,0,2,49.0,46-60,2023,Cuiaba,Coritiba,False
8100,8,Goias,Magno Jose da Silva,29,Normal,29,0,1,29.0,16-30,2023,Sao Paulo,Goias,False
8100,8,Sao Paulo,Pablo Maia,57,Normal,57,0,2,57.0,46-60,2023,Sao Paulo,Goias,True
8100,8,Sao Paulo,David Corrêa da Fonseca,90+1,Normal,90,1,2,90.01,90+,2023,Sao Paulo,Goias,True
8102,8,Internacional,Wanderson,90+9,Normal,90,9,2,90.09,90+,2023,Internacional,Bahia,True
8102,8,Internacional,Johnny Cardoso,49,Normal,49,0,2,49.0,46-60,2023,Internacional,Bahia,True
8101,8,Corinthians,Róger Guedes,59,Normal,59,0,2,59.0,46-60,2023,Corinthians,Fluminense,True
8101,8,Corinthians,Róger Guedes,90+2,Normal,90,2,2,90.02,90+,2023,Corinthians,Fluminense,True
8104,8,Bragantino,Juninho Capixaba,75,Normal,75,0,2,75.0,61-75,2023,Bragantino,Santos,True
8104,8,Bragantino,Vitor Hugo Naum dos Santos,31,Normal,31,0,1,31.0,31-45,2023,Bragantino,Santos,True
8103,8,Atletico-MG,Cristian Pavón,45,Normal,45,0,1,45.0,31-45,2023,Atletico-MG,Palmeiras,True
8103,8,Palmeiras,Eduardo Pereira Rodrigues,52,Normal,52,0,2,52.0,46-60,2023,Atletico-MG,Palmeiras,False
8105,8,Botafogo-RJ,Júnior Santos,3,Normal,3,0,1,3.0,0-15,2023,Botafogo-RJ,America-MG,True
8105,8,Botafogo-RJ,Luis Henrique,60,Normal,60,0,2,60.0,46-60,2023,Botafogo-RJ,America-MG,True
8107,9,Athletico-PR,Alex Paulo Menezes Santana,42,Normal,42,0,1,42.0,31-45,2023,Athletico-PR,Botafogo-RJ,True
8108,9,Atletico-MG,Hulk,27,Normal,27,0,1,27.0,16-30,2023,Cruzeiro,Atletico-MG,False
8109,9,America-MG,Renato Marques,87,Normal,87,0,2,87.0,76-90,2023,America-MG,Corinthians,True
8109,9,America-MG,Danilo Avelar,74,Penalty,74,0,2,74.0,61-75,2023,America-MG,Corinthians,True
8110,9,Santos,Lucas Rafael Araújo Lima,12,Normal,12,0,1,12.0,0-15,2023,Santos,Internacional,True
8110,9,Internacional,Luiz Adriano,3,Normal,3,0,1,3.0,0-15,2023,Santos,Internacional,False
8111,9,Fluminense,Paulo Henrique Ganso,27,Normal,27,0,1,27.0,16-30,2023,Fluminense,Bragantino,True
8111,9,Fluminense,Felipe Melo,34,Normal,34,0,1,34.0,31-45,2023,Fluminense,Bragantino,True
8111,9,Bragantino,Thiago Borbas,54,Normal,54,0,2,54.0,46-60,2023,Fluminense,Bragantino,False
8112,9,Sao Paulo,Jonathan Calleri,15,Normal,15,0,1,15.0,0-15,2023,Gremio,Sao Paulo,False
8112,9,Gremio,Reinaldo Manoel da Silva,39,Normal,39,0,1,39.0,31-45,2023,Gremio,Sao Paulo,True
8112,9,Gremio,Franco Cristaldo,31,Penalty,31,0,1,31.0,31-45,2023,Gremio,Sao Paulo,True
8113,9,Cuiaba,Deyverson,54,Normal,54,0,2,54.0,46-60,2023,Goias,Cuiaba,False
8114,9,Palmeiras,Rony,73,Normal,73,0,2,73.0,61-75,2023,Palmeiras,Coritiba,True
8114,9,Coritiba,Alef Manga,83,Normal,83,0,2,83.0,76-90,2023,Palmeiras,Coritiba,False
8114,9,Palmeiras,Artur Victor Guimarães,30,Normal,30,0,1,30.0,16-30,2023,Palmeiras,Coritiba,True
8114,9,Palmeiras,Rony,34,Normal,34,0,1,34.0,31-45,2023,Palmeiras,Coritiba,True
8115,9,Flamengo,Pedro,42,Normal,42,0,1,42.0,31-45,2023,Vasco,Flamengo,False
8115,9,Vasco,Jair Rodrigues Júnior,58,Penalty,58,0,2,58.0,46-60,2023,Vasco,Flamengo,True
8115,9,Flamengo,Ayrton Lucas Dantas de Medeiros,45+2,Normal,45,2,1,45.02,45+,2023,Vasco,Flamengo,False
8115,9,Flamengo,Erick Pulgar,14,Normal,14,0,1,14.0,0-15,2023,Vasco,Flamengo,False
8115,9,Flamengo,Gerson Santos da Silva,16,Normal,16,0,1,16.0,16-30,2023,Vasco,Flamengo,False
8119,10,Atletico-MG,Paulinho,17,Normal,17,0,1,17.0,16-30,2023,Atletico-MG,Bragantino,True
8119,10,Bragantino,Eduardo Sasha,35,Normal,35,0,1,35.0,31-45,2023,Atletico-MG,Bragantino,False
8117,10,Cruzeiro,Bruno Rodrigues,30,Normal,30,0,1,30.0,16-30,2023,Bahia,Cruzeiro,False
8117,10,Cruzeiro,Wesley Ribeiro Silva,45+1,Normal,45,1,1,45.01,45+,2023,Bahia,Cruzeiro,False
8117,10,Bahia,Kayky,18,Normal,18,0,1,18.0,16-30,2023,Bahia,Cruzeiro,True
8117,10,Bahia,Arthur Sales,66,Normal,66,0,2,66.0,61-75,2023,Bahia,Cruzeiro,True
8118,10,Corinthians,Ruan Oliveira,81,Normal,81,0,2,81.0,76-90,2023,Corinthians,Cuiaba,True
8118,10,Cuiaba,Deyverson,55,Normal,55,0,2,55.0,46-60,2023,Corinthians,Cuiaba,False
8120,10,Botafogo-RJ,Tiquinho Soares,45+3,Normal,45,3,1,45.03,45+,2023,Botafogo-RJ,Fortaleza,True
8120,10,Botafogo-RJ,Tiquinho Soares,63,Normal,63,0,2,63.0,61-75,2023,Botafogo-RJ,Fortaleza,True
8121,10,America-MG,Wellington Paulista,76,Normal,76,0,2,76.0,76-90,2023,America-MG,Athletico-PR,True
8121,10,America-MG,Danilo Avelar,90+6,Normal,90,6,2,90.06,90+,2023,America-MG,Athletico-PR,True
8121,10,Athletico-PR,Vitor Roque,9,Normal,9,0,1,9.0,0-15,2023,America-MG,Athletico-PR,False
8121,10,Athletico-PR,Christian Roberto Alves Cardoso,48,Normal,48,0,2,48.0,46-60,2023,America-MG,Athletico-PR,False
8122,10,Palmeiras,Gabriel Menino,11,Normal,11,0,1,11.0,0-15,2023,Sao Paulo,Palmeiras,False
8122,10,Palmeiras,Endrick,78,Normal,78,0,2,78.0,76-90,2023,Sao Paulo,Palmeiras,False
8123,10,Vasco,Rayan,29,Normal,29,0,1,29.0,16-30,2023,Internacional,Vasco,False
8123,10,Internacional,Rômulo Zwarg,3,Normal,3,0,1,3.0,0-15,2023,Internacional,Vasco,True
8123,10,Internacional,Wanderson,16,Normal,16,0,1,16.0,16-30,2023,Internacional,Vasco,True
8124,10,Flamengo,Everton Cebolinha,24,Normal,24,0,1,24.0,16-30,2023,Flamengo,Gremio,True
8124,10,Flamengo,Pedro,65,Normal,65,0,2,65.0,61-75,2023,Flamengo,Gremio,True
8124,10,Flamengo,Bruno Henrique,90+7,Normal,90,7,2,90.07,90+,2023,Flamengo,Gremio,True
8125,10,Goias,Alesson,85,Normal,85,0,2,85.0,76-90,2023,Goias,Fluminense,True
8125,10,Fluminense,Germán Cano,2,Normal,2,0,1,2.0,0-15,2023,Goias,Fluminense,False
8125,10,Goias,Matheus Peixoto,45,Penalty,45,0,1,45.0,31-45,2023,Goias,Fluminense,True
8125,10,Fluminense,Lima,47,Normal,47,0,2,47.0,46-60,2023,Goias,Fluminense,False
8126,11,Fortaleza,Juan Martín Lucero,80,Normal,80,0,2,80.0,76-90,2023,Cruzeiro,Fortaleza,False
8127,11,Sao Paulo,Gabriel Neves,19,Normal,19,0,1,19.0,16-30,2023,Sao Paulo,Athletico-PR,True
8127,11,Sao Paulo,Luciano da Rocha Neves,47,Normal,47,0,2,47.0,46-60,2023,Sao Paulo,Athletico-PR,True
8127,11,Athletico-PR,Vitor Roque,11,Normal,11,0,1,11.0,0-15,2023,Sao Paulo,Athletico-PR,False
8128,11,Corinthians,Ruan Oliveira,28,Normal,28,0,1,28.0,16-30,2023,Santos,Corinthians,False
8128,11,Corinthians,Yuri Alberto,19,Normal,19,0,1,19.0,16-30,2023,Santos,Corinthians,False
8129,11,Atletico-MG,Guga,35,Gol Contra,35,0,1,35.0,31-45,2023,Fluminense,Atletico-MG,False
8129,11,Fluminense,Samuel Xavier,45+1,Normal,45,1,1,45.01,45+,2023,Fluminense,Atletico-MG,True
8130,11,Bahia,Thaciano,90+3,Normal,90,3,2,90.03,90+,2023,Bahia,Palmeiras,True
8131,11,Gremio,Luis Alberto Suárez,69,Normal,69,0,2,69.0,61-75,2023,Gremio,America-MG,True
8131,11,America-MG,Danilo Avelar,25,Normal,25,0,1,25.0,16-30,2023,Gremio,America-MG,False
8131,11,Gremio,Matheus Cavichioli,40,Gol Contra,40,0,1,40.0,31-45,2023,Gremio,America-MG,True
8131,11,Gremio,Mathías Villasanti,61,Normal,61,0,2,61.0,61-75,2023,Gremio,America-MG,True
8133,11,Botafogo-RJ,Tiquinho Soares,60,Penalty,60,0,2,60.0,46-60,2023,Cuiaba,Botafogo-RJ,False
8134,11,Goias,Everton Morelli,73,Normal,73,0,2,73.0,61-75,2023,Vasco,Goias,False
8132,11,Internacional,Pedro Henrique Konzen,66,Penalty,66,0,2,66.0,61-75,2023,Coritiba,Internacional,False
8135,11,Bragantino,Henry Mosquera,49,Normal,49,0,2,49.0,46-60,2023,Bragantino,Flamengo,True
8135,11,Bragantino,Henry Mosquera,81,Normal,81,0,2,81.0,76-90,2023,Bragantino,Flamengo,True
8135,11,Bragantino,Alerrandro Barra Mansa Realino de Souza,76,Normal,76,0,2,76.0,76-90,2023,Bragantino,Flamengo,True
8135,11,Bragantino,Eduardo Santos,40,Normal,40,0,1,40.0,31-45,2023,Bragantino,Flamengo,True
8136,12,Athletico-PR,Vitor Roque,36,Normal,36,0,1,36.0,31-45,2023,Athletico-PR,Corinthians,True
8137,12,Fluminense,Leanderson da Silva Genésio,49,Normal,49,0,2,49.0,46-60,2023,Fluminense,Bahia,True
8137,12,Fluminense,Gabriel Pirani,51,Normal,51,0,2,51.0,46-60,2023,Fluminense,Bahia,True
8137,12,Bahia,Vinicius Mingotti,28,Normal,28,0,1,28.0,16-30,2023,Fluminense,Bahia,False
8138,12,Fortaleza,Tinga,62,Normal,62,0,2,62.0,61-75,2023,Fortaleza,Atletico-MG,True
8138,12,Atletico-MG,Alan Kardec,87,Normal,87,0,2,87.0,76-90,2023,Fortaleza,Atletico-MG,False
8138,12,Fortaleza,Tomás Pochettino,54,Normal,54,0,2,54.0,46-60,2023,Fortaleza,Atletico-MG,True
8139,12,Cruzeiro,Rafinha,3,Gol Contra,3,0,1,3.0,0-15,2023,Cruzeiro,Sao Paulo,True
8140,12,Botafogo-RJ,Tiquinho Soares,28,Normal,28,0,1,28.0,16-30,2023,Palmeiras,Botafogo-RJ,False
8141,12,Gremio,João Paulo Bitello,54,Normal,54,0,2,54.0,46-60,2023,Gremio,Coritiba,True
8141,12,Gremio,Franco Cristaldo,34,Penalty,34,0,1,34.0,31-45,2023,Gremio,Coritiba,True
8141,12,Gremio,Luis Alberto Suárez,66,Normal,66,0,2,66.0,61-75,2023,Gremio,Coritiba,True
8141,12,Gremio,André Henrique,84,Normal,84,0,2,84.0,76-90,2023,Gremio,Coritiba,True
8141,12,Gremio,Mathías Villasanti,48,Normal,48,0,2,48.0,46-60,2023,Gremio,Coritiba,True
8141,12,Coritiba,Alef Manga,41,Normal,41,0,1,41.0,31-45,2023,Gremio,Coritiba,False
8144,12,Bragantino,Eduardo Sasha,7,Normal,7,0,1,7.0,0-15,2023,Bragantino,Goias,True
8144,12,Bragantino,Marcos Vinicios,45+2,Normal,45,2,1,45.02,45+,2023,Bragantino,Goias,True
8142,12,America-MG,Juninho,19,Normal,19,0,1,19.0,16-30,2023,America-MG,Internacional,True
8142,12,Internacional,Jean Dias,63,Normal,63,0,2,63.0,61-75,2023,America-MG,Internacional,False
8142,12,Internacional,Alexandre Alemão,85,Normal,85,0,2,85.0,76-90,2023,America-MG,Internacional,False
8143,12,Santos,Rodrigo Fernández,52,Normal,52,0,2,52.0,46-60,2023,Santos,Flamengo,True
8143,12,Flamengo,Everton Cebolinha,22,Normal,22,0,1,22.0,16-30,2023,Santos,Flamengo,False
8143,12,Flamengo,Éverton Ribeiro,50,Normal,50,0,2,50.0,46-60,2023,Santos,Flamengo,False
8143,12,Santos,Stiven Mendoza,40,Normal,40,0,1,40.0,31-45,2023,Santos,Flamengo,True
8143,12,Flamengo,Erick Pulgar,57,Normal,57,0,2,57.0,46-60,2023,Santos,Flamengo,False
8145,12,Vasco,Jair Rodrigues Júnior,77,Penalty,77,0,2,77.0,76-90,2023,Vasco,Cuiaba,True
8146,13,Sao Paulo,Luciano da Rocha Neves,87,Normal,87,0,2,87.0,76-90,2023,Sao Paulo,Fluminense,True
8147,13,Flamengo,Giorgian De Arrascaeta,64,Normal,64,0,2,64.0,61-75,2023,Flamengo,Fortaleza,True
8147,13,Flamengo,Gabriel Barbosa,14,Normal,14,0,1,14.0,0-15,2023,Flamengo,Fortaleza,True
8148,13,Bahia,Kayky,20,Normal,20,0,1,20.0,16-30,2023,Bahia,Gremio,True
8148,13,Gremio,Franco Cristaldo,9,Normal,9,0,1,9.0,0-15,2023,Bahia,Gremio,False
8148,13,Gremio,Gustavo Martins,90+5,Normal,90,5,2,90.05,90+,2023,Bahia,Gremio,False
8150,13,Bragantino,Eduardo Sasha,17,Normal,17,0,1,17.0,16-30,2023,Corinthians,Bragantino,False
8151,13,Botafogo-RJ,Luis Henrique,54,Normal,54,0,2,54.0,46-60,2023,Botafogo-RJ,Vasco,True
8151,13,Botafogo-RJ,Carlos Alberto,90+5,Normal,90,5,2,90.05,90+,2023,Botafogo-RJ,Vasco,True
8152,13,Atletico-MG,Hulk,28,Normal,28,0,1,28.0,16-30,2023,Atletico-MG,America-MG,True
8152,13,America-MG,Gonzalo Mastriani,58,Normal,58,0,2,58.0,46-60,2023,Atletico-MG,America-MG,False
8152,13,America-MG,Gonzalo Mastriani,72,Normal,72,0,2,72.0,61-75,2023,Atletico-MG,America-MG,False
8152,13,Atletico-MG,Matías Zaracho,2,Normal,2,0,1,2.0,0-15,2023,Atletico-MG,America-MG,True
8153,13,Palmeiras,Endrick,22,Normal,22,0,1,22.0,16-30,2023,Athletico-PR,Palmeiras,False
8153,13,Palmeiras,Gabriel Menino,57,Normal,57,0,2,57.0,46-60,2023,Athletico-PR,Palmeiras,False
8153,13,Athletico-PR,Vitor Bueno,67,Penalty,67,0,2,67.0,61-75,2023,Athletico-PR,Palmeiras,True
8153,13,Athletico-PR,Vitor Roque,73,Normal,73,0,2,73.0,61-75,2023,Athletico-PR,Palmeiras,True
8154,13,Cuiaba,Rikelme,86,Normal,86,0,2,86.0,76-90,2023,Cuiaba,Santos,True
8154,13,Cuiaba,Deyverson,53,Normal,53,0,2,53.0,46-60,2023,Cuiaba,Santos,True
8154,13,Cuiaba,Denilson,75,Normal,75,0,2,75.0,61-75,2023,Cuiaba,Santos,True
8155,13,Goias,Dodô,69,Normal,69,0,2,69.0,61-75,2023,Goias,Coritiba,True
8155,13,Coritiba,Alef Manga,26,Normal,26,0,1,26.0,16-30,2023,Goias,Coritiba,False
8155,13,Coritiba,Benjamín Kuscevic,43,Normal,43,0,1,43.0,31-45,2023,Goias,Coritiba,False
8156,14,Bahia,Alan Empereur,51,Gol Contra,51,0,2,51.0,46-60,2023,Cuiaba,Bahia,False
8156,14,Cuiaba,Deyverson,18,Penalty,18,0,1,18.0,16-30,2023,Cuiaba,Bahia,True
8157,14,Cruzeiro,Machado,45+4,Normal,45,4,1,45.04,45+,2023,Vasco,Cruzeiro,False
8158,14,Corinthians,Róger Guedes,40,Normal,40,0,1,40.0,31-45,2023,Atletico-MG,Corinthians,False
8159,14,America-MG,Juninho,8,Normal,8,0,1,8.0,0-15,2023,Coritiba,America-MG,False
8159,14,Coritiba,Alef Manga,40,Penalty,40,0,1,40.0,31-45,2023,Coritiba,America-MG,True
8159,14,Coritiba,Robson Fernandes,44,Normal,44,0,1,44.0,31-45,2023,Coritiba,America-MG,True
8159,14,Coritiba,Victor Luis,90+6,Normal,90,6,2,90.06,90+,2023,Coritiba,America-MG,True
8160,14,Palmeiras,Eduardo Pereira Rodrigues,24,Normal,24,0,1,24.0,16-30,2023,Palmeiras,Flamengo,True
8160,14,Flamengo,Giorgian De Arrascaeta,81,Normal,81,0,2,81.0,76-90,2023,Palmeiras,Flamengo,False
8161,14,Santos,Marcos Leonardo,30,Normal,30,0,1,30.0,16-30,2023,Santos,Goias,True
8161,14,Santos,Stiven Mendoza,45+1,Normal,45,1,1,45.01,45+,2023,Santos,Goias,True
8161,14,Santos,Stiven Mendoza,90+4,Penalty,90,4,2,90.04,90+,2023,Santos,Goias,True
8161,14,Goias,Guilherme,61,Normal,61,0,2,61.0,61-75,2023,Santos,Goias,False
8161,14,Goias,Guilherme,40,Penalty,40,0,1,40.0,31-45,2023,Santos,Goias,False
8161,14,Santos,Marcos Leonardo,16,Normal,16,0,1,16.0,16-30,2023,Santos,Goias,True
8161,14,Goias,João Magno,81,Normal,81,0,2,81.0,76-90,2023,Santos,Goias,False
8162,14,Fluminense,Germán Cano,25,Normal,25,0,1,25.0,16-30,2023,Fluminense,Internacional,True
8162,14,Fluminense,Martinelli,40,Normal,40,0,1,40.0,31-45,2023,Fluminense,Internacional,True
8164,14,Fortaleza,Yago Pikachu,84,Normal,84,0,2,84.0,76-90,2023,Fortaleza,Athletico-PR,True
8165,14,Botafogo-RJ,Carlos Alberto,88,Normal,88,0,2,88.0,76-90,2023,Gremio,Botafogo-RJ,False
8165,14,Botafogo-RJ,Carlos Eduardo de Oliveira Alves,75,Normal,75,0,2,75.0,61-75,2023,Gremio,Botafogo-RJ,False
8166,15,Botafogo-RJ,Carlos Eduardo de Oliveira Alves,48,Normal,48,0,2,48.0,46-60,2023,Botafogo-RJ,Bragantino,True
8166,15,Botafogo-RJ,Leonel Di Plácido,60,Normal,60,0,2,60.0,46-60,2023,Botafogo-RJ,Bragantino,True
8168,15,Cuiaba,Deyverson,19,Normal,19,0,1,19.0,16-30,2023,Fortaleza,Cuiaba,False
8170,15,Sao Paulo,Jonathan Calleri,45+1,Normal,45,1,1,45.01,45+,2023,Sao Paulo,Santos,True
8170,15,Santos,Marcos Leonardo,90+3,Penalty,90,3,2,90.03,90+,2023,Sao Paulo,Santos,False
8170,15,Sao Paulo,David Corrêa da Fonseca,79,Normal,79,0,2,79.0,76-90,2023,Sao Paulo,Santos,True
8170,15,Sao Paulo,Alexandre Pato,88,Normal,88,0,2,88.0,76-90,2023,Sao Paulo,Santos,True
8170,15,Sao Paulo,Jonathan Calleri,22,Penalty,22,0,1,22.0,16-30,2023,Sao Paulo,Santos,True
8171,15,Athletico-PR,Erick Luis Conrado Carvalho,35,Normal,35,0,1,35.0,31-45,2023,Athletico-PR,Bahia,True
8171,15,Athletico-PR,Vitor Roque,24,Normal,24,0,1,24.0,16-30,2023,Athletico-PR,Bahia,True
8176,16,Palmeiras,Richard Ríos,8,Normal,8,0,1,8.0,0-15,2023,Palmeiras,Fortaleza,True
8176,16,Palmeiras,Raphael Cavalcante Veiga,76,Normal,76,0,2,76.0,76-90,2023,Palmeiras,Fortaleza,True
8176,16,Fortaleza,Juan Martín Lucero,45,Penalty,45,0,1,45.0,31-45,2023,Palmeiras,Fortaleza,False
8176,16,Palmeiras,Breno Lopes,90+6,Normal,90,6,2,90.06,90+,2023,Palmeiras,Fortaleza,True
8177,16,Flamengo,Victor Hugo,90+5,Normal,90,5,2,90.05,90+,2023,Flamengo,America-MG,True
8177,16,America-MG,Felipe Azevedo,84,Normal,84,0,2,84.0,76-90,2023,Flamengo,America-MG,False
8178,16,Cuiaba,Isidro Pitta,78,Normal,78,0,2,78.0,76-90,2023,Cuiaba,Sao Paulo,True
8178,16,Sao Paulo,Nathan,90+9,Normal,90,9,2,90.09,90+,2023,Cuiaba,Sao Paulo,False
8178,16,Cuiaba,Clayson,66,Penalty,66,0,2,66.0,61-75,2023,Cuiaba,Sao Paulo,True
8180,16,Gremio,Ronald Falkoski,11,Normal,11,0,1,11.0,0-15,2023,Gremio,Atletico-MG,True
8183,16,Goias,João Magno,28,Normal,28,0,1,28.0,16-30,2023,Cruzeiro,Goias,False
8182,16,Botafogo-RJ,Adryelson,87,Normal,87,0,2,87.0,76-90,2023,Santos,Botafogo-RJ,False
8182,16,Santos,Marcos Leonardo,24,Normal,24,0,1,24.0,16-30,2023,Santos,Botafogo-RJ,True
8182,16,Santos,Marcos Leonardo,81,Normal,81,0,2,81.0,76-90,2023,Santos,Botafogo-RJ,True
8182,16,Botafogo-RJ,Tiquinho Soares,84,Normal,84,0,2,84.0,76-90,2023,Santos,Botafogo-RJ,False
8184,16,Athletico-PR,Vitor Bueno,80,Penalty,80,0,2,80.0,76-90,2023,Vasco,Athletico-PR,False
8184,16,Athletico-PR,Christian Roberto Alves Cardoso,71,Normal,71,0,2,71.0,61-75,2023,Vasco,Athletico-PR,False
8185,16,Coritiba,Robson Fernandes,24,Penalty,24,0,1,24.0,16-30,2023,Coritiba,Fluminense,True
8185,16,Coritiba,Diogo de Oliveira Barbosa,28,Normal,28,0,1,28.0,16-30,2023,Coritiba,Fluminense,True
8186,17,Fluminense,Germán Cano,77,Normal,77,0,2,77.0,76-90,2023,Fluminense,Santos,True
8187,17,Cruzeiro,Arthur Gomes,37,Normal,37,0,1,37.0,31-45,2023,Athletico-PR,Cruzeiro,False
8187,17,Athletico-PR,Madson,41,Normal,41,0,1,41.0,31-45,2023,Athletico-PR,Cruzeiro,True
8187,17,Cruzeiro,Wesley Ribeiro Silva,82,Normal,82,0,2,82.0,76-90,2023,Athletico-PR,Cruzeiro,False
8187,17,Athletico-PR,Pablo Felipe Teixeira,78,Normal,78,0,2,78.0,76-90,2023,Athletico-PR,Cruzeiro,True
8187,17,Athletico-PR,Fernandinho,87,Penalty,87,0,2,87.0,76-90,2023,Athletico-PR,Cruzeiro,True
8187,17,Cruzeiro,Arthur Gomes,8,Normal,8,0,1,8.0,0-15,2023,Athletico-PR,Cruzeiro,False
8188,17,Cuiaba,Deyverson,88,Normal,88,0,2,88.0,76-90,2023,Internacional,Cuiaba,False
8188,17,Internacional,Fabricio Bustos,16,Normal,16,0,1,16.0,16-30,2023,Internacional,Cuiaba,True
8188,17,Cuiaba,Raniele,44,Normal,44,0,1,44.0,31-45,2023,Internacional,Cuiaba,False
8190,17,Bragantino,Luan Cândido,23,Normal,23,0,1,23.0,16-30,2023,Fortaleza,Bragantino,False
8190,17,Bragantino,Bruno Gonçalves,69,Normal,69,0,2,69.0,61-75,2023,Fortaleza,Bragantino,False
8190,17,Bragantino,Thiago Borbas,90+2,Normal,90,2,2,90.02,90+,2023,Fortaleza,Bragantino,False
8189,17,Corinthians,Maycon de Andrade Barberan,19,Normal,19,0,1,19.0,16-30,2023,Corinthians,Vasco,True
8189,17,Corinthians,Yuri Alberto,62,Normal,62,0,2,62.0,61-75,2023,Corinthians,Vasco,True
8189,17,Vasco,Gabriel Pec,71,Normal,71,0,2,71.0,61-75,2023,Corinthians,Vasco,False
8189,17,Corinthians,Róger Guedes,73,Penalty,73,0,2,73.0,61-75,2023,Corinthians,Vasco,True
8191,17,Flamengo,Giorgian De Arrascaeta,80,Normal,80,0,2,80.0,76-90,2023,Atletico-MG,Flamengo,False
8191,17,Flamengo,Wesley França,87,Normal,87,0,2,87.0,76-90,2023,Atletico-MG,Flamengo,False
8191,17,Atletico-MG,Paulinho,33,Normal,33,0,1,33.0,31-45,2023,Atletico-MG,Flamengo,True
8193,17,Palmeiras,Rony,26,Normal,26,0,1,26.0,16-30,2023,America-MG,Palmeiras,False
8193,17,Palmeiras,Rony,59,Normal,59,0,2,59.0,46-60,2023,America-MG,Palmeiras,False
8193,17,America-MG,Nicolas,38,Normal,38,0,1,38.0,31-45,2023,America-MG,Palmeiras,True
8193,17,Palmeiras,Artur Victor Guimarães,53,Normal,53,0,2,53.0,46-60,2023,America-MG,Palmeiras,False
8193,17,Palmeiras,Murilo Cerqueira,18,Normal,18,0,1,18.0,16-30,2023,America-MG,Palmeiras,False
8194,17,Botafogo-RJ,Gustavo Sauer,45+3,Normal,45,3,1,45.03,45+,2023,Botafogo-RJ,Coritiba,True
8194,17,Botafogo-RJ,Tiquinho Soares,36,Normal,36,0,1,36.0,31-45,2023,Botafogo-RJ,Coritiba,True
8194,17,Botafogo-RJ,Tiquinho Soares,51,Normal,51,0,2,51.0,46-60,2023,Botafogo-RJ,Coritiba,True
8194,17,Botafogo-RJ,Gustavo Sauer,3,Normal,3,0,1,3.0,0-15,2023,Botafogo-RJ,Coritiba,True
8194,17,Coritiba,Bruno Gomes,9,Normal,9,0,1,9.0,0-15,2023,Botafogo-RJ,Coritiba,False
8195,17,Goias,Matheus Babi,77,Normal,77,0,2,77.0,76-90,2023,Goias,Gremio,True
8195,17,Gremio,André Henrique,90+3,Normal,90,3,2,90.03,90+,2023,Goias,Gremio,False
8196,18,Santos,Marcos Leonardo,90+6,Penalty,90,6,2,90.06,90+,2023,Santos,Athletico-PR,True
8196,18,Athletico-PR,Pablo Felipe Teixeira,30,Normal,30,0,1,30.0,16-30,2023,Santos,Athletico-PR,False
8197,18,Goias,Tobias Figueiredo,53,Gol Contra,53,0,2,53.0,46-60,2023,Goias,Fortaleza,True
8198,18,Internacional,Luiz Adriano,90+9,Normal,90,9,2,90.09,90+,2023,Internacional,Corinthians,True
8198,18,Corinthians,Renato Augusto,13,Normal,13,0,1,13.0,0-15,2023,Internacional,Corinthians,False
8198,18,Corinthians,Fábio Santos,86,Penalty,86,0,2,86.0,76-90,2023,Internacional,Corinthians,False
8198,18,Internacional,Bruno Henrique Corsini,17,Normal,17,0,1,17.0,16-30,2023,Internacional,Corinthians,True
8199,18,Fluminense,John Kennedy,59,Normal,59,0,2,59.0,46-60,2023,Fluminense,Palmeiras,True
8199,18,Fluminense,Jhon Arias,15,Penalty,15,0,1,15.0,0-15,2023,Fluminense,Palmeiras,True
8199,18,Palmeiras,Gustavo Gómez,90+6,Normal,90,6,2,90.06,90+,2023,Fluminense,Palmeiras,False
8200,18,Vasco,Pablo Vegetti,80,Normal,80,0,2,80.0,76-90,2023,Vasco,Gremio,True
8201,18,Atletico-MG,Hulk,4,Normal,4,0,1,4.0,0-15,2023,Sao Paulo,Atletico-MG,False
8201,18,Atletico-MG,Cristian Pavón,69,Penalty,69,0,2,69.0,61-75,2023,Sao Paulo,Atletico-MG,False
8202,18,Bragantino,Marcos Vinicios,19,Normal,19,0,1,19.0,16-30,2023,Coritiba,Bragantino,False
8203,18,Bahia,Cauly,60,Normal,60,0,2,60.0,46-60,2023,Bahia,America-MG,True
8203,18,Bahia,Rafael Ratão,69,Normal,69,0,2,69.0,61-75,2023,Bahia,America-MG,True
8203,18,America-MG,Gonzalo Mastriani,52,Normal,52,0,2,52.0,46-60,2023,Bahia,America-MG,False
8203,18,Bahia,Everaldo Stum,26,Normal,26,0,1,26.0,16-30,2023,Bahia,America-MG,True
8205,18,Cuiaba,Clayson,54,Normal,54,0,2,54.0,46-60,2023,Cuiaba,Flamengo,True
8205,18,Cuiaba,Deyverson,80,Normal,80,0,2,80.0,76-90,2023,Cuiaba,Flamengo,True
8205,18,Cuiaba,Matheus Alexandre Anastácio de Souza,46,Normal,46,0,2,46.0,46-60,2023,Cuiaba,Flamengo,True
8206,19,Internacional,Maurício Magalhães Prado,18,Normal,18,0,1,18.0,16-30,2023,Botafogo-RJ,Internacional,False
8206,19,Botafogo-RJ,Nicolás Hernández,58,Gol Contra,58,0,2,58.0,46-60,2023,Botafogo-RJ,Internacional,True
8206,19,Botafogo-RJ,João Victor Santos Sá,55,Normal,55,0,2,55.0,46-60,2023,Botafogo-RJ,Internacional,True
8206,19,Botafogo-RJ,Luis Henrique,73,Normal,73,0,2,73.0,61-75,2023,Botafogo-RJ,Internacional,True
8207,19,Atletico-MG,Paulinho,49,Normal,49,0,2,49.0,46-60,2023,Atletico-MG,Bahia,True
8208,19,Goias,Lucas Halter,34,Normal,34,0,1,34.0,31-45,2023,America-MG,Goias,False
8210,19,Fluminense,Germán Cano,19,Normal,19,0,1,19.0,16-30,2023,Gremio,Fluminense,False
8210,19,Gremio,João Paulo Bitello,25,Normal,25,0,1,25.0,16-30,2023,Gremio,Fluminense,True
8210,19,Gremio,Aldemir Ferreira,45+1,Normal,45,1,1,45.01,45+,2023,Gremio,Fluminense,True
8209,19,Corinthians,Yuri Alberto,54,Normal,54,0,2,54.0,46-60,2023,Corinthians,Coritiba,True
8209,19,Corinthians,Wesley Gassova,67,Normal,67,0,2,67.0,61-75,2023,Corinthians,Coritiba,True
8209,19,Coritiba,Murillo,28,Gol Contra,28,0,1,28.0,16-30,2023,Corinthians,Coritiba,False
8209,19,Corinthians,Carlos Gilberto do Nascimento Silva,51,Normal,51,0,2,51.0,46-60,2023,Corinthians,Coritiba,True
8211,19,Fortaleza,João Basso,80,Gol Contra,80,0,2,80.0,76-90,2023,Fortaleza,Santos,True
8211,19,Fortaleza,Imanol Machuca,58,Normal,58,0,2,58.0,46-60,2023,Fortaleza,Santos,True
8211,19,Fortaleza,Caio Alexandre,83,Normal,83,0,2,83.0,76-90,2023,Fortaleza,Santos,True
8211,19,Fortaleza,Bruno Pacheco,90+1,Normal,90,1,2,90.01,90+,2023,Fortaleza,Santos,True
8212,19,Sao Paulo,Lucas Moura,38,Normal,38,0,1,38.0,31-45,2023,Flamengo,Sao Paulo,False
8212,19,Flamengo,Pedro,90+6,Penalty,90,6,2,90.06,90+,2023,Flamengo,Sao Paulo,True
8213,19,Palmeiras,José Manuel Alberto López,90+6,Normal,90,6,2,90.06,90+,2023,Palmeiras,Cruzeiro,True
8214,19,Vasco,Pablo Vegetti,32,Penalty,32,0,1,32.0,31-45,2023,Bragantino,Vasco,False
8214,19,Bragantino,Gustavinho,45+8,Normal,45,8,1,45.08,45+,2023,Bragantino,Vasco,True
8215,19,Athletico-PR,Bruno Zapelli,82,Normal,82,0,2,82.0,76-90,2023,Athletico-PR,Cuiaba,True
8215,19,Athletico-PR,Agustín Canobbio,45,Normal,45,0,1,45.0,31-45,2023,Athletico-PR,Cuiaba,True
8217,20,Fortaleza,Thiago Galhardo,13,Penalty,13,0,1,13.0,0-15,2023,Internacional,Fortaleza,False
8218,20,Palmeiras,Raphael Cavalcante Veiga,31,Normal,31,0,1,31.0,31-45,2023,Cuiaba,Palmeiras,False
8218,20,Palmeiras,Richard Ríos,66,Normal,66,0,2,66.0,61-75,2023,Cuiaba,Palmeiras,False
8219,20,Fluminense,Germán Cano,65,Normal,65,0,2,65.0,61-75,2023,Fluminense,America-MG,True
8219,20,Fluminense,Jhon Arias,89,Normal,89,0,2,89.0,76-90,2023,Fluminense,America-MG,True
8219,20,America-MG,Felipe Azevedo,52,Normal,52,0,2,52.0,46-60,2023,Fluminense,America-MG,False
8219,20,Fluminense,John Kennedy,58,Normal,58,0,2,58.0,46-60,2023,Fluminense,America-MG,True
8220,20,Corinthians,Gustavo Mosquito,90+8,Normal,90,8,2,90.08,90+,2023,Cruzeiro,Corinthians,False
8220,20,Cruzeiro,Rafael Elias,45,Normal,45,0,1,45.0,31-45,2023,Cruzeiro,Corinthians,True
8221,20,Vasco,Sergio Antonio De Luiz Junior,5,Normal,5,0,1,5.0,0-15,2023,Vasco,Atletico-MG,True
8223,20,Bahia,Cauly,84,Normal,84,0,2,84.0,76-90,2023,Bahia,Bragantino,True
8223,20,Bahia,Julio Cesar de Rezende Miranda,9,Normal,9,0,1,9.0,0-15,2023,Bahia,Bragantino,True
8223,20,Bahia,Vitor Hugo Franchescoli de Souza,38,Normal,38,0,1,38.0,31-45,2023,Bahia,Bragantino,True
8223,20,Bahia,Vinicius Mingotti,60,Normal,60,0,2,60.0,46-60,2023,Bahia,Bragantino,True
8224,20,Santos,Marcos Leonardo,63,Normal,63,0,2,63.0,61-75,2023,Santos,Gremio,True
8224,20,Santos,Julio Furch,90,Normal,90,0,2,90.0,76-90,2023,Santos,Gremio,True
8224,20,Gremio,Franco Cristaldo,46,Normal,46,0,2,46.0,46-60,2023,Santos,Gremio,False
8222,20,Flamengo,Gerson Santos da Silva,90+4,Normal,90,4,2,90.04,90+,2023,Coritiba,Flamengo,False
8222,20,Flamengo,Gabriel Barbosa,19,Penalty,19,0,1,19.0,16-30,2023,Coritiba,Flamengo,False
8222,20,Coritiba,Edu,46,Normal,46,0,2,46.0,46-60,2023,Coritiba,Flamengo,True
8222,20,Flamengo,Giorgian De Arrascaeta,31,Normal,31,0,1,31.0,31-45,2023,Coritiba,Flamengo,False
8222,20,Coritiba,Robson Fernandes,15,Penalty,15,0,1,15.0,0-15,2023,Coritiba,Flamengo,True
8225,20,Goias,Alesson,81,Normal,81,0,2,81.0,76-90,2023,Goias,Athletico-PR,True
8225,20,Athletico-PR,Vitor Roque,39,Normal,39,0,1,39.0,31-45,2023,Goias,Athletico-PR,False
8227,21,Goias,Guilherme,59,Penalty,59,0,2,59.0,46-60,2023,Corinthians,Goias,False
8227,21,Corinthians,Maycon de Andrade Barberan,82,Normal,82,0,2,82.0,76-90,2023,Corinthians,Goias,True
8228,21,Bragantino,Talisson de Almeida,83,Normal,83,0,2,83.0,76-90,2023,Bragantino,Cuiaba,True
8228,21,Bragantino,Thiago Borbas,55,Normal,55,0,2,55.0,46-60,2023,Bragantino,Cuiaba,True
8229,21,Botafogo-RJ,Diego Costa,4,Normal,4,0,1,4.0,0-15,2023,Botafogo-RJ,Bahia,True
8229,21,Botafogo-RJ,Diego Costa,52,Normal,52,0,2,52.0,46-60,2023,Botafogo-RJ,Bahia,True
8229,21,Botafogo-RJ,Luis Henrique,76,Normal,76,0,2,76.0,76-90,2023,Botafogo-RJ,Bahia,True
8231,21,Sao Paulo,Alexandre Pato,81,Normal,81,0,2,81.0,76-90,2023,America-MG,Sao Paulo,False
8231,21,America-MG,Gonzalo Mastriani,61,Normal,61,0,2,61.0,61-75,2023,America-MG,Sao Paulo,True
8231,21,America-MG,Rodrigo Varanda,90,Normal,90,0,2,90.0,76-90,2023,America-MG,Sao Paulo,True
8230,21,Atletico-MG,Paulinho,12,Normal,12,0,1,12.0,0-15,2023,Atletico-MG,Santos,True
8230,21,Atletico-MG,Paulinho,67,Normal,67,0,2,67.0,61-75,2023,Atletico-MG,Santos,True
8232,21,Palmeiras,Raphael Cavalcante Veiga,65,Normal,65,0,2,65.0,61-75,2023,Palmeiras,Vasco,True
8233,21,Coritiba,Benjamín Kuscevic,68,Normal,68,0,2,68.0,61-75,2023,Fortaleza,Coritiba,False
8233,21,Fortaleza,Juan Martín Lucero,45+4,Normal,45,4,1,45.04,45+,2023,Fortaleza,Coritiba,True
8233,21,Fortaleza,Juan Martín Lucero,42,Penalty,42,0,1,42.0,31-45,2023,Fortaleza,Coritiba,True
8233,21,Fortaleza,Mário Sérgio Santos Costa,60,Normal,60,0,2,60.0,46-60,2023,Fortaleza,Coritiba,True
8234,21,Fluminense,João Neto,87,Normal,87,0,2,87.0,76-90,2023,Athletico-PR,Fluminense,False
8234,21,Athletico-PR,Carlos de Menezes Júnior,13,Normal,13,0,1,13.0,0-15,2023,Athletico-PR,Fluminense,True
8234,21,Athletico-PR,Vitor Roque,90+3,Normal,90,3,2,90.03,90+,2023,Athletico-PR,Fluminense,True
8234,21,Fluminense,Guga,76,Normal,76,0,2,76.0,76-90,2023,Athletico-PR,Fluminense,False
8235,21,Gremio,Luis Alberto Suárez,29,Normal,29,0,1,29.0,16-30,2023,Gremio,Cruzeiro,True
8235,21,Gremio,Felipe Carballo,54,Normal,54,0,2,54.0,46-60,2023,Gremio,Cruzeiro,True
8235,21,Gremio,Pepê,78,Normal,78,0,2,78.0,76-90,2023,Gremio,Cruzeiro,True
8237,22,Athletico-PR,Vitor Roque,78,Normal,78,0,2,78.0,76-90,2023,Athletico-PR,Atletico-MG,True
8237,22,Atletico-MG,Paulinho,6,Normal,6,0,1,6.0,0-15,2023,Athletico-PR,Atletico-MG,False
8238,22,Flamengo,Marlon Freitas,2,Gol Contra,2,0,1,2.0,0-15,2023,Botafogo-RJ,Flamengo,False
8238,22,Botafogo-RJ,João Victor Santos Sá,19,Normal,19,0,1,19.0,16-30,2023,Botafogo-RJ,Flamengo,True
8238,22,Flamengo,Bruno Henrique,73,Normal,73,0,2,73.0,61-75,2023,Botafogo-RJ,Flamengo,False
8239,22,Gremio,Luis Alberto Suárez,30,Normal,30,0,1,30.0,16-30,2023,Gremio,Cuiaba,True
8239,22,Gremio,Rikelme,63,Gol Contra,63,0,2,63.0,61-75,2023,Gremio,Cuiaba,True
8241,22,Fluminense,Diogo Barbosa,90+2,Normal,90,2,2,90.02,90+,2023,Fluminense,Fortaleza,True
8242,22,Bahia,Ademir,45,Normal,45,0,1,45.0,31-45,2023,Bahia,Vasco,True
8242,22,Vasco,Pablo Vegetti,63,Penalty,63,0,2,63.0,61-75,2023,Bahia,Vasco,False
8244,22,America-MG,Juninho,55,Normal,55,0,2,55.0,46-60,2023,America-MG,Santos,True
8244,22,America-MG,Rodrigo Varanda,29,Normal,29,0,1,29.0,16-30,2023,America-MG,Santos,True
8246,23,Athletico-PR,Alex Paulo Menezes Santana,84,Normal,84,0,2,84.0,76-90,2023,Flamengo,Athletico-PR,False
8246,23,Athletico-PR,Vitor Bueno,90+7,Penalty,90,7,2,90.07,90+,2023,Flamengo,Athletico-PR,False
8246,23,Athletico-PR,Carlos de Menezes Júnior,27,Normal,27,0,1,27.0,16-30,2023,Flamengo,Athletico-PR,False
8247,23,Internacional,Fabricio Bustos,59,Normal,59,0,2,59.0,46-60,2023,Internacional,Sao Paulo,True
8247,23,Internacional,Renê Rodrigues Martins,70,Normal,70,0,2,70.0,61-75,2023,Internacional,Sao Paulo,True
8247,23,Sao Paulo,Jonathan Calleri,45+4,Penalty,45,4,1,45.04,45+,2023,Internacional,Sao Paulo,False
8248,23,Cruzeiro,Bruno Rodrigues,70,Normal,70,0,2,70.0,61-75,2023,Santos,Cruzeiro,False
8248,23,Cruzeiro,Nikão,89,Normal,89,0,2,89.0,76-90,2023,Santos,Cruzeiro,False
8248,23,Cruzeiro,Matheus Jussa,41,Normal,41,0,1,41.0,31-45,2023,Santos,Cruzeiro,False
8249,23,Corinthians,Pedro Henrique Silva dos Santos,33,Normal,33,0,1,33.0,31-45,2023,Fortaleza,Corinthians,False
8249,23,Fortaleza,Juan Martín Lucero,26,Normal,26,0,1,26.0,16-30,2023,Fortaleza,Corinthians,True
8249,23,Fortaleza,Yago Pikachu,90+4,Normal,90,4,2,90.04,90+,2023,Fortaleza,Corinthians,True
8250,23,Bahia,Thaciano,30,Normal,30,0,1,30.0,16-30,2023,Coritiba,Bahia,False
8250,23,Coritiba,Sebastián Gómez,2,Normal,2,0,1,2.0,0-15,2023,Coritiba,Bahia,True
8250,23,Bahia,Ademir,34,Normal,34,0,1,34.0,31-45,2023,Coritiba,Bahia,False
8250,23,Coritiba,Andrey,90+4,Normal,90,4,2,90.04,90+,2023,Coritiba,Bahia,True
8250,23,Bahia,Gabriel Teixeira,74,Normal,74,0,2,74.0,61-75,2023,Coritiba,Bahia,False
8250,23,Bahia,Rafael Ratão,11,Normal,11,0,1,11.0,0-15,2023,Coritiba,Bahia,False
8251,23,Bragantino,João Pedro Maturano dos Santos,20,Gol Contra,20,0,1,20.0,16-30,2023,Bragantino,Gremio,True
8251,23,Bragantino,Vitor Hugo Naum dos Santos,45+1,Normal,45,1,1,45.01,45+,2023,Bragantino,Gremio,True
8252,23,Cuiaba,Wellington Alves da Silva,41,Normal,41,0,1,41.0,31-45,2023,Cuiaba,America-MG,True
8252,23,America-MG,Rodriguinho,11,Normal,11,0,1,11.0,0-15,2023,Cuiaba,America-MG,False
8252,23,America-MG,Felipe Azevedo,32,Normal,32,0,1,32.0,31-45,2023,Cuiaba,America-MG,False
8252,23,Cuiaba,Deyverson,35,Penalty,35,0,1,35.0,31-45,2023,Cuiaba,America-MG,True
8253,23,Palmeiras,Breno Lopes,90+6,Normal,90,6,2,90.06,90+,2023,Palmeiras,Goias,True
8254,23,Vasco,Bruno Praxedes,23,Normal,23,0,1,23.0,16-30,2023,Vasco,Fluminense,True
8254,23,Fluminense,Marcelo Vieira da Silva Júnior,46,Normal,46,0,2,46.0,46-60,2023,Vasco,Fluminense,False
8254,23,Vasco,Pablo Vegetti,50,Normal,50,0,2,50.0,46-60,2023,Vasco,Fluminense,True
8254,23,Fluminense,Lima,56,Normal,56,0,2,56.0,46-60,2023,Vasco,Fluminense,False
8254,23,Vasco,Gabriel Pec,74,Normal,74,0,2,74.0,61-75,2023,Vasco,Fluminense,True
8254,23,Vasco,Gabriel Pec,85,Normal,85,0,2,85.0,76-90,2023,Vasco,Fluminense,True
8255,23,Atletico-MG,Paulinho,81,Normal,81,0,2,81.0,76-90,2023,Atletico-MG,Botafogo-RJ,True
8174,15,Gremio,Nathan,21,Normal,21,0,1,21.0,16-30,2023,Corinthians,Gremio,False
8174,15,Corinthians,Lucas Veríssimo,45+4,Normal,45,4,1,45.04,45+,2023,Corinthians,Gremio,True
8174,15,Gremio,Franco Cristaldo,27,Normal,27,0,1,27.0,16-30,2023,Corinthians,Gremio,False
8174,15,Corinthians,Fábio Santos,45,Penalty,45,0,1,45.0,31-45,2023,Corinthians,Gremio,True
8174,15,Corinthians,Yuri Alberto,45+6,Normal,45,6,1,45.06,45+,2023,Corinthians,Gremio,True
8174,15,Gremio,Everton,51,Normal,51,0,2,51.0,46-60,2023,Corinthians,Gremio,False
8174,15,Corinthians,Giuliano Victor de Paula,67,Normal,67,0,2,67.0,61-75,2023,Corinthians,Gremio,True
8174,15,Gremio,Luis Alberto Suárez,58,Normal,58,0,2,58.0,46-60,2023,Corinthians,Gremio,False
8256,24,Santos,Marcos Leonardo,73,Normal,73,0,2,73.0,61-75,2023,Bahia,Santos,False
8256,24,Santos,Julio Furch,90+4,Normal,90,4,2,90.04,90+,2023,Bahia,Santos,False
8256,24,Bahia,Camilo Cándido,59,Normal,59,0,2,59.0,46-60,2023,Bahia,Santos,True
8257,24,Bragantino,Jadsom,36,Normal,36,0,1,36.0,31-45,2023,America-MG,Bragantino,False
8257,24,Bragantino,Lucas Evangelista,90+10,Normal,90,10,2,90.1,90+,2023,America-MG,Bragantino,False
8259,24,Fluminense,Leo Fernández,67,Normal,67,0,2,67.0,61-75,2023,Fluminense,Cruzeiro,True
8260,24,Fortaleza,Juan Martín Lucero,53,Penalty,53,0,2,53.0,46-60,2023,Sao Paulo,Fortaleza,False
8260,24,Sao Paulo,James Rodríguez,79,Normal,79,0,2,79.0,76-90,2023,Sao Paulo,Fortaleza,True
8260,24,Fortaleza,José Welison,16,Normal,16,0,1,16.0,16-30,2023,Sao Paulo,Fortaleza,False
8261,24,Vasco,Rossicley Pereira da Silva,34,Normal,34,0,1,34.0,31-45,2023,Vasco,Coritiba,True
8261,24,Coritiba,Sebastián Gómez,80,Normal,80,0,2,80.0,76-90,2023,Vasco,Coritiba,False
8261,24,Vasco,Pablo Vegetti,50,Normal,50,0,2,50.0,46-60,2023,Vasco,Coritiba,True
8261,24,Vasco,Pablo Vegetti,63,Normal,63,0,2,63.0,61-75,2023,Vasco,Coritiba,True
8261,24,Vasco,Zé Gabriel,8,Normal,8,0,1,8.0,0-15,2023,Vasco,Coritiba,True
8261,24,Vasco,Gabriel Pec,81,Normal,81,0,2,81.0,76-90,2023,Vasco,Coritiba,True
8262,24,Athletico-PR,Erick Luis Conrado Carvalho,24,Normal,24,0,1,24.0,16-30,2023,Athletico-PR,Internacional,True
8262,24,Athletico-PR,Alex Paulo Menezes Santana,90,Normal,90,0,2,90.0,76-90,2023,Athletico-PR,Internacional,True
8262,24,Internacional,Carlos de Pena,36,Normal,36,0,1,36.0,31-45,2023,Athletico-PR,Internacional,False
8263,24,Gremio,João Pedro Maturano dos Santos,9,Normal,9,0,1,9.0,0-15,2023,Gremio,Palmeiras,True
8264,24,Corinthians,Carlos Gilberto do Nascimento Silva,59,Normal,59,0,2,59.0,46-60,2023,Corinthians,Botafogo-RJ,True
8265,24,Atletico-MG,Paulinho,42,Normal,42,0,1,42.0,31-45,2023,Atletico-MG,Cuiaba,True
8175,15,Vasco,Jair Rodrigues Júnior,90+1,Normal,90,1,2,90.01,90+,2023,America-MG,Vasco,False
8245,22,Sao Paulo,Luciano da Rocha Neves,45+13,Penalty,45,13,1,45.13,45+,2023,Sao Paulo,Coritiba,True
8245,22,Sao Paulo,Alan Franco,30,Normal,30,0,1,30.0,16-30,2023,Sao Paulo,Coritiba,True
8245,22,Coritiba,Islam Slimani,45+6,Normal,45,6,1,45.06,45+,2023,Sao Paulo,Coritiba,False
8266,25,Flamengo,Pedro,61,Penalty,61,0,2,61.0,61-75,2023,Flamengo,Bahia,True
8267,25,Fortaleza,Thiago Galhardo,44,Penalty,44,0,1,44.0,31-45,2023,Fortaleza,Gremio,True
8267,25,Gremio,Luis Alberto Suárez,80,Normal,80,0,2,80.0,76-90,2023,Fortaleza,Gremio,False
8268,25,Sao Paulo,Jonathan Calleri,40,Normal,40,0,1,40.0,31-45,2023,Sao Paulo,Corinthians,True
8268,25,Sao Paulo,Jonathan Calleri,45+2,Normal,45,2,1,45.02,45+,2023,Sao Paulo,Corinthians,True
8268,25,Corinthians,Ángel Romero,3,Normal,3,0,1,3.0,0-15,2023,Sao Paulo,Corinthians,False
8269,25,Cuiaba,Alan Empereur,64,Normal,64,0,2,64.0,61-75,2023,Cuiaba,Fluminense,True
8269,25,Cuiaba,Fernando Sobral,87,Normal,87,0,2,87.0,76-90,2023,Cuiaba,Fluminense,True
8269,25,Cuiaba,Clayson,57,Normal,57,0,2,57.0,46-60,2023,Cuiaba,Fluminense,True
8270,25,Atletico-MG,Hulk,73,Normal,73,0,2,73.0,61-75,2023,Internacional,Atletico-MG,False
8270,25,Atletico-MG,Igor Gomes,81,Normal,81,0,2,81.0,76-90,2023,Internacional,Atletico-MG,False
8271,25,Cruzeiro,Luciano Castán,21,Normal,21,0,1,21.0,16-30,2023,Cruzeiro,America-MG,True
8271,25,America-MG,Martín Benítez,28,Normal,28,0,1,28.0,16-30,2023,Cruzeiro,America-MG,False
8273,25,Santos,Marcos Leonardo,45+3,Normal,45,3,1,45.03,45+,2023,Santos,Vasco,True
8273,25,Santos,Tomás Rincón,45+1,Normal,45,1,1,45.01,45+,2023,Santos,Vasco,True
8273,25,Santos,Yeferson Soteldo,75,Normal,75,0,2,75.0,61-75,2023,Santos,Vasco,True
8273,25,Vasco,Pablo Vegetti,31,Normal,31,0,1,31.0,31-45,2023,Santos,Vasco,False
8273,25,Santos,Marcos Leonardo,15,Penalty,15,0,1,15.0,0-15,2023,Santos,Vasco,True
8272,25,Coritiba,Victor Luis,14,Normal,14,0,1,14.0,0-15,2023,Coritiba,Athletico-PR,True
8272,25,Coritiba,Islam Slimani,45+3,Normal,45,3,1,45.03,45+,2023,Coritiba,Athletico-PR,True
8274,25,Bragantino,Eric dos Santos Rodrigues,90,Normal,90,0,2,90.0,76-90,2023,Bragantino,Palmeiras,True
8274,25,Bragantino,Eduardo Sasha,61,Penalty,61,0,2,61.0,61-75,2023,Bragantino,Palmeiras,True
8274,25,Palmeiras,Endrick,15,Normal,15,0,1,15.0,0-15,2023,Bragantino,Palmeiras,False
8275,25,Botafogo-RJ,Tiquinho Soares,52,Normal,52,0,2,52.0,46-60,2023,Botafogo-RJ,Goias,True
8275,25,Goias,Lucas Halter,27,Normal,27,0,1,27.0,16-30,2023,Botafogo-RJ,Goias,False
8276,26,Goias,Guilherme,27,Normal,27,0,1,27.0,16-30,2023,Goias,Bahia,True
8276,26,Bahia,Everaldo Stum,37,Normal,37,0,1,37.0,31-45,2023,Goias,Bahia,False
8276,26,Bahia,Gabriel Teixeira,90+5,Normal,90,5,2,90.05,90+,2023,Goias,Bahia,False
8276,26,Goias,Matheus Babi,45+4,Normal,45,4,1,45.04,45+,2023,Goias,Bahia,True
8276,26,Bahia,Everaldo Stum,53,Normal,53,0,2,53.0,46-60,2023,Goias,Bahia,False
8276,26,Goias,Guilherme,45+2,Penalty,45,2,1,45.02,45+,2023,Goias,Bahia,True
8276,26,Goias,João Magno,50,Normal,50,0,2,50.0,46-60,2023,Goias,Bahia,True
8276,26,Bahia,Gilberto Moraes Júnior,18,Normal,18,0,1,18.0,16-30,2023,Goias,Bahia,False
8276,26,Bahia,Everaldo Stum,15,Normal,15,0,1,15.0,0-15,2023,Goias,Bahia,False
8276,26,Bahia,Rafael Ratão,56,Normal,56,0,2,56.0,46-60,2023,Goias,Bahia,False
8278,26,Flamengo,Gerson Santos da Silva,54,Normal,54,0,2,54.0,46-60,2023,Corinthians,Flamengo,False
8278,26,Corinthians,Fábio Santos,79,Penalty,79,0,2,79.0,76-90,2023,Corinthians,Flamengo,True
8279,26,Internacional,Alan Patrick,70,Normal,70,0,2,70.0,61-75,2023,Internacional,Gremio,True
8279,26,Gremio,João Pedro Maturano dos Santos,67,Normal,67,0,2,67.0,61-75,2023,Internacional,Gremio,False
8279,26,Internacional,Enner Valencia,6,Normal,6,0,1,6.0,0-15,2023,Internacional,Gremio,True
8279,26,Gremio,Luis Alberto Suárez,74,Normal,74,0,2,74.0,61-75,2023,Internacional,Gremio,False
8279,26,Internacional,Wanderson,49,Normal,49,0,2,49.0,46-60,2023,Internacional,Gremio,True
8281,26,Botafogo-RJ,Júnior Santos,20,Normal,20,0,1,20.0,16-30,2023,Fluminense,Botafogo-RJ,False
8281,26,Botafogo-RJ,Tiquinho Soares,22,Normal,22,0,1,22.0,16-30,2023,Fluminense,Botafogo-RJ,False
8280,26,Santos,Tomás Rincón,45+1,Normal,45,1,1,45.01,45+,2023,Palmeiras,Santos,False
8280,26,Santos,Marcos Leonardo,70,Normal,70,0,2,70.0,61-75,2023,Palmeiras,Santos,False
8280,26,Palmeiras,José Rafael Vivian,43,Normal,43,0,1,43.0,31-45,2023,Palmeiras,Santos,True
8282,26,Athletico-PR,Pablo Felipe Teixeira,40,Normal,40,0,1,40.0,31-45,2023,Athletico-PR,Bragantino,True
8282,26,Bragantino,Eric dos Santos Rodrigues,34,Normal,34,0,1,34.0,31-45,2023,Athletico-PR,Bragantino,False
8283,26,Coritiba,Islam Slimani,90+1,Normal,90,1,2,90.01,90+,2023,Atletico-MG,Coritiba,False
8283,26,Atletico-MG,Hulk,59,Normal,59,0,2,59.0,46-60,2023,Atletico-MG,Coritiba,True
8283,26,Coritiba,Matheus Bianqui,64,Normal,64,0,2,64.0,61-75,2023,Atletico-MG,Coritiba,False
8284,26,America-MG,Gonzalo Mastriani,23,Normal,23,0,1,23.0,16-30,2023,Fortaleza,America-MG,False
8284,26,Fortaleza,Juan Martín Lucero,31,Normal,31,0,1,31.0,31-45,2023,Fortaleza,America-MG,True
8284,26,Fortaleza,Imanol Machuca,56,Normal,56,0,2,56.0,46-60,2023,Fortaleza,America-MG,True
8284,26,Fortaleza,Bruno Pacheco,68,Normal,68,0,2,68.0,61-75,2023,Fortaleza,America-MG,True
8284,26,America-MG,Gonzalo Mastriani,18,Penalty,18,0,1,18.0,16-30,2023,Fortaleza,America-MG,False
8286,27,Gremio,Lucas Besozzi,7,Normal,7,0,1,7.0,0-15,2023,Gremio,Athletico-PR,True
8286,27,Athletico-PR,Bruno Zapelli,38,Normal,38,0,1,38.0,31-45,2023,Gremio,Athletico-PR,False
8286,27,Athletico-PR,Kaique Rocha,90+4,Normal,90,4,2,90.04,90+,2023,Gremio,Athletico-PR,False
8287,27,Cuiaba,Deyverson,24,Normal,24,0,1,24.0,16-30,2023,Coritiba,Cuiaba,False
8287,27,Cuiaba,Isidro Pitta,82,Normal,82,0,2,82.0,76-90,2023,Coritiba,Cuiaba,False
8287,27,Cuiaba,Raniele,88,Normal,88,0,2,88.0,76-90,2023,Coritiba,Cuiaba,False
8288,27,Botafogo-RJ,Júnior Santos,22,Normal,22,0,1,22.0,16-30,2023,America-MG,Botafogo-RJ,False
8288,27,Botafogo-RJ,Júnior Santos,50,Normal,50,0,2,50.0,46-60,2023,America-MG,Botafogo-RJ,False
8288,27,America-MG,Martín Benítez,39,Normal,39,0,1,39.0,31-45,2023,America-MG,Botafogo-RJ,True
8289,27,Goias,Hugo,10,Normal,10,0,1,10.0,0-15,2023,Goias,Sao Paulo,True
8289,27,Goias,Everton Morelli,45+5,Normal,45,5,1,45.05,45+,2023,Goias,Sao Paulo,True
8291,27,Vasco,Dimitri Payet,58,Normal,58,0,2,58.0,46-60,2023,Vasco,Fortaleza,True
8290,27,Bahia,Gabriel Teixeira,44,Normal,44,0,1,44.0,31-45,2023,Bahia,Internacional,True
8293,27,Flamengo,Ayrton Lucas Dantas de Medeiros,39,Normal,39,0,1,39.0,31-45,2023,Cruzeiro,Flamengo,False
8293,27,Flamengo,Pedro,44,Penalty,44,0,1,44.0,31-45,2023,Cruzeiro,Flamengo,False
8292,27,Atletico-MG,Hulk,2,Normal,2,0,1,2.0,0-15,2023,Palmeiras,Atletico-MG,False
8292,27,Atletico-MG,Paulinho,76,Normal,76,0,2,76.0,76-90,2023,Palmeiras,Atletico-MG,False
8294,27,Santos,Léo Ortiz,86,Gol Contra,86,0,2,86.0,76-90,2023,Santos,Bragantino,True
8294,27,Bragantino,Eduardo Sasha,9,Normal,9,0,1,9.0,0-15,2023,Santos,Bragantino,False
8294,27,Bragantino,Eduardo Sasha,29,Penalty,29,0,1,29.0,16-30,2023,Santos,Bragantino,False
8294,27,Bragantino,Eric dos Santos Rodrigues,47,Normal,47,0,2,47.0,46-60,2023,Santos,Bragantino,False
8295,27,Fluminense,Lima,56,Normal,56,0,2,56.0,46-60,2023,Fluminense,Corinthians,True
8295,27,Fluminense,Jhon Arias,84,Normal,84,0,2,84.0,76-90,2023,Fluminense,Corinthians,True
8295,27,Corinthians,Yuri Alberto,10,Normal,10,0,1,10.0,0-15,2023,Fluminense,Corinthians,False
8295,27,Corinthians,Fábio Santos,32,Penalty,32,0,1,32.0,31-45,2023,Fluminense,Corinthians,False
8295,27,Fluminense,Lima,22,Normal,22,0,1,22.0,16-30,2023,Fluminense,Corinthians,True
8295,27,Corinthians,Yuri Alberto,27,Normal,27,0,1,27.0,16-30,2023,Fluminense,Corinthians,False
8296,28,Cuiaba,Clayson,46,Normal,46,0,2,46.0,46-60,2023,Cuiaba,Goias,True
8296,28,Goias,Guilherme,45+8,Penalty,45,8,1,45.08,45+,2023,Cuiaba,Goias,False
8297,28,Sao Paulo,Michel Araújo,21,Normal,21,0,1,21.0,16-30,2023,Sao Paulo,Gremio,True
8297,28,Sao Paulo,Pablo Maia,68,Normal,68,0,2,68.0,61-75,2023,Sao Paulo,Gremio,True
8297,28,Sao Paulo,Luciano da Rocha Neves,90+7,Normal,90,7,2,90.07,90+,2023,Sao Paulo,Gremio,True
8298,28,Bahia,Kanu,22,Normal,22,0,1,22.0,16-30,2023,Bahia,Fortaleza,True
8298,28,Bahia,Rafael Ratão,90+6,Normal,90,6,2,90.06,90+,2023,Bahia,Fortaleza,True
8300,28,Cruzeiro,Jemerson de Jesus Nascimento,87,Gol Contra,87,0,2,87.0,76-90,2023,Atletico-MG,Cruzeiro,False
8301,28,Flamengo,Gerson Santos da Silva,76,Normal,76,0,2,76.0,76-90,2023,Flamengo,Vasco,True
8302,28,Internacional,Wanderson,39,Normal,39,0,1,39.0,31-45,2023,Internacional,Santos,True
8302,28,Internacional,Alan Patrick,14,Normal,14,0,1,14.0,0-15,2023,Internacional,Santos,True
8302,28,Internacional,Fabricio Bustos,54,Normal,54,0,2,54.0,46-60,2023,Internacional,Santos,True
8302,28,Internacional,Kevyson,1,Gol Contra,1,0,1,1.0,0-15,2023,Internacional,Santos,True
8302,28,Internacional,Enner Valencia,27,Normal,27,0,1,27.0,16-30,2023,Internacional,Santos,True
8302,28,Internacional,Luiz Adriano,75,Normal,75,0,2,75.0,61-75,2023,Internacional,Santos,True
8302,28,Internacional,Enner Valencia,61,Normal,61,0,2,61.0,61-75,2023,Internacional,Santos,True
8302,28,Santos,Maximiliano Silvera,80,Normal,80,0,2,80.0,76-90,2023,Internacional,Santos,False
8303,28,Bragantino,Eduardo Sasha,17,Penalty,17,0,1,17.0,16-30,2023,Bragantino,Fluminense,True
8305,28,Corinthians,Giuliano Victor de Paula,90+9,Normal,90,9,2,90.09,90+,2023,Corinthians,America-MG,True
8305,28,America-MG,Martín Benítez,38,Normal,38,0,1,38.0,31-45,2023,Corinthians,America-MG,False
8304,28,Palmeiras,Gustavo Gómez,33,Normal,33,0,1,33.0,31-45,2023,Coritiba,Palmeiras,False
8304,28,Palmeiras,Joaquín Piquerez,45+3,Normal,45,3,1,45.03,45+,2023,Coritiba,Palmeiras,False
8299,28,Botafogo-RJ,Tiquinho Soares,24,Normal,24,0,1,24.0,16-30,2023,Botafogo-RJ,Athletico-PR,True
8299,28,Athletico-PR,Pablo Felipe Teixeira,41,Normal,41,0,1,41.0,31-45,2023,Botafogo-RJ,Athletico-PR,False
8306,29,Bragantino,Talisson de Almeida,84,Normal,84,0,2,84.0,76-90,2023,Bragantino,Atletico-MG,True
8306,29,Atletico-MG,Igor Gomes,80,Normal,80,0,2,80.0,76-90,2023,Bragantino,Atletico-MG,False
8306,29,Atletico-MG,Hulk,36,Penalty,36,0,1,36.0,31-45,2023,Bragantino,Atletico-MG,False
8307,29,Athletico-PR,Vitor Bueno,45+3,Normal,45,3,1,45.03,45+,2023,Athletico-PR,America-MG,True
8307,29,America-MG,Gonzalo Mastriani,12,Normal,12,0,1,12.0,0-15,2023,Athletico-PR,America-MG,False
8307,29,Athletico-PR,Erick Luis Conrado Carvalho,28,Normal,28,0,1,28.0,16-30,2023,Athletico-PR,America-MG,True
8307,29,America-MG,Emmanuel Martínez,77,Normal,77,0,2,77.0,76-90,2023,Athletico-PR,America-MG,False
8307,29,Athletico-PR,Pablo Felipe Teixeira,45,Normal,45,0,1,45.0,31-45,2023,Athletico-PR,America-MG,True
8308,29,Fluminense,Jhon Arias,37,Normal,37,0,1,37.0,31-45,2023,Fluminense,Goias,True
8308,29,Goias,Matheus Babi,13,Normal,13,0,1,13.0,0-15,2023,Fluminense,Goias,False
8308,29,Fluminense,Jhon Arias,47,Normal,47,0,2,47.0,46-60,2023,Fluminense,Goias,True
8308,29,Goias,Julián Palacios,68,Normal,68,0,2,68.0,61-75,2023,Fluminense,Goias,False
8308,29,Fluminense,Keno,62,Normal,62,0,2,62.0,61-75,2023,Fluminense,Goias,True
8308,29,Fluminense,Keno,53,Penalty,53,0,2,53.0,46-60,2023,Fluminense,Goias,True
8308,29,Fluminense,Felipe Melo,17,Normal,17,0,1,17.0,16-30,2023,Fluminense,Goias,True
8308,29,Goias,Allano,5,Normal,5,0,1,5.0,0-15,2023,Fluminense,Goias,False
8310,29,Palmeiras,Breno Lopes,16,Normal,16,0,1,16.0,16-30,2023,Palmeiras,Sao Paulo,True
8310,29,Palmeiras,Breno Lopes,26,Normal,26,0,1,26.0,16-30,2023,Palmeiras,Sao Paulo,True
8310,29,Palmeiras,Joaquín Piquerez,87,Normal,87,0,2,87.0,76-90,2023,Palmeiras,Sao Paulo,True
8310,29,Palmeiras,Marcos Rocha,84,Normal,84,0,2,84.0,76-90,2023,Palmeiras,Sao Paulo,True
8310,29,Palmeiras,Joaquín Piquerez,45+7,Penalty,45,7,1,45.07,45+,2023,Palmeiras,Sao Paulo,True
8309,29,Cruzeiro,Marlon Rodrigues Xavier,53,Normal,53,0,2,53.0,46-60,2023,Cruzeiro,Bahia,True
8309,29,Cruzeiro,Kanu,19,Gol Contra,19,0,1,19.0,16-30,2023,Cruzeiro,Bahia,True
8309,29,Cruzeiro,Bruno Rodrigues,88,Normal,88,0,2,88.0,76-90,2023,Cruzeiro,Bahia,True
8311,29,Gremio,Aldemir Ferreira,76,Normal,76,0,2,76.0,76-90,2023,Gremio,Flamengo,True
8311,29,Flamengo,Luiz Araújo,89,Normal,89,0,2,89.0,76-90,2023,Gremio,Flamengo,False
8311,29,Gremio,Nathan Fernandes,81,Normal,81,0,2,81.0,76-90,2023,Gremio,Flamengo,True
8311,29,Gremio,André Henrique,86,Normal,86,0,2,86.0,76-90,2023,Gremio,Flamengo,True
8311,29,Flamengo,Everton Cebolinha,42,Normal,42,0,1,42.0,31-45,2023,Gremio,Flamengo,False
8312,29,Corinthians,Ángel Romero,77,Normal,77,0,2,77.0,76-90,2023,Cuiaba,Corinthians,False
8313,29,Internacional,Enner Valencia,59,Normal,59,0,2,59.0,46-60,2023,Vasco,Internacional,False
8313,29,Vasco,Alex Teixeira,84,Normal,84,0,2,84.0,76-90,2023,Vasco,Internacional,True
8313,29,Internacional,Maurício Magalhães Prado,20,Normal,20,0,1,20.0,16-30,2023,Vasco,Internacional,False
8314,29,Santos,Matheus Bianqui,4,Gol Contra,4,0,1,4.0,0-15,2023,Santos,Coritiba,True
8314,29,Coritiba,Robson Fernandes,11,Penalty,11,0,1,11.0,0-15,2023,Santos,Coritiba,False
8314,29,Santos,Marcos Leonardo,73,Normal,73,0,2,73.0,61-75,2023,Santos,Coritiba,True
8317,30,America-MG,Gonzalo Mastriani,49,Normal,49,0,2,49.0,46-60,2023,America-MG,Gremio,True
8317,30,Gremio,Everton,20,Normal,20,0,1,20.0,16-30,2023,America-MG,Gremio,False
8317,30,Gremio,Reinaldo Manoel da Silva,17,Penalty,17,0,1,17.0,16-30,2023,America-MG,Gremio,False
8317,30,America-MG,Rodriguinho,3,Normal,3,0,1,3.0,0-15,2023,America-MG,Gremio,True
8317,30,Gremio,Luis Alberto Suárez,71,Normal,71,0,2,71.0,61-75,2023,America-MG,Gremio,False
8317,30,America-MG,Gonzalo Mastriani,35,Normal,35,0,1,35.0,31-45,2023,America-MG,Gremio,True
8317,30,Gremio,Franco Cristaldo,78,Normal,78,0,2,78.0,76-90,2023,America-MG,Gremio,False
8316,30,Palmeiras,Raphael Cavalcante Veiga,38,Normal,38,0,1,38.0,31-45,2023,Palmeiras,Bahia,True
8318,30,Atletico-MG,Paulinho,62,Normal,62,0,2,62.0,61-75,2023,Atletico-MG,Fluminense,True
8318,30,Atletico-MG,Paulinho,83,Normal,83,0,2,83.0,76-90,2023,Atletico-MG,Fluminense,True
8319,30,Athletico-PR,Pablo Felipe Teixeira,7,Normal,7,0,1,7.0,0-15,2023,Athletico-PR,Sao Paulo,True
8319,30,Sao Paulo,Pablo Maia,10,Normal,10,0,1,10.0,0-15,2023,Athletico-PR,Sao Paulo,False
8320,30,Goias,Matheus Babi,90+2,Normal,90,2,2,90.02,90+,2023,Goias,Vasco,True
8320,30,Vasco,Pablo Vegetti,58,Normal,58,0,2,58.0,46-60,2023,Goias,Vasco,False
8321,30,Coritiba,Maurício Garcez,28,Normal,28,0,1,28.0,16-30,2023,Internacional,Coritiba,False
8321,30,Coritiba,Robson Fernandes,90,Penalty,90,0,2,90.0,76-90,2023,Internacional,Coritiba,False
8321,30,Coritiba,Matheus Bianqui,45+4,Normal,45,4,1,45.04,45+,2023,Internacional,Coritiba,False
8321,30,Internacional,Bruno Henrique Corsini,83,Normal,83,0,2,83.0,76-90,2023,Internacional,Coritiba,True
8321,30,Internacional,Alan Patrick,43,Penalty,43,0,1,43.0,31-45,2023,Internacional,Coritiba,True
8321,30,Internacional,Enner Valencia,90+12,Normal,90,12,2,90.12,90+,2023,Internacional,Coritiba,True
8321,30,Coritiba,Robson Fernandes,70,Penalty,70,0,2,70.0,61-75,2023,Internacional,Coritiba,False
8322,30,Santos,Stiven Mendoza,90+9,Penalty,90,9,2,90.09,90+,2023,Corinthians,Santos,False
8322,30,Corinthians,Jean Lucas Oliveira,57,Gol Contra,57,0,2,57.0,46-60,2023,Corinthians,Santos,True
8323,30,Cuiaba,Isidro Pitta,52,Normal,52,0,2,52.0,46-60,2023,Botafogo-RJ,Cuiaba,False
8326,31,Bahia,Everaldo Stum,40,Normal,40,0,1,40.0,31-45,2023,Bahia,Fluminense,True
8327,31,Internacional,Enner Valencia,15,Normal,15,0,1,15.0,0-15,2023,Internacional,America-MG,True
8327,31,America-MG,Marlon,74,Normal,74,0,2,74.0,61-75,2023,Internacional,America-MG,False
8328,31,Corinthians,Yuri Alberto,64,Normal,64,0,2,64.0,61-75,2023,Corinthians,Athletico-PR,True
8330,31,Santos,Gustavo Nonato,33,Normal,33,0,1,33.0,31-45,2023,Flamengo,Santos,False
8330,31,Santos,Joaquim Henrique,89,Normal,89,0,2,89.0,76-90,2023,Flamengo,Santos,False
8330,31,Flamengo,Pedro,21,Normal,21,0,1,21.0,16-30,2023,Flamengo,Santos,True
8329,31,Gremio,Mathías Villasanti,27,Normal,27,0,1,27.0,16-30,2023,Coritiba,Gremio,False
8329,31,Gremio,Aldemir Ferreira,83,Normal,83,0,2,83.0,76-90,2023,Coritiba,Gremio,False
8329,31,Coritiba,Robson Fernandes,60,Penalty,60,0,2,60.0,46-60,2023,Coritiba,Gremio,True
8331,31,Fortaleza,Juan Martín Lucero,44,Normal,44,0,1,44.0,31-45,2023,Atletico-MG,Fortaleza,False
8331,31,Atletico-MG,Paulinho,16,Normal,16,0,1,16.0,16-30,2023,Atletico-MG,Fortaleza,True
8331,31,Atletico-MG,Paulinho,56,Normal,56,0,2,56.0,46-60,2023,Atletico-MG,Fortaleza,True
8331,31,Atletico-MG,Hulk,61,Penalty,61,0,2,61.0,61-75,2023,Atletico-MG,Fortaleza,True
8332,31,Palmeiras,Endrick,49,Normal,49,0,2,49.0,46-60,2023,Botafogo-RJ,Palmeiras,False
8332,31,Botafogo-RJ,Carlos Eduardo de Oliveira Alves,21,Normal,21,0,1,21.0,16-30,2023,Botafogo-RJ,Palmeiras,True
8332,31,Palmeiras,Endrick,84,Normal,84,0,2,84.0,76-90,2023,Botafogo-RJ,Palmeiras,False
8332,31,Botafogo-RJ,Danilo Neves,30,Normal,30,0,1,30.0,16-30,2023,Botafogo-RJ,Palmeiras,True
8332,31,Palmeiras,José Manuel Alberto López,89,Normal,89,0,2,89.0,76-90,2023,Botafogo-RJ,Palmeiras,False
8332,31,Botafogo-RJ,Júnior Santos,36,Normal,36,0,1,36.0,31-45,2023,Botafogo-RJ,Palmeiras,True
8332,31,Palmeiras,Murilo Cerqueira,90+9,Normal,90,9,2,90.09,90+,2023,Botafogo-RJ,Palmeiras,False
8333,31,Vasco,Gabriel Pec,57,Normal,57,0,2,57.0,46-60,2023,Cuiaba,Vasco,False
8333,31,Vasco,Luca Orellano,90+10,Normal,90,10,2,90.1,90+,2023,Cuiaba,Vasco,False
8334,31,Bragantino,Thiago Borbas,45,Normal,45,0,1,45.0,31-45,2023,Goias,Bragantino,False
8334,31,Bragantino,Talisson de Almeida,90,Normal,90,0,2,90.0,76-90,2023,Goias,Bragantino,False
8335,31,Sao Paulo,Luciano da Rocha Neves,84,Normal,84,0,2,84.0,76-90,2023,Sao Paulo,Cruzeiro,True
8336,32,Gremio,Luis Alberto Suárez,70,Normal,70,0,2,70.0,61-75,2023,Gremio,Bahia,True
8337,32,America-MG,Gonzalo Mastriani,66,Normal,66,0,2,66.0,61-75,2023,America-MG,Atletico-MG,True
8337,32,Atletico-MG,Paulinho,80,Normal,80,0,2,80.0,76-90,2023,America-MG,Atletico-MG,False
8338,32,Palmeiras,Endrick,6,Normal,6,0,1,6.0,0-15,2023,Palmeiras,Athletico-PR,True
8339,32,Cruzeiro,Bruno Rodrigues,90+2,Penalty,90,2,2,90.02,90+,2023,Cruzeiro,Internacional,True
8339,32,Internacional,Maurício Magalhães Prado,14,Normal,14,0,1,14.0,0-15,2023,Cruzeiro,Internacional,False
8339,32,Internacional,Wanderson,52,Normal,52,0,2,52.0,46-60,2023,Cruzeiro,Internacional,False
8341,32,Flamengo,Pedro,45,Normal,45,0,1,45.0,31-45,2023,Fortaleza,Flamengo,False
8341,32,Flamengo,Luiz Araújo,87,Normal,87,0,2,87.0,76-90,2023,Fortaleza,Flamengo,False
8340,32,Bragantino,Hélio Junio Nunes de Castro,29,Normal,29,0,1,29.0,16-30,2023,Bragantino,Corinthians,True
8342,32,Goias,Raphael Guzzo,70,Normal,70,0,2,70.0,61-75,2023,Coritiba,Goias,False
8343,32,Vasco,Paulo,29,Normal,29,0,1,29.0,16-30,2023,Vasco,Botafogo-RJ,True
8347,33,Coritiba,Bruno Gomes,22,Normal,22,0,1,22.0,16-30,2023,America-MG,Coritiba,False
8347,33,Coritiba,Marcelino Moreno,35,Normal,35,0,1,35.0,31-45,2023,America-MG,Coritiba,False
8347,33,Coritiba,Robson Fernandes,69,Normal,69,0,2,69.0,61-75,2023,America-MG,Coritiba,False
8348,33,Athletico-PR,Willian Gomes de Siqueira,57,Normal,57,0,2,57.0,46-60,2023,Athletico-PR,Fortaleza,True
8348,33,Fortaleza,Guilherme,54,Normal,54,0,2,54.0,46-60,2023,Athletico-PR,Fortaleza,False
8349,33,Sao Paulo,Erison Danilo de Souza,90+3,Penalty,90,3,2,90.03,90+,2023,Sao Paulo,Bragantino,True
8350,33,Flamengo,Giorgian De Arrascaeta,29,Normal,29,0,1,29.0,16-30,2023,Flamengo,Palmeiras,True
8350,33,Flamengo,Pedro,18,Normal,18,0,1,18.0,16-30,2023,Flamengo,Palmeiras,True
8350,33,Flamengo,Pedro,64,Normal,64,0,2,64.0,61-75,2023,Flamengo,Palmeiras,True
8351,33,Santos,Julio Furch,87,Normal,87,0,2,87.0,76-90,2023,Goias,Santos,False
8352,33,Corinthians,Ángel Romero,23,Normal,23,0,1,23.0,16-30,2023,Corinthians,Atletico-MG,True
8352,33,Atletico-MG,Paulinho,67,Normal,67,0,2,67.0,61-75,2023,Corinthians,Atletico-MG,False
8354,33,Botafogo-RJ,Marlon Freitas,46,Normal,46,0,2,46.0,46-60,2023,Botafogo-RJ,Gremio,True
8354,33,Gremio,Luis Alberto Suárez,69,Normal,69,0,2,69.0,61-75,2023,Botafogo-RJ,Gremio,False
8354,33,Gremio,Everton,9,Normal,9,0,1,9.0,0-15,2023,Botafogo-RJ,Gremio,False
8354,33,Botafogo-RJ,Diego Costa,6,Normal,6,0,1,6.0,0-15,2023,Botafogo-RJ,Gremio,True
8354,33,Gremio,Luis Alberto Suárez,50,Normal,50,0,2,50.0,46-60,2023,Botafogo-RJ,Gremio,False
8354,33,Botafogo-RJ,Júnior Santos,29,Normal,29,0,1,29.0,16-30,2023,Botafogo-RJ,Gremio,True
8354,33,Gremio,Luis Alberto Suárez,53,Normal,53,0,2,53.0,46-60,2023,Botafogo-RJ,Gremio,False
8353,33,Cuiaba,Isidro Pitta,77,Normal,77,0,2,77.0,76-90,2023,Bahia,Cuiaba,False
8353,33,Cuiaba,Ronald,90+8,Normal,90,8,2,90.08,90+,2023,Bahia,Cuiaba,False
8353,33,Cuiaba,Deyverson,22,Penalty,22,0,1,22.0,16-30,2023,Bahia,Cuiaba,False
8356,34,Coritiba,Robson Fernandes,90+1,Normal,90,1,2,90.01,90+,2023,Coritiba,Cruzeiro,True
8357,34,Flamengo,Giorgian De Arrascaeta,45+2,Normal,45,2,1,45.02,45+,2023,Flamengo,Fluminense,True
8357,34,Fluminense,Yony González,62,Normal,62,0,2,62.0,61-75,2023,Flamengo,Fluminense,False
8358,34,Palmeiras,Endrick,59,Normal,59,0,2,59.0,46-60,2023,Palmeiras,Internacional,True
8358,34,Palmeiras,Rony,88,Normal,88,0,2,88.0,76-90,2023,Palmeiras,Internacional,True
8358,34,Palmeiras,José Rafael Vivian,38,Normal,38,0,1,38.0,31-45,2023,Palmeiras,Internacional,True
8359,34,Botafogo-RJ,João Victor Santos Sá,35,Normal,35,0,1,35.0,31-45,2023,Bragantino,Botafogo-RJ,False
8359,34,Botafogo-RJ,Carlos Eduardo de Oliveira Alves,37,Normal,37,0,1,37.0,31-45,2023,Bragantino,Botafogo-RJ,False
8359,34,Bragantino,Thiago Borbas,3,Normal,3,0,1,3.0,0-15,2023,Bragantino,Botafogo-RJ,True
8359,34,Bragantino,Thiago Borbas,90+6,Normal,90,6,2,90.06,90+,2023,Bragantino,Botafogo-RJ,True
8360,34,Corinthians,Ángel Romero,32,Normal,32,0,1,32.0,31-45,2023,Gremio,Corinthians,False
8362,34,Vasco,Dimitri Payet,90+4,Normal,90,4,2,90.04,90+,2023,Vasco,America-MG,True
8362,34,America-MG,Gonzalo Mastriani,13,Normal,13,0,1,13.0,0-15,2023,Vasco,America-MG,False
8362,34,Vasco,Pablo Vegetti,4,Normal,4,0,1,4.0,0-15,2023,Vasco,America-MG,True
8363,34,Atletico-MG,Hulk,41,Penalty,41,0,1,41.0,31-45,2023,Atletico-MG,Goias,True
8363,34,Atletico-MG,Guilherme Arana,70,Normal,70,0,2,70.0,61-75,2023,Atletico-MG,Goias,True
8363,34,Goias,Dodô,88,Normal,88,0,2,88.0,76-90,2023,Atletico-MG,Goias,False
8365,34,Cuiaba,Deyverson,6,Normal,6,0,1,6.0,0-15,2023,Cuiaba,Fortaleza,True
8365,34,Fortaleza,Yago Pikachu,90+8,Normal,90,8,2,90.08,90+,2023,Cuiaba,Fortaleza,False
8365,34,Cuiaba,Isidro Pitta,90+2,Penalty,90,2,2,90.02,90+,2023,Cuiaba,Fortaleza,True
8364,34,Athletico-PR,Agustín Canobbio,87,Normal,87,0,2,87.0,76-90,2023,Bahia,Athletico-PR,False
8364,34,Bahia,Everaldo Stum,73,Penalty,73,0,2,73.0,61-75,2023,Bahia,Athletico-PR,True
8324,30,Cruzeiro,Bruno Rodrigues,80,Normal,80,0,2,80.0,76-90,2023,Fortaleza,Cruzeiro,False
8345,32,Fluminense,Germán Cano,54,Normal,54,0,2,54.0,46-60,2023,Fluminense,Sao Paulo,True
8355,33,Cruzeiro,Arthur Gomes,41,Normal,41,0,1,41.0,31-45,2023,Cruzeiro,Vasco,True
8355,33,Vasco,José Luis Rodríguez Bebanz,15,Normal,15,0,1,15.0,0-15,2023,Cruzeiro,Vasco,False
8355,33,Cruzeiro,Bruno Rodrigues,45+9,Penalty,45,9,1,45.09,45+,2023,Cruzeiro,Vasco,True
8355,33,Vasco,Gabriel Pec,77,Normal,77,0,2,77.0,76-90,2023,Cruzeiro,Vasco,False
8315,29,Botafogo-RJ,Danilo Barbosa da Silva,78,Normal,78,0,2,78.0,76-90,2023,Fortaleza,Botafogo-RJ,False
8315,29,Botafogo-RJ,Emanuel Brítez,20,Gol Contra,20,0,1,20.0,16-30,2023,Fortaleza,Botafogo-RJ,False
8315,29,Fortaleza,Yago Pikachu,8,Normal,8,0,1,8.0,0-15,2023,Fortaleza,Botafogo-RJ,True
8315,29,Fortaleza,Guilherme,41,Normal,41,0,1,41.0,31-45,2023,Fortaleza,Botafogo-RJ,True
8325,30,Flamengo,Giorgian De Arrascaeta,75,Normal,75,0,2,75.0,61-75,2023,Flamengo,Bragantino,True
8366,35,Bahia,Julio Cesar de Rezende Miranda,4,Normal,4,0,1,4.0,0-15,2023,Corinthians,Bahia,False
8366,35,Bahia,Thaciano,85,Penalty,85,0,2,85.0,76-90,2023,Corinthians,Bahia,False
8366,35,Bahia,Cauly,16,Normal,16,0,1,16.0,16-30,2023,Corinthians,Bahia,False
8366,35,Bahia,Ademir,75,Normal,75,0,2,75.0,61-75,2023,Corinthians,Bahia,False
8366,35,Corinthians,Renato Augusto,67,Normal,67,0,2,67.0,61-75,2023,Corinthians,Bahia,True
8366,35,Bahia,Thaciano,29,Penalty,29,0,1,29.0,16-30,2023,Corinthians,Bahia,False
8368,35,Fluminense,John Kennedy,63,Normal,63,0,2,63.0,61-75,2023,Fluminense,Coritiba,True
8368,35,Coritiba,Jesé Rodríguez,90,Normal,90,0,2,90.0,76-90,2023,Fluminense,Coritiba,False
8368,35,Fluminense,Germán Cano,45+1,Normal,45,1,1,45.01,45+,2023,Fluminense,Coritiba,True
8369,35,Atletico-MG,Hulk,58,Normal,58,0,2,58.0,46-60,2023,Atletico-MG,Gremio,True
8369,35,Atletico-MG,Guilherme Arana,25,Normal,25,0,1,25.0,16-30,2023,Atletico-MG,Gremio,True
8369,35,Atletico-MG,Matías Zaracho,50,Normal,50,0,2,50.0,46-60,2023,Atletico-MG,Gremio,True
8370,35,Botafogo-RJ,Danilo Barbosa da Silva,11,Normal,11,0,1,11.0,0-15,2023,Botafogo-RJ,Santos,True
8370,35,Santos,Messias Rodrigues da Silva Júnior,90,Normal,90,0,2,90.0,76-90,2023,Botafogo-RJ,Santos,False
8373,35,Internacional,Enner Valencia,30,Penalty,30,0,1,30.0,16-30,2023,Internacional,Bragantino,True
8371,35,Flamengo,Pedro,50,Normal,50,0,2,50.0,46-60,2023,America-MG,Flamengo,False
8371,35,Flamengo,Éverton Ribeiro,85,Normal,85,0,2,85.0,76-90,2023,America-MG,Flamengo,False
8371,35,Flamengo,Everton Cebolinha,29,Normal,29,0,1,29.0,16-30,2023,America-MG,Flamengo,False
8374,35,Palmeiras,Raphael Cavalcante Veiga,66,Normal,66,0,2,66.0,61-75,2023,Fortaleza,Palmeiras,False
8374,35,Palmeiras,José Rafael Vivian,77,Normal,77,0,2,77.0,76-90,2023,Fortaleza,Palmeiras,False
8374,35,Fortaleza,Thiago Galhardo,20,Normal,20,0,1,20.0,16-30,2023,Fortaleza,Palmeiras,True
8374,35,Fortaleza,Calebe Gonçalves Ferreira da Silva,70,Normal,70,0,2,70.0,61-75,2023,Fortaleza,Palmeiras,True
8375,35,Cruzeiro,Robert,90+6,Normal,90,6,2,90.06,90+,2023,Goias,Cruzeiro,False
8376,36,Vasco,Pablo Vegetti,25,Normal,25,0,1,25.0,16-30,2023,Vasco,Corinthians,True
8376,36,Corinthians,Giovane,90+4,Normal,90,4,2,90.04,90+,2023,Vasco,Corinthians,False
8376,36,Corinthians,Ángel Romero,13,Normal,13,0,1,13.0,0-15,2023,Vasco,Corinthians,False
8376,36,Corinthians,Ángel Romero,45,Normal,45,0,1,45.0,31-45,2023,Vasco,Corinthians,False
8376,36,Vasco,José Luis Rodríguez Bebanz,3,Normal,3,0,1,3.0,0-15,2023,Vasco,Corinthians,True
8376,36,Corinthians,Gabriel Moscardo,61,Normal,61,0,2,61.0,61-75,2023,Vasco,Corinthians,False
8377,36,Fluminense,Martinelli,10,Normal,10,0,1,10.0,0-15,2023,Santos,Fluminense,False
8377,36,Fluminense,Jhon Arias,36,Normal,36,0,1,36.0,31-45,2023,Santos,Fluminense,False
8377,36,Fluminense,Germán Cano,59,Normal,59,0,2,59.0,46-60,2023,Santos,Fluminense,False
8378,36,Atletico-MG,Paulinho,8,Normal,8,0,1,8.0,0-15,2023,Flamengo,Atletico-MG,False
8378,36,Atletico-MG,Edenílson Andrade dos Santos,47,Normal,47,0,2,47.0,46-60,2023,Flamengo,Atletico-MG,False
8378,36,Atletico-MG,Rubens,82,Normal,82,0,2,82.0,76-90,2023,Flamengo,Atletico-MG,False
8380,36,Internacional,Enner Valencia,52,Normal,52,0,2,52.0,46-60,2023,Cuiaba,Internacional,False
8380,36,Internacional,Pedro Henrique Konzen,89,Normal,89,0,2,89.0,76-90,2023,Cuiaba,Internacional,False
8379,36,Sao Paulo,Caio Paulista,90+7,Normal,90,7,2,90.07,90+,2023,Bahia,Sao Paulo,False
8381,36,Coritiba,Edu,90+9,Normal,90,9,2,90.09,90+,2023,Coritiba,Botafogo-RJ,True
8381,36,Botafogo-RJ,Tiquinho Soares,90+7,Penalty,90,7,2,90.07,90+,2023,Coritiba,Botafogo-RJ,False
8382,36,Palmeiras,José Manuel Alberto López,88,Normal,88,0,2,88.0,76-90,2023,Palmeiras,America-MG,True
8382,36,Palmeiras,José Manuel Alberto López,90+2,Normal,90,2,2,90.02,90+,2023,Palmeiras,America-MG,True
8382,36,Palmeiras,Éder,40,Gol Contra,40,0,1,40.0,31-45,2023,Palmeiras,America-MG,True
8382,36,Palmeiras,Endrick,2,Normal,2,0,1,2.0,0-15,2023,Palmeiras,America-MG,True
8383,36,Goias,Everton Morelli,28,Normal,28,0,1,28.0,16-30,2023,Gremio,Goias,False
8383,36,Gremio,Aldemir Ferreira,50,Normal,50,0,2,50.0,46-60,2023,Gremio,Goias,True
8383,36,Gremio,Franco Cristaldo,56,Normal,56,0,2,56.0,46-60,2023,Gremio,Goias,True
8384,36,Cruzeiro,Matheus Pereira,84,Normal,84,0,2,84.0,76-90,2023,Cruzeiro,Athletico-PR,True
8384,36,Athletico-PR,Vitor Roque,65,Normal,65,0,2,65.0,61-75,2023,Cruzeiro,Athletico-PR,False
8385,36,Fortaleza,Yago Pikachu,14,Normal,14,0,1,14.0,0-15,2023,Bragantino,Fortaleza,False
8385,36,Fortaleza,Calebe Gonçalves Ferreira da Silva,23,Normal,23,0,1,23.0,16-30,2023,Bragantino,Fortaleza,False
8385,36,Bragantino,Eduardo Sasha,45+3,Normal,45,3,1,45.03,45+,2023,Bragantino,Fortaleza,True
8386,37,Internacional,Wanderson,66,Normal,66,0,2,66.0,61-75,2023,Corinthians,Internacional,False
8386,37,Corinthians,Ángel Romero,57,Normal,57,0,2,57.0,46-60,2023,Corinthians,Internacional,True
8386,37,Internacional,Maurício Magalhães Prado,35,Normal,35,0,1,35.0,31-45,2023,Corinthians,Internacional,False
8387,37,Sao Paulo,Luciano da Rocha Neves,90+1,Penalty,90,1,2,90.01,90+,2023,Atletico-MG,Sao Paulo,False
8387,37,Atletico-MG,Hulk,77,Normal,77,0,2,77.0,76-90,2023,Atletico-MG,Sao Paulo,True
8387,37,Atletico-MG,Paulinho,90+4,Normal,90,4,2,90.04,90+,2023,Atletico-MG,Sao Paulo,True
8388,37,Flamengo,Pedro,45+4,Normal,45,4,1,45.04,45+,2023,Flamengo,Cuiaba,True
8388,37,Cuiaba,Clayson,79,Penalty,79,0,2,79.0,76-90,2023,Flamengo,Cuiaba,False
8388,37,Flamengo,Luiz Araújo,6,Normal,6,0,1,6.0,0-15,2023,Flamengo,Cuiaba,True
8389,37,Palmeiras,Breno Lopes,30,Normal,30,0,1,30.0,16-30,2023,Palmeiras,Fluminense,True
8391,37,America-MG,Renato Marques,47,Normal,47,0,2,47.0,46-60,2023,America-MG,Bahia,True
8391,37,Bahia,Ademir,57,Normal,57,0,2,57.0,46-60,2023,America-MG,Bahia,False
8391,37,Bahia,Everaldo Stum,26,Penalty,26,0,1,26.0,16-30,2023,America-MG,Bahia,False
8391,37,America-MG,Ricardo Silva,29,Normal,29,0,1,29.0,16-30,2023,America-MG,Bahia,True
8391,37,America-MG,Renato Marques,38,Normal,38,0,1,38.0,31-45,2023,America-MG,Bahia,True
8392,37,Fortaleza,Guilherme,6,Normal,6,0,1,6.0,0-15,2023,Fortaleza,Goias,True
8393,37,Bragantino,Léo Ortiz,75,Normal,75,0,2,75.0,61-75,2023,Bragantino,Coritiba,True
8395,37,Athletico-PR,Vitor Bueno,45+6,Normal,45,6,1,45.06,45+,2023,Athletico-PR,Santos,True
8395,37,Athletico-PR,Madson,75,Normal,75,0,2,75.0,61-75,2023,Athletico-PR,Santos,True
8395,37,Athletico-PR,Willian Gomes de Siqueira,90+3,Normal,90,3,2,90.03,90+,2023,Athletico-PR,Santos,True
8394,37,Gremio,Luis Alberto Suárez,46,Normal,46,0,2,46.0,46-60,2023,Gremio,Vasco,True
8396,38,Goias,Luis Felipe Oyama,33,Normal,33,0,1,33.0,31-45,2023,Goias,America-MG,True
8397,38,Botafogo-RJ,Janderson,47,Normal,47,0,2,47.0,46-60,2023,Internacional,Botafogo-RJ,False
8397,38,Internacional,Enner Valencia,19,Normal,19,0,1,19.0,16-30,2023,Internacional,Botafogo-RJ,True
8397,38,Internacional,Alan Patrick,50,Normal,50,0,2,50.0,46-60,2023,Internacional,Botafogo-RJ,True
8397,38,Internacional,Pedro Henrique Konzen,53,Normal,53,0,2,53.0,46-60,2023,Internacional,Botafogo-RJ,True
8398,38,Corinthians,Fausto Vera,11,Normal,11,0,1,11.0,0-15,2023,Coritiba,Corinthians,False
8398,38,Corinthians,Ángel Romero,21,Normal,21,0,1,21.0,16-30,2023,Coritiba,Corinthians,False
8399,38,Gremio,Luis Alberto Suárez,64,Penalty,64,0,2,64.0,61-75,2023,Fluminense,Gremio,False
8399,38,Gremio,Luis Alberto Suárez,43,Normal,43,0,1,43.0,31-45,2023,Fluminense,Gremio,False
8399,38,Gremio,Everton,45,Normal,45,0,1,45.0,31-45,2023,Fluminense,Gremio,False
8399,38,Fluminense,Jhon Arias,34,Penalty,34,0,1,34.0,31-45,2023,Fluminense,Gremio,True
8399,38,Fluminense,John Kennedy,81,Normal,81,0,2,81.0,76-90,2023,Fluminense,Gremio,True
8400,38,Cruzeiro,Nikão,80,Normal,80,0,2,80.0,76-90,2023,Cruzeiro,Palmeiras,True
8400,38,Palmeiras,Endrick,21,Normal,21,0,1,21.0,16-30,2023,Cruzeiro,Palmeiras,False
8401,38,Bahia,Cauly,11,Normal,11,0,1,11.0,0-15,2023,Bahia,Atletico-MG,True
8401,38,Atletico-MG,Paulinho,36,Normal,36,0,1,36.0,31-45,2023,Bahia,Atletico-MG,False
8401,38,Bahia,Luciano Juba,45+7,Normal,45,7,1,45.07,45+,2023,Bahia,Atletico-MG,True
8401,38,Bahia,Thaciano,67,Normal,67,0,2,67.0,61-75,2023,Bahia,Atletico-MG,True
8401,38,Bahia,Ademir,90+2,Normal,90,2,2,90.02,90+,2023,Bahia,Atletico-MG,True
8402,38,Cuiaba,Clayson,13,Penalty,13,0,1,13.0,0-15,2023,Cuiaba,Athletico-PR,True
8402,38,Cuiaba,Clayson,90+6,Normal,90,6,2,90.06,90+,2023,Cuiaba,Athletico-PR,True
8402,38,Cuiaba,Derik Lacerda,17,Normal,17,0,1,17.0,16-30,2023,Cuiaba,Athletico-PR,True
8403,38,Fortaleza,Mário Sérgio Santos Costa,39,Normal,39,0,1,39.0,31-45,2023,Santos,Fortaleza,False
8403,38,Fortaleza,Juan Martín Lucero,90+6,Normal,90,6,2,90.06,90+,2023,Santos,Fortaleza,False
8403,38,Santos,Messias Rodrigues da Silva Júnior,58,Normal,58,0,2,58.0,46-60,2023,Santos,Fortaleza,True
8404,38,Sao Paulo,Luciano da Rocha Neves,26,Normal,26,0,1,26.0,16-30,2023,Sao Paulo,Flamengo,True
8405,38,Vasco,Sergio Antonio De Luiz Junior,82,Normal,82,0,2,82.0,76-90,2023,Vasco,Bragantino,True
8405,38,Bragantino,Léo Ortiz,63,Normal,63,0,2,63.0,61-75,2023,Vasco,Bragantino,False
8405,38,Vasco,Paulinho,29,Normal,29,0,1,29.0,16-30,2023,Vasco,Bragantino,True
8406,1,Bahia,Gabriel Teixeira,70,Normal,70,0,2,70.0,61-75,2024,Internacional,Bahia,False
8406,1,Internacional,Wesley Ribeiro Silva,72,Normal,72,0,2,72.0,61-75,2024,Internacional,Bahia,True
8406,1,Internacional,Fernando Reges,83,Normal,83,0,2,83.0,76-90,2024,Internacional,Bahia,True
8407,1,Criciuma,Renato Kayzer,36,Normal,36,0,1,36.0,31-45,2024,Criciuma,Juventude,True
8407,1,Juventude,Jean Carlos,64,Normal,64,0,2,64.0,61-75,2024,Criciuma,Juventude,False
8408,1,Fluminense,Lima,68,Normal,68,0,2,68.0,61-75,2024,Fluminense,Bragantino,True
8408,1,Bragantino,Eduardo Sasha,47,Normal,47,0,2,47.0,46-60,2024,Fluminense,Bragantino,False
8408,1,Bragantino,Thiago Borbas,52,Normal,52,0,2,52.0,46-60,2024,Fluminense,Bragantino,False
8408,1,Fluminense,Lima,45+4,Normal,45,4,1,45.04,45+,2024,Fluminense,Bragantino,True
8409,1,Fortaleza,Juan Martín Lucero,66,Normal,66,0,2,66.0,61-75,2024,Sao Paulo,Fortaleza,False
8409,1,Fortaleza,Imanol Machuca,80,Normal,80,0,2,80.0,76-90,2024,Sao Paulo,Fortaleza,False
8409,1,Sao Paulo,André Silva,84,Normal,84,0,2,84.0,76-90,2024,Sao Paulo,Fortaleza,True
8411,1,Athletico-PR,Gonzalo Mastriani,81,Normal,81,0,2,81.0,76-90,2024,Athletico-PR,Cuiaba,True
8411,1,Athletico-PR,Pablo Felipe Teixeira,23,Normal,23,0,1,23.0,16-30,2024,Athletico-PR,Cuiaba,True
8411,1,Athletico-PR,Agustín Canobbio,37,Normal,37,0,1,37.0,31-45,2024,Athletico-PR,Cuiaba,True
8411,1,Athletico-PR,Leonardo Godoy,39,Normal,39,0,1,39.0,31-45,2024,Athletico-PR,Cuiaba,True
8410,1,Gremio,Gustavo Martins,68,Normal,68,0,2,68.0,61-75,2024,Vasco,Gremio,False
8410,1,Vasco,David Corrêa da Fonseca,24,Normal,24,0,1,24.0,16-30,2024,Vasco,Gremio,True
8410,1,Vasco,Mateus Carvalho,37,Normal,37,0,1,37.0,31-45,2024,Vasco,Gremio,True
8412,1,Atletico-GO,Luiz Fernando Moraes dos Santos,63,Normal,63,0,2,63.0,61-75,2024,Atletico-GO,Flamengo,True
8412,1,Flamengo,Pedro,90+13,Penalty,90,13,2,90.13,90+,2024,Atletico-GO,Flamengo,False
8412,1,Flamengo,Nicolás de la Cruz,45+6,Normal,45,6,1,45.06,45+,2024,Atletico-GO,Flamengo,False
8414,1,Cruzeiro,Rafael da Silva,64,Normal,64,0,2,64.0,61-75,2024,Cruzeiro,Botafogo-RJ,True
8414,1,Cruzeiro,Rafael Elias,90+1,Normal,90,1,2,90.01,90+,2024,Cruzeiro,Botafogo-RJ,True
8414,1,Botafogo-RJ,Tiquinho Soares,5,Normal,5,0,1,5.0,0-15,2024,Cruzeiro,Botafogo-RJ,False
8414,1,Cruzeiro,Lucas Silva Borges,20,Normal,20,0,1,20.0,16-30,2024,Cruzeiro,Botafogo-RJ,True
8414,1,Botafogo-RJ,Danilo Barbosa da Silva,83,Normal,83,0,2,83.0,76-90,2024,Cruzeiro,Botafogo-RJ,False
8415,1,Palmeiras,Richard Ríos,20,Normal,20,0,1,20.0,16-30,2024,Vitoria,Palmeiras,False
8416,2,Bahia,Caio Alexandre,34,Normal,34,0,1,34.0,31-45,2024,Bahia,Fluminense,True
8416,2,Bahia,Cauly,61,Normal,61,0,2,61.0,61-75,2024,Bahia,Fluminense,True
8416,2,Fluminense,Germán Cano,4,Normal,4,0,1,4.0,0-15,2024,Bahia,Fluminense,False
8418,2,Gremio,Yeferson Soteldo,51,Normal,51,0,2,51.0,46-60,2024,Gremio,Athletico-PR,True
8418,2,Gremio,Franco Cristaldo,19,Normal,19,0,1,19.0,16-30,2024,Gremio,Athletico-PR,True
8417,2,Bragantino,Ignacio Laquintana,7,Normal,7,0,1,7.0,0-15,2024,Bragantino,Vasco,True
8417,2,Bragantino,Vitor Hugo Naum dos Santos,78,Normal,78,0,2,78.0,76-90,2024,Bragantino,Vasco,True
8417,2,Vasco,Pablo Vegetti,63,Normal,63,0,2,63.0,61-75,2024,Bragantino,Vasco,False
8421,2,Atletico-MG,Gustavo Scarpa,40,Normal,40,0,1,40.0,31-45,2024,Atletico-MG,Criciuma,True
8421,2,Criciuma,Matheus Leonardo Sales Cardoso,84,Normal,84,0,2,84.0,76-90,2024,Atletico-MG,Criciuma,False
8419,2,Fortaleza,Hércules,19,Normal,19,0,1,19.0,16-30,2024,Fortaleza,Cruzeiro,True
8419,2,Cruzeiro,Mateus Vital,89,Normal,89,0,2,89.0,76-90,2024,Fortaleza,Cruzeiro,False
8422,2,Juventude,Jean Carlos,53,Normal,53,0,2,53.0,46-60,2024,Juventude,Corinthians,True
8422,2,Juventude,Lucas Barbosa,59,Normal,59,0,2,59.0,46-60,2024,Juventude,Corinthians,True
8420,2,Internacional,Wesley Ribeiro Silva,45,Normal,45,0,1,45.0,31-45,2024,Palmeiras,Internacional,False
8423,2,Flamengo,Luiz Araújo,20,Normal,20,0,1,20.0,16-30,2024,Flamengo,Sao Paulo,True
8423,2,Flamengo,Nicolás de la Cruz,54,Normal,54,0,2,54.0,46-60,2024,Flamengo,Sao Paulo,True
8423,2,Sao Paulo,Aldemir Ferreira,79,Normal,79,0,2,79.0,76-90,2024,Flamengo,Sao Paulo,False
8424,2,Botafogo-RJ,Mateo Ponte,32,Normal,32,0,1,32.0,31-45,2024,Botafogo-RJ,Atletico-GO,True
8426,3,Fluminense,Paulo Henrique Ganso,10,Normal,10,0,1,10.0,0-15,2024,Fluminense,Vasco,True
8426,3,Fluminense,Martinelli,53,Normal,53,0,2,53.0,46-60,2024,Fluminense,Vasco,True
8426,3,Vasco,Pablo Vegetti,55,Normal,55,0,2,55.0,46-60,2024,Fluminense,Vasco,False
8428,3,Gremio,Franco Cristaldo,44,Normal,44,0,1,44.0,31-45,2024,Gremio,Cuiaba,True
8427,3,Bragantino,Vitor Hugo Naum dos Santos,5,Normal,5,0,1,5.0,0-15,2024,Bragantino,Corinthians,True
8429,3,Atletico-MG,Matías Zaracho,25,Normal,25,0,1,25.0,16-30,2024,Atletico-MG,Cruzeiro,True
8429,3,Atletico-MG,Paulinho,35,Normal,35,0,1,35.0,31-45,2024,Atletico-MG,Cruzeiro,True
8429,3,Atletico-MG,Guilherme Arana,45+2,Normal,45,2,1,45.02,45+,2024,Atletico-MG,Cruzeiro,True
8431,3,Vitoria,Matheus Martins Fogaça de Paulo,20,Normal,20,0,1,20.0,16-30,2024,Vitoria,Bahia,True
8431,3,Vitoria,Wagner Leonardo,57,Normal,57,0,2,57.0,46-60,2024,Vitoria,Bahia,True
8431,3,Bahia,Gabriel Teixeira,69,Normal,69,0,2,69.0,61-75,2024,Vitoria,Bahia,False
8431,3,Bahia,Everaldo Stum,72,Normal,72,0,2,72.0,61-75,2024,Vitoria,Bahia,False
8432,3,Athletico-PR,Agustín Canobbio,71,Normal,71,0,2,71.0,61-75,2024,Athletico-PR,Internacional,True
8434,3,Sao Paulo,Luciano da Rocha Neves,52,Penalty,52,0,2,52.0,46-60,2024,Atletico-GO,Sao Paulo,False
8434,3,Sao Paulo,Jonathan Calleri,14,Normal,14,0,1,14.0,0-15,2024,Atletico-GO,Sao Paulo,False
8434,3,Sao Paulo,Aldemir Ferreira,76,Normal,76,0,2,76.0,76-90,2024,Atletico-GO,Sao Paulo,False
8433,3,Botafogo-RJ,Jacob Montes,80,Normal,80,0,2,80.0,76-90,2024,Botafogo-RJ,Juventude,True
8433,3,Botafogo-RJ,Júnior Santos,4,Normal,4,0,1,4.0,0-15,2024,Botafogo-RJ,Juventude,True
8433,3,Juventude,Danilo Boza,85,Normal,85,0,2,85.0,76-90,2024,Botafogo-RJ,Juventude,False
8433,3,Botafogo-RJ,Danilo Barbosa da Silva,53,Normal,53,0,2,53.0,46-60,2024,Botafogo-RJ,Juventude,True
8433,3,Botafogo-RJ,Tiquinho Soares,9,Penalty,9,0,1,9.0,0-15,2024,Botafogo-RJ,Juventude,True
8433,3,Botafogo-RJ,Jefferson Savarino,61,Normal,61,0,2,61.0,61-75,2024,Botafogo-RJ,Juventude,True
8436,4,Criciuma,Yannick Bolasie,55,Normal,55,0,2,55.0,46-60,2024,Vasco,Criciuma,False
8436,4,Criciuma,Higor Meritão,69,Normal,69,0,2,69.0,61-75,2024,Vasco,Criciuma,False
8436,4,Criciuma,Fellipe Mateus,32,Normal,32,0,1,32.0,31-45,2024,Vasco,Criciuma,False
8436,4,Criciuma,Fellipe Mateus,47,Normal,47,0,2,47.0,46-60,2024,Vasco,Criciuma,False
8437,4,Atletico-MG,Paulinho,78,Penalty,78,0,2,78.0,76-90,2024,Cuiaba,Atletico-MG,False
8437,4,Atletico-MG,Eduardo Vargas,28,Normal,28,0,1,28.0,16-30,2024,Cuiaba,Atletico-MG,False
8437,4,Atletico-MG,Gustavo Scarpa,61,Normal,61,0,2,61.0,61-75,2024,Cuiaba,Atletico-MG,False
8438,4,Bahia,Everaldo Stum,17,Normal,17,0,1,17.0,16-30,2024,Bahia,Gremio,True
8439,4,Botafogo-RJ,Luiz Henrique,53,Normal,53,0,2,53.0,46-60,2024,Flamengo,Botafogo-RJ,False
8439,4,Botafogo-RJ,Jefferson Savarino,90+3,Normal,90,3,2,90.03,90+,2024,Flamengo,Botafogo-RJ,False
8441,4,Vitoria,Lucas Silva Borges,52,Gol Contra,52,0,2,52.0,46-60,2024,Cruzeiro,Vitoria,False
8441,4,Cruzeiro,Arthur Gomes,75,Normal,75,0,2,75.0,61-75,2024,Cruzeiro,Vitoria,True
8441,4,Cruzeiro,Matheus Pereira,50,Normal,50,0,2,50.0,46-60,2024,Cruzeiro,Vitoria,True
8441,4,Cruzeiro,Rafael da Silva,58,Normal,58,0,2,58.0,46-60,2024,Cruzeiro,Vitoria,True
8440,4,Corinthians,Wesley Gassova Ribeiro Teixeira,45+2,Normal,45,2,1,45.02,45+,2024,Corinthians,Fluminense,True
8440,4,Corinthians,Cacá,47,Normal,47,0,2,47.0,46-60,2024,Corinthians,Fluminense,True
8440,4,Corinthians,Wesley Gassova Ribeiro Teixeira,40,Normal,40,0,1,40.0,31-45,2024,Corinthians,Fluminense,True
8442,4,Fortaleza,Kervin Andrade,9,Normal,9,0,1,9.0,0-15,2024,Fortaleza,Bragantino,True
8442,4,Bragantino,Eduardo Sasha,40,Normal,40,0,1,40.0,31-45,2024,Fortaleza,Bragantino,False
8443,4,Athletico-PR,Nikão,73,Normal,73,0,2,73.0,61-75,2024,Juventude,Athletico-PR,False
8443,4,Juventude,Erick Farias,8,Normal,8,0,1,8.0,0-15,2024,Juventude,Athletico-PR,True
8444,4,Internacional,Rafael Santos Borré,55,Normal,55,0,2,55.0,46-60,2024,Internacional,Atletico-GO,True
8444,4,Atletico-GO,Derek,50,Normal,50,0,2,50.0,46-60,2024,Internacional,Atletico-GO,False
8446,5,Fluminense,Renato Augusto,61,Normal,61,0,2,61.0,61-75,2024,Fluminense,Atletico-MG,True
8446,5,Atletico-MG,Eduardo Vargas,73,Normal,73,0,2,73.0,61-75,2024,Fluminense,Atletico-MG,False
8446,5,Atletico-MG,Eduardo Vargas,79,Normal,79,0,2,79.0,76-90,2024,Fluminense,Atletico-MG,False
8446,5,Fluminense,Germán Cano,4,Normal,4,0,1,4.0,0-15,2024,Fluminense,Atletico-MG,True
8447,5,Flamengo,Bruno Henrique,79,Normal,79,0,2,79.0,76-90,2024,Bragantino,Flamengo,False
8447,5,Bragantino,Pedro Henrique Ribeiro Gonçalves,30,Normal,30,0,1,30.0,16-30,2024,Bragantino,Flamengo,True
8449,5,Athletico-PR,Erick Luis Conrado Carvalho,26,Normal,26,0,1,26.0,16-30,2024,Athletico-PR,Vasco,True
8450,5,Sao Paulo,Luciano da Rocha Neves,45,Normal,45,0,1,45.0,31-45,2024,Vitoria,Sao Paulo,False
8450,5,Sao Paulo,Luciano da Rocha Neves,53,Normal,53,0,2,53.0,46-60,2024,Vitoria,Sao Paulo,False
8450,5,Sao Paulo,Nahuel Ferraresi,84,Normal,84,0,2,84.0,76-90,2024,Vitoria,Sao Paulo,False
8450,5,Vitoria,Willian,49,Normal,49,0,2,49.0,46-60,2024,Vitoria,Sao Paulo,True
8451,5,Bahia,Rafael Ratão,86,Normal,86,0,2,86.0,76-90,2024,Botafogo-RJ,Bahia,False
8451,5,Bahia,Everaldo Stum,45+3,Penalty,45,3,1,45.03,45+,2024,Botafogo-RJ,Bahia,False
8451,5,Botafogo-RJ,Jefferson Ruan Pereira dos Santos,63,Normal,63,0,2,63.0,61-75,2024,Botafogo-RJ,Bahia,True
8452,5,Palmeiras,Lázaro Vinícius,45+1,Normal,45,1,1,45.01,45+,2024,Cuiaba,Palmeiras,False
8452,5,Palmeiras,Estêvão,71,Penalty,71,0,2,71.0,61-75,2024,Cuiaba,Palmeiras,False
8456,6,Flamengo,Pedro,20,Normal,20,0,1,20.0,16-30,2024,Flamengo,Corinthians,True
8456,6,Flamengo,Lorran Lucas Pereira de Souza,63,Normal,63,0,2,63.0,61-75,2024,Flamengo,Corinthians,True
8459,6,Fortaleza,Tomás Pochettino,10,Normal,10,0,1,10.0,0-15,2024,Fortaleza,Botafogo-RJ,True
8459,6,Botafogo-RJ,Danilo Barbosa da Silva,41,Normal,41,0,1,41.0,31-45,2024,Fortaleza,Botafogo-RJ,False
8457,6,Athletico-PR,Pablo Felipe Teixeira,45+9,Normal,45,9,1,45.09,45+,2024,Palmeiras,Athletico-PR,False
8457,6,Athletico-PR,Gustavo Gómez,59,Gol Contra,59,0,2,59.0,46-60,2024,Palmeiras,Athletico-PR,False
8458,6,Cruzeiro,Matheus Pereira,81,Normal,81,0,2,81.0,76-90,2024,Atletico-GO,Cruzeiro,False
8460,6,Vasco,Maicon Pereira Roque,50,Normal,50,0,2,50.0,46-60,2024,Vasco,Vitoria,True
8460,6,Vasco,Pablo Vegetti,56,Normal,56,0,2,56.0,46-60,2024,Vasco,Vitoria,True
8460,6,Vitoria,Iury Lirio Freitas de Castilho,89,Normal,89,0,2,89.0,76-90,2024,Vasco,Vitoria,False
8461,6,Bahia,Thaciano,37,Normal,37,0,1,37.0,31-45,2024,Bahia,Bragantino,True
8462,6,Sao Paulo,Damián Bobadilla,32,Normal,32,0,1,32.0,31-45,2024,Sao Paulo,Fluminense,True
8462,6,Sao Paulo,Robert Arboleda,84,Normal,84,0,2,84.0,76-90,2024,Sao Paulo,Fluminense,True
8462,6,Fluminense,Igor Vinícius,28,Gol Contra,28,0,1,28.0,16-30,2024,Sao Paulo,Fluminense,False
8467,7,Atletico-GO,Gabriel Baralhas,69,Normal,69,0,2,69.0,61-75,2024,Vitoria,Atletico-GO,False
8467,7,Atletico-GO,Vágner Love,42,Normal,42,0,1,42.0,31-45,2024,Vitoria,Atletico-GO,False
8466,7,Bragantino,Luan Cândido,60,Penalty,60,0,2,60.0,46-60,2024,Gremio,Bragantino,False
8466,7,Bragantino,Eric dos Santos Rodrigues,3,Normal,3,0,1,3.0,0-15,2024,Gremio,Bragantino,False
8468,7,Juventude,Jadson,67,Normal,67,0,2,67.0,61-75,2024,Fluminense,Juventude,False
8468,7,Fluminense,Marcelo Vieira da Silva Júnior,42,Penalty,42,0,1,42.0,31-45,2024,Fluminense,Juventude,True
8469,7,Internacional,Hugo Mallo,69,Normal,69,0,2,69.0,61-75,2024,Cuiaba,Internacional,False
8470,7,Botafogo-RJ,Júnior Santos,59,Normal,59,0,2,59.0,46-60,2024,Corinthians,Botafogo-RJ,False
8471,7,Vasco,Pablo Vegetti,9,Normal,9,0,1,9.0,0-15,2024,Vasco,Flamengo,True
8471,7,Flamengo,Giorgian De Arrascaeta,52,Normal,52,0,2,52.0,46-60,2024,Vasco,Flamengo,False
8471,7,Flamengo,Everton Cebolinha,28,Normal,28,0,1,28.0,16-30,2024,Vasco,Flamengo,False
8471,7,Flamengo,Bruno Henrique,74,Normal,74,0,2,74.0,61-75,2024,Vasco,Flamengo,False
8471,7,Flamengo,Pedro,33,Normal,33,0,1,33.0,31-45,2024,Vasco,Flamengo,False
8471,7,Flamengo,Gabriel Barbosa,89,Normal,89,0,2,89.0,76-90,2024,Vasco,Flamengo,False
8471,7,Flamengo,David Luiz,43,Normal,43,0,1,43.0,31-45,2024,Vasco,Flamengo,False
8472,7,Bahia,Ademir,70,Normal,70,0,2,70.0,61-75,2024,Atletico-MG,Bahia,False
8472,7,Atletico-MG,Hulk,62,Normal,62,0,2,62.0,61-75,2024,Atletico-MG,Bahia,True
8473,7,Criciuma,Matheus Leonardo Sales Cardoso,68,Normal,68,0,2,68.0,61-75,2024,Criciuma,Palmeiras,True
8473,7,Palmeiras,Lázaro Vinícius,90+2,Normal,90,2,2,90.02,90+,2024,Criciuma,Palmeiras,False
8473,7,Palmeiras,Gustavo Gómez,67,Penalty,67,0,2,67.0,61-75,2024,Criciuma,Palmeiras,False
8474,7,Sao Paulo,Jonathan Calleri,48,Normal,48,0,2,48.0,46-60,2024,Sao Paulo,Cruzeiro,True
8474,7,Sao Paulo,Lucas Moura,5,Normal,5,0,1,5.0,0-15,2024,Sao Paulo,Cruzeiro,True
8475,7,Fortaleza,Benjamín Kuscevic,45,Normal,45,0,1,45.0,31-45,2024,Fortaleza,Athletico-PR,True
8453,5,Juventude,Lucas Barbosa,38,Normal,38,0,1,38.0,31-45,2024,Juventude,Atletico-GO,True
8463,6,Cuiaba,Isidro Pitta,16,Normal,16,0,1,16.0,16-30,2024,Criciuma,Cuiaba,False
8463,6,Cuiaba,Ramon Ramos Lima,90+5,Normal,90,5,2,90.05,90+,2024,Criciuma,Cuiaba,False
8463,6,Cuiaba,Clayson,23,Normal,23,0,1,23.0,16-30,2024,Criciuma,Cuiaba,False
8463,6,Criciuma,Matheus Leonardo Sales Cardoso,63,Normal,63,0,2,63.0,61-75,2024,Criciuma,Cuiaba,True
8463,6,Cuiaba,Clayson,35,Normal,35,0,1,35.0,31-45,2024,Criciuma,Cuiaba,False
8463,6,Criciuma,Tobias Figueiredo,65,Normal,65,0,2,65.0,61-75,2024,Criciuma,Cuiaba,True
8463,6,Cuiaba,Max Alves,46,Normal,46,0,2,46.0,46-60,2024,Criciuma,Cuiaba,False
8476,8,Atletico-GO,Shaylon,90+2,Penalty,90,2,2,90.02,90+,2024,Atletico-GO,Corinthians,True
8476,8,Corinthians,Yuri Alberto,15,Normal,15,0,1,15.0,0-15,2024,Atletico-GO,Corinthians,False
8476,8,Corinthians,Yuri Alberto,62,Normal,62,0,2,62.0,61-75,2024,Atletico-GO,Corinthians,False
8476,8,Atletico-GO,Cacá,66,Gol Contra,66,0,2,66.0,61-75,2024,Atletico-GO,Corinthians,True
8477,8,Juventude,Rodrigo Sam,34,Normal,34,0,1,34.0,31-45,2024,Juventude,Vitoria,True
8477,8,Vitoria,Willian,42,Normal,42,0,1,42.0,31-45,2024,Juventude,Vitoria,False
8478,8,Botafogo-RJ,Bastos,66,Normal,66,0,2,66.0,61-75,2024,Botafogo-RJ,Fluminense,True
8479,8,Atletico-MG,Matías Zaracho,42,Normal,42,0,1,42.0,31-45,2024,Bragantino,Atletico-MG,False
8479,8,Atletico-MG,Paulinho,44,Normal,44,0,1,44.0,31-45,2024,Bragantino,Atletico-MG,False
8479,8,Bragantino,Lucas Evangelista,25,Normal,25,0,1,25.0,16-30,2024,Bragantino,Atletico-MG,True
8480,8,Cuiaba,Isidro Pitta,64,Penalty,64,0,2,64.0,61-75,2024,Cruzeiro,Cuiaba,False
8480,8,Cruzeiro,Matheus Pereira,45+1,Normal,45,1,1,45.01,45+,2024,Cruzeiro,Cuiaba,True
8480,8,Cruzeiro,Rafael da Silva,67,Normal,67,0,2,67.0,61-75,2024,Cruzeiro,Cuiaba,True
8481,8,Athletico-PR,Gonzalo Mastriani,23,Normal,23,0,1,23.0,16-30,2024,Athletico-PR,Criciuma,True
8481,8,Athletico-PR,Gonzalo Mastriani,54,Normal,54,0,2,54.0,46-60,2024,Athletico-PR,Criciuma,True
8481,8,Athletico-PR,Tomás Cuello,79,Normal,79,0,2,79.0,76-90,2024,Athletico-PR,Criciuma,True
8481,8,Criciuma,Gustavo Bonatto Barreto,8,Normal,8,0,1,8.0,0-15,2024,Athletico-PR,Criciuma,False
8483,8,Flamengo,Luiz Araújo,42,Normal,42,0,1,42.0,31-45,2024,Flamengo,Gremio,True
8483,8,Flamengo,Luiz Araújo,67,Normal,67,0,2,67.0,61-75,2024,Flamengo,Gremio,True
8483,8,Gremio,Edenílson Andrade dos Santos,90+6,Normal,90,6,2,90.06,90+,2024,Flamengo,Gremio,False
8485,8,Palmeiras,Joaquín Piquerez,26,Normal,26,0,1,26.0,16-30,2024,Palmeiras,Vasco,True
8485,8,Palmeiras,Rony,56,Normal,56,0,2,56.0,46-60,2024,Palmeiras,Vasco,True
8484,8,Bahia,Jean Lucas Oliveira,80,Normal,80,0,2,80.0,76-90,2024,Bahia,Fortaleza,True
8486,9,Juventude,Luis Mandaca,25,Normal,25,0,1,25.0,16-30,2024,Bragantino,Juventude,False
8486,9,Bragantino,Hélio Junio Nunes de Castro,2,Normal,2,0,1,2.0,0-15,2024,Bragantino,Juventude,True
8486,9,Bragantino,Hélio Junio Nunes de Castro,82,Normal,82,0,2,82.0,76-90,2024,Bragantino,Juventude,True
8487,9,Fluminense,Paulo Henrique Ganso,41,Normal,41,0,1,41.0,31-45,2024,Fluminense,Atletico-GO,True
8487,9,Atletico-GO,Luiz Fernando Moraes dos Santos,71,Normal,71,0,2,71.0,61-75,2024,Fluminense,Atletico-GO,False
8487,9,Atletico-GO,Mateo Zuleta,90+5,Normal,90,5,2,90.05,90+,2024,Fluminense,Atletico-GO,False
8490,9,Flamengo,Evertton Araújo,90+9,Normal,90,9,2,90.09,90+,2024,Athletico-PR,Flamengo,False
8490,9,Athletico-PR,Fernandinho,90+2,Penalty,90,2,2,90.02,90+,2024,Athletico-PR,Flamengo,True
8488,9,Sao Paulo,Cacá,41,Gol Contra,41,0,1,41.0,31-45,2024,Corinthians,Sao Paulo,False
8488,9,Corinthians,Igor Coronado,31,Normal,31,0,1,31.0,31-45,2024,Corinthians,Sao Paulo,True
8488,9,Corinthians,Gustavo Mosquito,45+3,Normal,45,3,1,45.03,45+,2024,Corinthians,Sao Paulo,True
8488,9,Sao Paulo,Lucas Moura,4,Normal,4,0,1,4.0,0-15,2024,Corinthians,Sao Paulo,False
8489,9,Internacional,Wesley Ribeiro Silva,82,Normal,82,0,2,82.0,76-90,2024,Vitoria,Internacional,False
8489,9,Vitoria,Wagner Leonardo,90+12,Penalty,90,12,2,90.12,90+,2024,Vitoria,Internacional,True
8489,9,Vitoria,Willian,8,Normal,8,0,1,8.0,0-15,2024,Vitoria,Internacional,True
8494,9,Cuiaba,Isidro Pitta,45+8,Normal,45,8,1,45.08,45+,2024,Cuiaba,Fortaleza,True
8494,9,Cuiaba,Fernando Sobral,54,Penalty,54,0,2,54.0,46-60,2024,Cuiaba,Fortaleza,True
8494,9,Cuiaba,Clayson,3,Normal,3,0,1,3.0,0-15,2024,Cuiaba,Fortaleza,True
8494,9,Cuiaba,Ramon Ramos Lima,11,Normal,11,0,1,11.0,0-15,2024,Cuiaba,Fortaleza,True
8494,9,Cuiaba,Jonathan Cafú,37,Normal,37,0,1,37.0,31-45,2024,Cuiaba,Fortaleza,True
8493,9,Botafogo-RJ,Júnior Santos,57,Normal,57,0,2,57.0,46-60,2024,Gremio,Botafogo-RJ,False
8493,9,Gremio,Gustavo Nunes,21,Normal,21,0,1,21.0,16-30,2024,Gremio,Botafogo-RJ,True
8493,9,Botafogo-RJ,Cuiabano,10,Normal,10,0,1,10.0,0-15,2024,Gremio,Botafogo-RJ,False
8492,9,Bahia,Everaldo Stum,56,Normal,56,0,2,56.0,46-60,2024,Criciuma,Bahia,False
8492,9,Bahia,Caio Alexandre,72,Normal,72,0,2,72.0,61-75,2024,Criciuma,Bahia,False
8492,9,Criciuma,Marcelo Hermes,34,Normal,34,0,1,34.0,31-45,2024,Criciuma,Bahia,True
8492,9,Criciuma,Arthur Caike do Nascimento Cruz,46,Normal,46,0,2,46.0,46-60,2024,Criciuma,Bahia,True
8495,9,Palmeiras,Aníbal Moreno,25,Normal,25,0,1,25.0,16-30,2024,Atletico-MG,Palmeiras,False
8495,9,Palmeiras,Joaquín Piquerez,60,Penalty,60,0,2,60.0,46-60,2024,Atletico-MG,Palmeiras,False
8495,9,Palmeiras,Estêvão,61,Normal,61,0,2,61.0,61-75,2024,Atletico-MG,Palmeiras,False
8495,9,Palmeiras,José Manuel Alberto López,90+5,Normal,90,5,2,90.05,90+,2024,Atletico-MG,Palmeiras,False
8496,10,Botafogo-RJ,Bastos,90+8,Normal,90,8,2,90.08,90+,2024,Botafogo-RJ,Athletico-PR,True
8496,10,Athletico-PR,Gonzalo Mastriani,53,Normal,53,0,2,53.0,46-60,2024,Botafogo-RJ,Athletico-PR,False
8497,10,Criciuma,Miguel Trauco,90+13,Normal,90,13,2,90.13,90+,2024,Atletico-GO,Criciuma,False
8497,10,Atletico-GO,Guilherme Romão,11,Normal,11,0,1,11.0,0-15,2024,Atletico-GO,Criciuma,True
8497,10,Criciuma,Newton,60,Normal,60,0,2,60.0,46-60,2024,Atletico-GO,Criciuma,False
8500,10,Fortaleza,Juan Martín Lucero,42,Penalty,42,0,1,42.0,31-45,2024,Fortaleza,Gremio,True
8498,10,Cuiaba,Eliel,82,Normal,82,0,2,82.0,76-90,2024,Sao Paulo,Cuiaba,False
8499,10,Juventude,Lucas Barbosa,52,Normal,52,0,2,52.0,46-60,2024,Juventude,Vasco,True
8499,10,Juventude,Jean Carlos,90+8,Normal,90,8,2,90.08,90+,2024,Juventude,Vasco,True
8501,10,Cruzeiro,William de Asevedo Furtado,90+3,Normal,90,3,2,90.03,90+,2024,Cruzeiro,Fluminense,True
8501,10,Cruzeiro,William de Asevedo Furtado,41,Penalty,41,0,1,41.0,31-45,2024,Cruzeiro,Fluminense,True
8502,10,Internacional,Wesley Ribeiro Silva,42,Normal,42,0,1,42.0,31-45,2024,Internacional,Corinthians,True
8503,10,Vitoria,Willian,66,Normal,66,0,2,66.0,61-75,2024,Vitoria,Atletico-MG,True
8503,10,Atletico-MG,Gustavo Scarpa,14,Penalty,14,0,1,14.0,0-15,2024,Vitoria,Atletico-MG,False
8503,10,Vitoria,Erick Castillo,76,Normal,76,0,2,76.0,76-90,2024,Vitoria,Atletico-MG,True
8503,10,Vitoria,Matheus Martins Fogaça de Paulo,8,Normal,8,0,1,8.0,0-15,2024,Vitoria,Atletico-MG,True
8503,10,Atletico-MG,Brahian Palacios,88,Normal,88,0,2,88.0,76-90,2024,Vitoria,Atletico-MG,False
8503,10,Vitoria,Willian,44,Normal,44,0,1,44.0,31-45,2024,Vitoria,Atletico-MG,True
8504,10,Flamengo,David Luiz,90+4,Normal,90,4,2,90.04,90+,2024,Flamengo,Bahia,True
8504,10,Bahia,Everaldo Stum,35,Normal,35,0,1,35.0,31-45,2024,Flamengo,Bahia,False
8504,10,Flamengo,Gerson Santos da Silva,24,Normal,24,0,1,24.0,16-30,2024,Flamengo,Bahia,True
8505,10,Bragantino,Matheus Fernandes,49,Normal,49,0,2,49.0,46-60,2024,Palmeiras,Bragantino,False
8505,10,Palmeiras,Raphael Veiga,21,Normal,21,0,1,21.0,16-30,2024,Palmeiras,Bragantino,True
8505,10,Palmeiras,Rony,55,Normal,55,0,2,55.0,46-60,2024,Palmeiras,Bragantino,True
8506,11,Criciuma,Gustavo Bonatto Barreto,10,Normal,10,0,1,10.0,0-15,2024,Criciuma,Botafogo-RJ,True
8506,11,Criciuma,Arthur Caike do Nascimento Cruz,84,Normal,84,0,2,84.0,76-90,2024,Criciuma,Botafogo-RJ,True
8506,11,Botafogo-RJ,Lucas Halter,55,Normal,55,0,2,55.0,46-60,2024,Criciuma,Botafogo-RJ,False
8507,11,Internacional,Gustavo Martins,64,Gol Contra,64,0,2,64.0,61-75,2024,Gremio,Internacional,False
8509,11,Vasco,Guilherme Estrella,45+3,Normal,45,3,1,45.03,45+,2024,Vasco,Sao Paulo,True
8509,11,Vasco,Leandrinho,80,Normal,80,0,2,80.0,76-90,2024,Vasco,Sao Paulo,True
8509,11,Vasco,Alan Franco,33,Gol Contra,33,0,1,33.0,31-45,2024,Vasco,Sao Paulo,True
8509,11,Vasco,David Corrêa da Fonseca,90+3,Normal,90,3,2,90.03,90+,2024,Vasco,Sao Paulo,True
8509,11,Sao Paulo,André Silva,10,Normal,10,0,1,10.0,0-15,2024,Vasco,Sao Paulo,False
8511,11,Athletico-PR,Christian Roberto Alves Cardoso,45,Normal,45,0,1,45.0,31-45,2024,Athletico-PR,Corinthians,True
8511,11,Corinthians,Cacá,90+2,Normal,90,2,2,90.02,90+,2024,Athletico-PR,Corinthians,False
8512,11,Flamengo,Pedro,86,Penalty,86,0,2,86.0,76-90,2024,Fluminense,Flamengo,False
8510,11,Bahia,Thaciano,45+9,Normal,45,9,1,45.09,45+,2024,Bahia,Cruzeiro,True
8510,11,Cruzeiro,Gabriel Veron,14,Normal,14,0,1,14.0,0-15,2024,Bahia,Cruzeiro,False
8510,11,Bahia,Óscar Estupiñán,78,Normal,78,0,2,78.0,76-90,2024,Bahia,Cruzeiro,True
8510,11,Bahia,Óscar Estupiñán,90+7,Normal,90,7,2,90.07,90+,2024,Bahia,Cruzeiro,True
8510,11,Bahia,Gabriel Teixeira,90+1,Normal,90,1,2,90.01,90+,2024,Bahia,Cruzeiro,True
8514,11,Atletico-MG,Paulinho,58,Normal,58,0,2,58.0,46-60,2024,Atletico-MG,Fortaleza,True
8514,11,Fortaleza,Breno Lopes,25,Normal,25,0,1,25.0,16-30,2024,Atletico-MG,Fortaleza,False
8515,11,Palmeiras,José Manuel Alberto López,49,Normal,49,0,2,49.0,46-60,2024,Palmeiras,Juventude,True
8515,11,Palmeiras,Estêvão,75,Normal,75,0,2,75.0,61-75,2024,Palmeiras,Juventude,True
8515,11,Palmeiras,Mayke,83,Normal,83,0,2,83.0,76-90,2024,Palmeiras,Juventude,True
8515,11,Juventude,Erick Farias,64,Normal,64,0,2,64.0,61-75,2024,Palmeiras,Juventude,False
8513,11,Bragantino,Hélio Junio Nunes de Castro,66,Normal,66,0,2,66.0,61-75,2024,Bragantino,Vitoria,True
8513,11,Vitoria,Jean Mota Oliveira de Souza,17,Normal,17,0,1,17.0,16-30,2024,Bragantino,Vitoria,False
8513,11,Bragantino,Eric dos Santos Rodrigues,45+3,Normal,45,3,1,45.03,45+,2024,Bragantino,Vitoria,True
8516,12,Botafogo-RJ,Carlos Eduardo de Oliveira Alves,21,Normal,21,0,1,21.0,16-30,2024,Botafogo-RJ,Bragantino,True
8516,12,Botafogo-RJ,Carlos Eduardo de Oliveira Alves,52,Normal,52,0,2,52.0,46-60,2024,Botafogo-RJ,Bragantino,True
8516,12,Bragantino,Lucas Evangelista,6,Normal,6,0,1,6.0,0-15,2024,Botafogo-RJ,Bragantino,False
8517,12,Cruzeiro,Vitinho,90+1,Normal,90,1,2,90.01,90+,2024,Cruzeiro,Athletico-PR,True
8517,12,Cruzeiro,Gabriel Veron,15,Normal,15,0,1,15.0,0-15,2024,Cruzeiro,Athletico-PR,True
8518,12,Atletico-GO,Luiz Felipe,72,Normal,72,0,2,72.0,61-75,2024,Atletico-GO,Gremio,True
8518,12,Gremio,Reinaldo Manoel da Silva,82,Normal,82,0,2,82.0,76-90,2024,Atletico-GO,Gremio,False
8520,12,Juventude,Lucas Barbosa,26,Normal,26,0,1,26.0,16-30,2024,Juventude,Flamengo,True
8520,12,Juventude,Luis Mandaca,87,Normal,87,0,2,87.0,76-90,2024,Juventude,Flamengo,True
8520,12,Flamengo,Pedro,19,Normal,19,0,1,19.0,16-30,2024,Juventude,Flamengo,False
8519,12,Cuiaba,Marllon Borges,5,Normal,5,0,1,5.0,0-15,2024,Corinthians,Cuiaba,False
8519,12,Corinthians,Matheus Bidu,86,Normal,86,0,2,86.0,76-90,2024,Corinthians,Cuiaba,True
8521,12,Bahia,Thaciano,7,Normal,7,0,1,7.0,0-15,2024,Bahia,Vasco,True
8521,12,Bahia,Óscar Estupiñán,85,Normal,85,0,2,85.0,76-90,2024,Bahia,Vasco,True
8521,12,Vasco,Paulo,20,Normal,20,0,1,20.0,16-30,2024,Bahia,Vasco,False
8523,12,Fortaleza,Bruno Pacheco,69,Normal,69,0,2,69.0,61-75,2024,Fortaleza,Palmeiras,True
8523,12,Fortaleza,Juan Martín Lucero,9,Normal,9,0,1,9.0,0-15,2024,Fortaleza,Palmeiras,True
8523,12,Fortaleza,Juan Martín Lucero,48,Normal,48,0,2,48.0,46-60,2024,Fortaleza,Palmeiras,True
8522,12,Atletico-MG,Cadu,53,Normal,53,0,2,53.0,46-60,2024,Internacional,Atletico-MG,False
8522,12,Atletico-MG,Rômulo,90+7,Normal,90,7,2,90.07,90+,2024,Internacional,Atletico-MG,False
8522,12,Internacional,Alan Patrick,67,Normal,67,0,2,67.0,61-75,2024,Internacional,Atletico-MG,True
8524,12,Vitoria,Janderson,90,Normal,90,0,2,90.0,76-90,2024,Fluminense,Vitoria,False
8525,12,Criciuma,Arthur Caike do Nascimento Cruz,90+2,Normal,90,2,2,90.02,90+,2024,Sao Paulo,Criciuma,False
8525,12,Sao Paulo,Alisson Euler de Freitas Castro,1,Normal,1,0,1,1.0,0-15,2024,Sao Paulo,Criciuma,True
8525,12,Sao Paulo,Luciano da Rocha Neves,22,Normal,22,0,1,22.0,16-30,2024,Sao Paulo,Criciuma,True
8526,13,Vasco,Pablo Vegetti,84,Normal,84,0,2,84.0,76-90,2024,Vasco,Botafogo-RJ,True
8526,13,Botafogo-RJ,Bastos,73,Normal,73,0,2,73.0,61-75,2024,Vasco,Botafogo-RJ,False
8527,13,Bragantino,Hélio Junio Nunes de Castro,42,Normal,42,0,1,42.0,31-45,2024,Cuiaba,Bragantino,False
8527,13,Cuiaba,Derik Lacerda,33,Normal,33,0,1,33.0,31-45,2024,Cuiaba,Bragantino,True
8528,13,Atletico-MG,Paulinho,23,Normal,23,0,1,23.0,16-30,2024,Atletico-MG,Atletico-GO,True
8528,13,Atletico-GO,Luiz Fernando Moraes dos Santos,11,Normal,11,0,1,11.0,0-15,2024,Atletico-MG,Atletico-GO,False
8529,13,Gremio,Gustavo Nunes,61,Normal,61,0,2,61.0,61-75,2024,Gremio,Fluminense,True
8531,13,Fortaleza,Yago Pikachu,45+3,Normal,45,3,1,45.03,45+,2024,Fortaleza,Juventude,True
8531,13,Juventude,Ewerthon Diógenes da Silva,74,Normal,74,0,2,74.0,61-75,2024,Fortaleza,Juventude,False
8531,13,Fortaleza,Juan Martín Lucero,21,Penalty,21,0,1,21.0,16-30,2024,Fortaleza,Juventude,True
8530,13,Sao Paulo,Jonathan Calleri,30,Normal,30,0,1,30.0,16-30,2024,Sao Paulo,Bahia,True
8530,13,Sao Paulo,Aldemir Ferreira,32,Normal,32,0,1,32.0,31-45,2024,Sao Paulo,Bahia,True
8530,13,Sao Paulo,Luciano da Rocha Neves,65,Normal,65,0,2,65.0,61-75,2024,Sao Paulo,Bahia,True
8530,13,Bahia,Gilberto Moraes Júnior,49,Normal,49,0,2,49.0,46-60,2024,Sao Paulo,Bahia,False
8534,13,Flamengo,Pedro,16,Normal,16,0,1,16.0,16-30,2024,Flamengo,Cruzeiro,True
8534,13,Flamengo,Fabrício Bruno,65,Normal,65,0,2,65.0,61-75,2024,Flamengo,Cruzeiro,True
8534,13,Cruzeiro,Matheus Pereira,38,Normal,38,0,1,38.0,31-45,2024,Flamengo,Cruzeiro,False
8532,13,Criciuma,Claudinho,79,Normal,79,0,2,79.0,76-90,2024,Criciuma,Internacional,True
8532,13,Internacional,Bruno Henrique Corsini,40,Normal,40,0,1,40.0,31-45,2024,Criciuma,Internacional,False
8533,13,Athletico-PR,Julimar,80,Normal,80,0,2,80.0,76-90,2024,Vitoria,Athletico-PR,False
8535,13,Palmeiras,Fabinho,53,Normal,53,0,2,53.0,46-60,2024,Palmeiras,Corinthians,True
8535,13,Palmeiras,Vitor Reis,57,Normal,57,0,2,57.0,46-60,2024,Palmeiras,Corinthians,True
8536,14,Botafogo-RJ,Kauê Rodrigues Pessanha,5,Normal,5,0,1,5.0,0-15,2024,Cuiaba,Botafogo-RJ,False
8536,14,Botafogo-RJ,Mateo Ponte,75,Normal,75,0,2,75.0,61-75,2024,Cuiaba,Botafogo-RJ,False
8536,14,Cuiaba,Isidro Pitta,45,Penalty,45,0,1,45.0,31-45,2024,Cuiaba,Botafogo-RJ,True
8538,14,Vasco,Mateus Carvalho,45+3,Normal,45,3,1,45.03,45+,2024,Vasco,Fortaleza,True
8538,14,Vasco,Pablo Vegetti,63,Normal,63,0,2,63.0,61-75,2024,Vasco,Fortaleza,True
8537,14,Criciuma,Yannick Bolasie,46,Normal,46,0,2,46.0,46-60,2024,Criciuma,Cruzeiro,True
8540,14,Atletico-MG,Hulk,57,Penalty,57,0,2,57.0,46-60,2024,Atletico-MG,Flamengo,True
8540,14,Flamengo,Bruno Henrique,68,Normal,68,0,2,68.0,61-75,2024,Atletico-MG,Flamengo,False
8540,14,Flamengo,Carlinhos,24,Normal,24,0,1,24.0,16-30,2024,Atletico-MG,Flamengo,False
8540,14,Atletico-MG,Hulk,90,Normal,90,0,2,90.0,76-90,2024,Atletico-MG,Flamengo,True
8540,14,Flamengo,Ayrton Lucas Dantas de Medeiros,51,Normal,51,0,2,51.0,46-60,2024,Atletico-MG,Flamengo,False
8540,14,Flamengo,Bruno Henrique,14,Normal,14,0,1,14.0,0-15,2024,Atletico-MG,Flamengo,False
8541,14,Bragantino,Lincoln Henrique Oliveira dos Santos,45,Normal,45,0,1,45.0,31-45,2024,Bragantino,Atletico-GO,True
8541,14,Bragantino,Hélio Junio Nunes de Castro,20,Normal,20,0,1,20.0,16-30,2024,Bragantino,Atletico-GO,True
8541,14,Atletico-GO,Luiz Fernando Moraes dos Santos,29,Normal,29,0,1,29.0,16-30,2024,Bragantino,Atletico-GO,False
8541,14,Bragantino,Lincoln Henrique Oliveira dos Santos,6,Normal,6,0,1,6.0,0-15,2024,Bragantino,Atletico-GO,True
8539,14,Sao Paulo,Aldemir Ferreira,33,Normal,33,0,1,33.0,31-45,2024,Athletico-PR,Sao Paulo,False
8539,14,Sao Paulo,Jonathan Calleri,61,Normal,61,0,2,61.0,61-75,2024,Athletico-PR,Sao Paulo,False
8539,14,Athletico-PR,Fernandinho,38,Normal,38,0,1,38.0,31-45,2024,Athletico-PR,Sao Paulo,True
8542,14,Palmeiras,José Manuel Alberto López,74,Normal,74,0,2,74.0,61-75,2024,Gremio,Palmeiras,False
8542,14,Gremio,Franco Cristaldo,70,Penalty,70,0,2,70.0,61-75,2024,Gremio,Palmeiras,True
8542,14,Palmeiras,Estêvão,77,Normal,77,0,2,77.0,76-90,2024,Gremio,Palmeiras,False
8542,14,Gremio,Cristian Pavón,2,Normal,2,0,1,2.0,0-15,2024,Gremio,Palmeiras,True
8543,14,Bahia,Thaciano,59,Normal,59,0,2,59.0,46-60,2024,Bahia,Juventude,True
8543,14,Bahia,Cauly,68,Normal,68,0,2,68.0,61-75,2024,Bahia,Juventude,True
8544,14,Fluminense,Paulo Henrique Ganso,45+4,Normal,45,4,1,45.04,45+,2024,Fluminense,Internacional,True
8544,14,Internacional,Igor Gomes,40,Normal,40,0,1,40.0,31-45,2024,Fluminense,Internacional,False
8545,14,Corinthians,Giovane Santana do Nascimento,90+5,Normal,90,5,2,90.05,90+,2024,Corinthians,Vitoria,True
8545,14,Vitoria,Alerrandro Barra Mansa Realino de Souza,37,Normal,37,0,1,37.0,31-45,2024,Corinthians,Vitoria,False
8545,14,Corinthians,Rodrigo Garro,26,Normal,26,0,1,26.0,16-30,2024,Corinthians,Vitoria,True
8545,14,Vitoria,Alerrandro Barra Mansa Realino de Souza,86,Penalty,86,0,2,86.0,76-90,2024,Corinthians,Vitoria,False
8545,14,Corinthians,Rodrigo Garro,43,Normal,43,0,1,43.0,31-45,2024,Corinthians,Vitoria,True
8547,15,Flamengo,Pedro,60,Normal,60,0,2,60.0,46-60,2024,Flamengo,Cuiaba,True
8547,15,Cuiaba,Derik Lacerda,6,Normal,6,0,1,6.0,0-15,2024,Flamengo,Cuiaba,False
8546,15,Sao Paulo,André Silva,65,Normal,65,0,2,65.0,61-75,2024,Sao Paulo,Bragantino,True
8546,15,Sao Paulo,Luciano da Rocha Neves,90+1,Normal,90,1,2,90.01,90+,2024,Sao Paulo,Bragantino,True
8548,15,Fortaleza,Juan Martín Lucero,56,Normal,56,0,2,56.0,46-60,2024,Fortaleza,Fluminense,True
8549,15,Juventude,João Lucas,32,Normal,32,0,1,32.0,31-45,2024,Juventude,Gremio,True
8549,15,Juventude,Erick Farias,83,Normal,83,0,2,83.0,76-90,2024,Juventude,Gremio,True
8549,15,Juventude,Gilberto Oliveira Souza Junior,25,Normal,25,0,1,25.0,16-30,2024,Juventude,Gremio,True
8550,15,Cruzeiro,Gabriel Veron,48,Normal,48,0,2,48.0,46-60,2024,Cruzeiro,Corinthians,True
8550,15,Cruzeiro,Matheus Pereira,6,Normal,6,0,1,6.0,0-15,2024,Cruzeiro,Corinthians,True
8550,15,Cruzeiro,Álvaro Barreal,45+4,Normal,45,4,1,45.04,45+,2024,Cruzeiro,Corinthians,True
8551,15,Internacional,Fabricio Bustos,80,Normal,80,0,2,80.0,76-90,2024,Internacional,Vasco,True
8551,15,Vasco,Adson,61,Normal,61,0,2,61.0,61-75,2024,Internacional,Vasco,False
8551,15,Vasco,Lyncon,72,Normal,72,0,2,72.0,61-75,2024,Internacional,Vasco,False
8553,15,Athletico-PR,Lucas Di Yorio,78,Normal,78,0,2,78.0,76-90,2024,Atletico-GO,Athletico-PR,False
8553,15,Atletico-GO,Luiz Fernando Moraes dos Santos,47,Normal,47,0,2,47.0,46-60,2024,Atletico-GO,Athletico-PR,True
8553,15,Athletico-PR,Julimar,50,Normal,50,0,2,50.0,46-60,2024,Atletico-GO,Athletico-PR,False
8554,15,Palmeiras,Estêvão,45+3,Normal,45,3,1,45.03,45+,2024,Palmeiras,Bahia,True
8554,15,Palmeiras,Rony,61,Normal,61,0,2,61.0,61-75,2024,Palmeiras,Bahia,True
8552,15,Vitoria,Lucas Esteves,37,Normal,37,0,1,37.0,31-45,2024,Vitoria,Criciuma,True
8552,15,Criciuma,Matheus Leonardo Sales Cardoso,43,Normal,43,0,1,43.0,31-45,2024,Vitoria,Criciuma,False
8552,15,Vitoria,Alerrandro Barra Mansa Realino de Souza,31,Penalty,31,0,1,31.0,31-45,2024,Vitoria,Criciuma,True
8555,15,Botafogo-RJ,Cuiabano,79,Normal,79,0,2,79.0,76-90,2024,Botafogo-RJ,Atletico-MG,True
8555,15,Botafogo-RJ,Jefferson Savarino,90+4,Normal,90,4,2,90.04,90+,2024,Botafogo-RJ,Atletico-MG,True
8555,15,Botafogo-RJ,Luiz Henrique,13,Normal,13,0,1,13.0,0-15,2024,Botafogo-RJ,Atletico-MG,True
8556,16,Cruzeiro,Ramiro,15,Normal,15,0,1,15.0,0-15,2024,Gremio,Cruzeiro,False
8556,16,Cruzeiro,Arthur Gomes,17,Normal,17,0,1,17.0,16-30,2024,Gremio,Cruzeiro,False
8558,16,Bahia,Gabriel Teixeira,15,Normal,15,0,1,15.0,0-15,2024,Athletico-PR,Bahia,False
8558,16,Bahia,Luciano Juba,78,Normal,78,0,2,78.0,76-90,2024,Athletico-PR,Bahia,False
8558,16,Athletico-PR,Lucas Di Yorio,61,Normal,61,0,2,61.0,61-75,2024,Athletico-PR,Bahia,True
8558,16,Bahia,Everaldo Stum,9,Normal,9,0,1,9.0,0-15,2024,Athletico-PR,Bahia,False
8557,16,Vasco,Lucas Piton,55,Normal,55,0,2,55.0,46-60,2024,Vasco,Corinthians,True
8557,16,Vasco,Juan Sforza,90+5,Normal,90,5,2,90.05,90+,2024,Vasco,Corinthians,True
8559,16,Atletico-GO,Shaylon,9,Normal,9,0,1,9.0,0-15,2024,Palmeiras,Atletico-GO,False
8559,16,Palmeiras,José Manuel Alberto López,6,Normal,6,0,1,6.0,0-15,2024,Palmeiras,Atletico-GO,True
8559,16,Palmeiras,Raphael Veiga,51,Normal,51,0,2,51.0,46-60,2024,Palmeiras,Atletico-GO,True
8559,16,Palmeiras,Alix Vinicius,53,Gol Contra,53,0,2,53.0,46-60,2024,Palmeiras,Atletico-GO,True
8561,16,Fortaleza,Wesley França,11,Gol Contra,11,0,1,11.0,0-15,2024,Flamengo,Fortaleza,False
8561,16,Flamengo,Pedro,39,Penalty,39,0,1,39.0,31-45,2024,Flamengo,Fortaleza,True
8561,16,Fortaleza,Juan Martín Lucero,63,Normal,63,0,2,63.0,61-75,2024,Flamengo,Fortaleza,False
8560,16,Criciuma,Matheus Leonardo Sales Cardoso,53,Normal,53,0,2,53.0,46-60,2024,Criciuma,Fluminense,True
8560,16,Fluminense,Kauã Elias,89,Normal,89,0,2,89.0,76-90,2024,Criciuma,Fluminense,False
8562,16,Atletico-MG,Eduardo Vargas,13,Normal,13,0,1,13.0,0-15,2024,Atletico-MG,Sao Paulo,True
8562,16,Atletico-MG,Paulinho,45+3,Normal,45,3,1,45.03,45+,2024,Atletico-MG,Sao Paulo,True
8562,16,Sao Paulo,Lucas Moura,18,Normal,18,0,1,18.0,16-30,2024,Atletico-MG,Sao Paulo,False
8563,16,Botafogo-RJ,Jefferson Savarino,62,Normal,62,0,2,62.0,61-75,2024,Vitoria,Botafogo-RJ,False
8567,17,Cruzeiro,Matheus Pereira,84,Normal,84,0,2,84.0,76-90,2024,Cruzeiro,Bragantino,True
8567,17,Bragantino,Thiago Borbas,90+5,Normal,90,5,2,90.05,90+,2024,Cruzeiro,Bragantino,False
8567,17,Cruzeiro,Gabriel Veron,8,Normal,8,0,1,8.0,0-15,2024,Cruzeiro,Bragantino,True
8566,17,Bahia,Jean Lucas Oliveira,49,Normal,49,0,2,49.0,46-60,2024,Bahia,Cuiaba,True
8566,17,Cuiaba,Isidro Pitta,22,Normal,22,0,1,22.0,16-30,2024,Bahia,Cuiaba,False
8566,17,Cuiaba,Isidro Pitta,51,Normal,51,0,2,51.0,46-60,2024,Bahia,Cuiaba,False
8568,17,Juventude,Jean Carlos,43,Normal,43,0,1,43.0,31-45,2024,Juventude,Atletico-MG,True
8568,17,Atletico-MG,Junior Alonso,18,Normal,18,0,1,18.0,16-30,2024,Juventude,Atletico-MG,False
8569,17,Corinthians,Ángel Romero,54,Normal,54,0,2,54.0,46-60,2024,Corinthians,Criciuma,True
8569,17,Corinthians,Cacá,62,Normal,62,0,2,62.0,61-75,2024,Corinthians,Criciuma,True
8569,17,Criciuma,Claudinho,41,Normal,41,0,1,41.0,31-45,2024,Corinthians,Criciuma,False
8570,17,Vasco,David Corrêa da Fonseca,51,Normal,51,0,2,51.0,46-60,2024,Atletico-GO,Vasco,False
8571,17,Sao Paulo,Lucas Moura,10,Normal,10,0,1,10.0,0-15,2024,Sao Paulo,Gremio,True
8572,17,Botafogo-RJ,Tiquinho Soares,56,Normal,56,0,2,56.0,46-60,2024,Botafogo-RJ,Palmeiras,True
8573,17,Fortaleza,Tinga,55,Normal,55,0,2,55.0,46-60,2024,Fortaleza,Vitoria,True
8573,17,Vitoria,José Hugo,90,Normal,90,0,2,90.0,76-90,2024,Fortaleza,Vitoria,False
8573,17,Fortaleza,Breno Lopes,25,Normal,25,0,1,25.0,16-30,2024,Fortaleza,Vitoria,True
8573,17,Fortaleza,Tomás Pochettino,39,Normal,39,0,1,39.0,31-45,2024,Fortaleza,Vitoria,True
8576,18,Flamengo,Pedro,76,Normal,76,0,2,76.0,76-90,2024,Flamengo,Criciuma,True
8576,18,Criciuma,Rodrigo Fagundes de Freitas,35,Normal,35,0,1,35.0,31-45,2024,Flamengo,Criciuma,False
8576,18,Flamengo,Gabriel Barbosa,89,Penalty,89,0,2,89.0,76-90,2024,Flamengo,Criciuma,True
8577,18,Botafogo-RJ,Luiz Henrique,38,Normal,38,0,1,38.0,31-45,2024,Botafogo-RJ,Internacional,True
8578,18,Palmeiras,Gabriel Menino,90+2,Normal,90,2,2,90.02,90+,2024,Palmeiras,Cruzeiro,True
8578,18,Palmeiras,José Manuel Alberto López,36,Normal,36,0,1,36.0,31-45,2024,Palmeiras,Cruzeiro,True
8579,18,Gremio,Yeferson Soteldo,63,Normal,63,0,2,63.0,61-75,2024,Gremio,Vitoria,True
8579,18,Gremio,Reinaldo Manoel da Silva,90+6,Penalty,90,6,2,90.06,90+,2024,Gremio,Vitoria,True
8580,18,Atletico-MG,Hulk,27,Normal,27,0,1,27.0,16-30,2024,Atletico-MG,Vasco,True
8580,18,Atletico-MG,Hulk,39,Normal,39,0,1,39.0,31-45,2024,Atletico-MG,Vasco,True
8581,18,Corinthians,Ángel Romero,37,Normal,37,0,1,37.0,31-45,2024,Bahia,Corinthians,False
8584,18,Atletico-GO,Roni,45,Normal,45,0,1,45.0,31-45,2024,Fortaleza,Atletico-GO,False
8584,18,Fortaleza,Alix Vinicius,62,Gol Contra,62,0,2,62.0,61-75,2024,Fortaleza,Atletico-GO,True
8584,18,Fortaleza,Tomás Pochettino,23,Normal,23,0,1,23.0,16-30,2024,Fortaleza,Atletico-GO,True
8584,18,Fortaleza,Renato Kayzer,74,Normal,74,0,2,74.0,61-75,2024,Fortaleza,Atletico-GO,True
8582,18,Bragantino,Raul,8,Normal,8,0,1,8.0,0-15,2024,Bragantino,Athletico-PR,True
8585,18,Fluminense,Kauã Elias,73,Normal,73,0,2,73.0,61-75,2024,Cuiaba,Fluminense,False
8435,3,Criciuma,Miguel Trauco,21,Normal,21,0,1,21.0,16-30,2024,Criciuma,Fortaleza,True
8435,3,Fortaleza,Juan Martín Lucero,63,Normal,63,0,2,63.0,61-75,2024,Criciuma,Fortaleza,False
8586,19,Cruzeiro,William de Asevedo Furtado,45,Penalty,45,0,1,45.0,31-45,2024,Cruzeiro,Juventude,True
8586,19,Cruzeiro,Juan Dinenno,87,Penalty,87,0,2,87.0,76-90,2024,Cruzeiro,Juventude,True
8587,19,Sao Paulo,Aldemir Ferreira,60,Normal,60,0,2,60.0,46-60,2024,Sao Paulo,Botafogo-RJ,True
8587,19,Sao Paulo,Lucas Moura,6,Penalty,6,0,1,6.0,0-15,2024,Sao Paulo,Botafogo-RJ,True
8587,19,Botafogo-RJ,Cuiabano,22,Normal,22,0,1,22.0,16-30,2024,Sao Paulo,Botafogo-RJ,False
8587,19,Botafogo-RJ,Tiquinho Soares,11,Penalty,11,0,1,11.0,0-15,2024,Sao Paulo,Botafogo-RJ,False
8588,19,Vitoria,Everaldo,75,Normal,75,0,2,75.0,61-75,2024,Vitoria,Flamengo,True
8588,19,Flamengo,Giorgian De Arrascaeta,39,Normal,39,0,1,39.0,31-45,2024,Vitoria,Flamengo,False
8588,19,Flamengo,Carlinhos,90,Normal,90,0,2,90.0,76-90,2024,Vitoria,Flamengo,False
8589,19,Bahia,Jean Lucas Oliveira,90+9,Normal,90,9,2,90.09,90+,2024,Atletico-GO,Bahia,False
8589,19,Atletico-GO,Luiz Fernando Moraes dos Santos,60,Normal,60,0,2,60.0,46-60,2024,Atletico-GO,Bahia,True
8590,19,Fluminense,Jhon Arias,87,Normal,87,0,2,87.0,76-90,2024,Fluminense,Palmeiras,True
8591,19,Corinthians,Yuri Alberto,25,Penalty,25,0,1,25.0,16-30,2024,Corinthians,Gremio,True
8591,19,Gremio,Mathías Villasanti,76,Normal,76,0,2,76.0,76-90,2024,Corinthians,Gremio,False
8591,19,Corinthians,Rodrigo Garro,87,Normal,87,0,2,87.0,76-90,2024,Corinthians,Gremio,True
8591,19,Gremio,Rodrigo Ely,2,Normal,2,0,1,2.0,0-15,2024,Corinthians,Gremio,False
8596,20,Vitoria,Matheus Martins Fogaça de Paulo,83,Normal,83,0,2,83.0,76-90,2024,Palmeiras,Vitoria,False
8596,20,Vitoria,Osvaldo Filho,52,Normal,52,0,2,52.0,46-60,2024,Palmeiras,Vitoria,False
8597,20,Juventude,Luís Felipe Oyama,60,Normal,60,0,2,60.0,46-60,2024,Juventude,Criciuma,True
8597,20,Criciuma,Yannick Bolasie,57,Normal,57,0,2,57.0,46-60,2024,Juventude,Criciuma,False
8597,20,Criciuma,Yannick Bolasie,83,Normal,83,0,2,83.0,76-90,2024,Juventude,Criciuma,False
8598,20,Bahia,David Duarte,13,Normal,13,0,1,13.0,0-15,2024,Bahia,Internacional,True
8598,20,Internacional,Rafael Santos Borré,89,Normal,89,0,2,89.0,76-90,2024,Bahia,Internacional,False
8599,20,Fortaleza,Renato Kayzer,4,Penalty,4,0,1,4.0,0-15,2024,Fortaleza,Sao Paulo,True
8600,20,Cruzeiro,Álvaro Barreal,77,Normal,77,0,2,77.0,76-90,2024,Botafogo-RJ,Cruzeiro,False
8600,20,Cruzeiro,William de Asevedo Furtado,13,Normal,13,0,1,13.0,0-15,2024,Botafogo-RJ,Cruzeiro,False
8600,20,Cruzeiro,Lautaro Díaz,37,Normal,37,0,1,37.0,31-45,2024,Botafogo-RJ,Cruzeiro,False
8601,20,Fluminense,Kauã Elias,44,Normal,44,0,1,44.0,31-45,2024,Bragantino,Fluminense,False
8602,20,Flamengo,Pedro,19,Normal,19,0,1,19.0,16-30,2024,Flamengo,Atletico-GO,True
8602,20,Flamengo,Giorgian De Arrascaeta,61,Normal,61,0,2,61.0,61-75,2024,Flamengo,Atletico-GO,True
8603,20,Cuiaba,Deyverson,90+6,Normal,90,6,2,90.06,90+,2024,Cuiaba,Athletico-PR,True
8603,20,Athletico-PR,Julimar,11,Normal,11,0,1,11.0,0-15,2024,Cuiaba,Athletico-PR,False
8603,20,Athletico-PR,Lucas Di Yorio,90+4,Normal,90,4,2,90.04,90+,2024,Cuiaba,Athletico-PR,False
8604,20,Gremio,Yeferson Soteldo,57,Normal,57,0,2,57.0,46-60,2024,Gremio,Vasco,True
8605,20,Corinthians,Yuri Alberto,39,Normal,39,0,1,39.0,31-45,2024,Atletico-MG,Corinthians,False
8605,20,Atletico-MG,Hulk,32,Penalty,32,0,1,32.0,31-45,2024,Atletico-MG,Corinthians,True
8605,20,Atletico-MG,Hulk,85,Penalty,85,0,2,85.0,76-90,2024,Atletico-MG,Corinthians,True
8606,21,Vitoria,Wagner Leonardo,71,Normal,71,0,2,71.0,61-75,2024,Vitoria,Cuiaba,True
8607,21,Bragantino,Jhon Jhon,5,Normal,5,0,1,5.0,0-15,2024,Vasco,Bragantino,False
8607,21,Bragantino,Hélio Junio Nunes de Castro,89,Normal,89,0,2,89.0,76-90,2024,Vasco,Bragantino,False
8607,21,Vasco,Gabriel Souza da Silva,50,Normal,50,0,2,50.0,46-60,2024,Vasco,Bragantino,True
8607,21,Vasco,Adson,60,Normal,60,0,2,60.0,46-60,2024,Vasco,Bragantino,True
8609,21,Atletico-GO,Joel Campbell,43,Penalty,43,0,1,43.0,31-45,2024,Atletico-GO,Botafogo-RJ,True
8609,21,Botafogo-RJ,Óscar Romero,81,Penalty,81,0,2,81.0,76-90,2024,Atletico-GO,Botafogo-RJ,False
8609,21,Botafogo-RJ,Carlos Alberto Gomes da Silva Filho,21,Normal,21,0,1,21.0,16-30,2024,Atletico-GO,Botafogo-RJ,False
8609,21,Botafogo-RJ,Luiz Henrique,88,Penalty,88,0,2,88.0,76-90,2024,Atletico-GO,Botafogo-RJ,False
8609,21,Botafogo-RJ,Ígor Jesus,69,Normal,69,0,2,69.0,61-75,2024,Atletico-GO,Botafogo-RJ,False
8608,21,Atletico-MG,Cadu,90+6,Normal,90,6,2,90.06,90+,2024,Criciuma,Atletico-MG,False
8608,21,Criciuma,Higor Meritão,58,Normal,58,0,2,58.0,46-60,2024,Criciuma,Atletico-MG,True
8608,21,Criciuma,Wilker Ángel,65,Normal,65,0,2,65.0,61-75,2024,Criciuma,Atletico-MG,True
8610,21,Sao Paulo,Jonathan Calleri,61,Normal,61,0,2,61.0,61-75,2024,Sao Paulo,Flamengo,True
8611,21,Corinthians,Pedro Henrique Konzen,48,Normal,48,0,2,48.0,46-60,2024,Corinthians,Juventude,True
8611,21,Juventude,Alan Ruschel,4,Normal,4,0,1,4.0,0-15,2024,Corinthians,Juventude,False
8612,21,Fluminense,Kauã Elias,45,Normal,45,0,1,45.0,31-45,2024,Fluminense,Bahia,True
8613,21,Gremio,Miguel Monsalve,21,Normal,21,0,1,21.0,16-30,2024,Athletico-PR,Gremio,False
8613,21,Gremio,Gustavo Martins,18,Normal,18,0,1,18.0,16-30,2024,Athletico-PR,Gremio,False
8614,21,Internacional,Bruno Henrique Corsini,31,Normal,31,0,1,31.0,31-45,2024,Internacional,Palmeiras,True
8614,21,Palmeiras,Rony,88,Normal,88,0,2,88.0,76-90,2024,Internacional,Palmeiras,False
8615,21,Fortaleza,Breno Lopes,9,Normal,9,0,1,9.0,0-15,2024,Cruzeiro,Fortaleza,False
8615,21,Fortaleza,Renato Kayzer,42,Normal,42,0,1,42.0,31-45,2024,Cruzeiro,Fortaleza,False
8615,21,Cruzeiro,Matheus Henrique de Souza,15,Normal,15,0,1,15.0,0-15,2024,Cruzeiro,Fortaleza,True
8616,22,Fortaleza,Moisés Vieira da Veiga,47,Normal,47,0,2,47.0,46-60,2024,Fortaleza,Criciuma,True
8617,22,Gremio,Martin Braithwaite,64,Normal,64,0,2,64.0,61-75,2024,Cuiaba,Gremio,False
8617,22,Gremio,Martin Braithwaite,86,Normal,86,0,2,86.0,76-90,2024,Cuiaba,Gremio,False
8617,22,Cuiaba,Martin Braithwaite,52,Gol Contra,52,0,2,52.0,46-60,2024,Cuiaba,Gremio,True
8617,22,Gremio,Gustavo Nunes,23,Normal,23,0,1,23.0,16-30,2024,Cuiaba,Gremio,False
8619,22,Corinthians,Talles Magno,90+4,Normal,90,4,2,90.04,90+,2024,Corinthians,Bragantino,True
8619,22,Bragantino,Hélio Junio Nunes de Castro,39,Normal,39,0,1,39.0,31-45,2024,Corinthians,Bragantino,False
8620,22,Vasco,Pablo Vegetti,23,Normal,23,0,1,23.0,16-30,2024,Vasco,Fluminense,True
8620,22,Vasco,Victor Luis,65,Normal,65,0,2,65.0,61-75,2024,Vasco,Fluminense,True
8621,22,Juventude,Marcelo José de Lima Filho,48,Normal,48,0,2,48.0,46-60,2024,Juventude,Botafogo-RJ,True
8621,22,Botafogo-RJ,Cuiabano,69,Normal,69,0,2,69.0,61-75,2024,Juventude,Botafogo-RJ,False
8621,22,Juventude,Danilo Boza,9,Normal,9,0,1,9.0,0-15,2024,Juventude,Botafogo-RJ,True
8621,22,Botafogo-RJ,Fernando Marçal,81,Normal,81,0,2,81.0,76-90,2024,Juventude,Botafogo-RJ,False
8621,22,Juventude,Ronie Carrillo,45+4,Normal,45,4,1,45.04,45+,2024,Juventude,Botafogo-RJ,True
8623,22,Sao Paulo,André Silva,15,Normal,15,0,1,15.0,0-15,2024,Sao Paulo,Atletico-GO,True
8624,22,Flamengo,Giorgian De Arrascaeta,69,Normal,69,0,2,69.0,61-75,2024,Flamengo,Palmeiras,True
8624,22,Palmeiras,Luighi,85,Normal,85,0,2,85.0,76-90,2024,Flamengo,Palmeiras,False
8622,22,Bahia,Luciano Juba,90+7,Normal,90,7,2,90.07,90+,2024,Bahia,Vitoria,True
8622,22,Bahia,Éverton Ribeiro,15,Normal,15,0,1,15.0,0-15,2024,Bahia,Vitoria,True
8625,22,Internacional,Wesley Ribeiro Silva,12,Normal,12,0,1,12.0,0-15,2024,Internacional,Athletico-PR,True
8625,22,Internacional,Wanderson,90+6,Normal,90,6,2,90.06,90+,2024,Internacional,Athletico-PR,True
8625,22,Athletico-PR,João Cruz,39,Normal,39,0,1,39.0,31-45,2024,Internacional,Athletico-PR,False
8625,22,Athletico-PR,Agustín Canobbio,50,Normal,50,0,2,50.0,46-60,2024,Internacional,Athletico-PR,False
8464,6,Internacional,Thiago Maia,57,Normal,57,0,2,57.0,46-60,2024,Internacional,Juventude,True
8464,6,Internacional,Bruno Tabata,81,Normal,81,0,2,81.0,76-90,2024,Internacional,Juventude,True
8464,6,Juventude,Nenê,45+4,Normal,45,4,1,45.04,45+,2024,Internacional,Juventude,False
8626,23,Bahia,Thaciano,45,Normal,45,0,1,45.0,31-45,2024,Gremio,Bahia,False
8626,23,Bahia,Thaciano,76,Normal,76,0,2,76.0,76-90,2024,Gremio,Bahia,False
8627,23,Cuiaba,Isidro Pitta,44,Penalty,44,0,1,44.0,31-45,2024,Atletico-MG,Cuiaba,False
8627,23,Atletico-MG,Igor Gomes,11,Penalty,11,0,1,11.0,0-15,2024,Atletico-MG,Cuiaba,True
8628,23,Bragantino,Lincoln Henrique Oliveira dos Santos,38,Penalty,38,0,1,38.0,31-45,2024,Bragantino,Fortaleza,True
8628,23,Fortaleza,Tomás Pochettino,26,Normal,26,0,1,26.0,16-30,2024,Bragantino,Fortaleza,False
8628,23,Fortaleza,Breno Lopes,90,Normal,90,0,2,90.0,76-90,2024,Bragantino,Fortaleza,False
8630,23,Atletico-GO,Jan Hurtado,68,Normal,68,0,2,68.0,61-75,2024,Atletico-GO,Internacional,True
8632,23,Palmeiras,José Manuel Alberto López,52,Normal,52,0,2,52.0,46-60,2024,Palmeiras,Sao Paulo,True
8632,23,Palmeiras,José Manuel Alberto López,90+12,Normal,90,12,2,90.12,90+,2024,Palmeiras,Sao Paulo,True
8632,23,Sao Paulo,Luciano da Rocha Neves,72,Normal,72,0,2,72.0,61-75,2024,Palmeiras,Sao Paulo,False
8631,23,Vasco,Rayan,45+4,Normal,45,4,1,45.04,45+,2024,Criciuma,Vasco,False
8631,23,Criciuma,Yannick Bolasie,6,Normal,6,0,1,6.0,0-15,2024,Criciuma,Vasco,True
8631,23,Criciuma,Yannick Bolasie,90+4,Normal,90,4,2,90.04,90+,2024,Criciuma,Vasco,True
8631,23,Vasco,David Corrêa da Fonseca,36,Normal,36,0,1,36.0,31-45,2024,Criciuma,Vasco,False
8633,23,Athletico-PR,Nikão,39,Normal,39,0,1,39.0,31-45,2024,Athletico-PR,Juventude,True
8633,23,Juventude,Nenê,30,Normal,30,0,1,30.0,16-30,2024,Athletico-PR,Juventude,False
8633,23,Juventude,Yan Souto,67,Normal,67,0,2,67.0,61-75,2024,Athletico-PR,Juventude,False
8634,23,Botafogo-RJ,Ígor Jesus,54,Normal,54,0,2,54.0,46-60,2024,Botafogo-RJ,Flamengo,True
8634,23,Botafogo-RJ,Matheus Martins,84,Normal,84,0,2,84.0,76-90,2024,Botafogo-RJ,Flamengo,True
8634,23,Botafogo-RJ,Matheus Martins,90+4,Normal,90,4,2,90.04,90+,2024,Botafogo-RJ,Flamengo,True
8634,23,Botafogo-RJ,Mateo Ponte,3,Normal,3,0,1,3.0,0-15,2024,Botafogo-RJ,Flamengo,True
8634,23,Flamengo,Bruno Henrique,24,Normal,24,0,1,24.0,16-30,2024,Botafogo-RJ,Flamengo,False
8635,23,Vitoria,Alerrandro Barra Mansa Realino de Souza,29,Normal,29,0,1,29.0,16-30,2024,Vitoria,Cruzeiro,True
8635,23,Cruzeiro,Juan Dinenno,78,Normal,78,0,2,78.0,76-90,2024,Vitoria,Cruzeiro,False
8635,23,Vitoria,Osvaldo Filho,25,Penalty,25,0,1,25.0,16-30,2024,Vitoria,Cruzeiro,True
8635,23,Cruzeiro,Juan Dinenno,84,Normal,84,0,2,84.0,76-90,2024,Vitoria,Cruzeiro,False
8636,24,Juventude,Diego Gonçalves,90+1,Normal,90,1,2,90.01,90+,2024,Atletico-GO,Juventude,False
8636,24,Atletico-GO,Alejo Cruz,90+11,Penalty,90,11,2,90.11,90+,2024,Atletico-GO,Juventude,True
8636,24,Atletico-GO,Jan Hurtado,47,Normal,47,0,2,47.0,46-60,2024,Atletico-GO,Juventude,True
8637,24,Palmeiras,Estêvão,27,Penalty,27,0,1,27.0,16-30,2024,Palmeiras,Cuiaba,True
8637,24,Palmeiras,Felipe Anderson,56,Normal,56,0,2,56.0,46-60,2024,Palmeiras,Cuiaba,True
8637,24,Palmeiras,Murilo Cerqueira,15,Normal,15,0,1,15.0,0-15,2024,Palmeiras,Cuiaba,True
8637,24,Palmeiras,Estêvão,32,Normal,32,0,1,32.0,31-45,2024,Palmeiras,Cuiaba,True
8637,24,Palmeiras,Maurício,45+2,Normal,45,2,1,45.02,45+,2024,Palmeiras,Cuiaba,True
8638,24,Fluminense,Kevin Serna,23,Normal,23,0,1,23.0,16-30,2024,Atletico-MG,Fluminense,False
8638,24,Fluminense,Jhon Arias,59,Normal,59,0,2,59.0,46-60,2024,Atletico-MG,Fluminense,False
8641,24,Fortaleza,Yago Pikachu,77,Normal,77,0,2,77.0,76-90,2024,Fortaleza,Corinthians,True
8640,24,Gremio,Miguel Monsalve,86,Normal,86,0,2,86.0,76-90,2024,Criciuma,Gremio,False
8642,24,Vitoria,Alerrandro Barra Mansa Realino de Souza,62,Penalty,62,0,2,62.0,61-75,2024,Sao Paulo,Vitoria,False
8642,24,Sao Paulo,William Gomes,6,Normal,6,0,1,6.0,0-15,2024,Sao Paulo,Vitoria,True
8642,24,Sao Paulo,Erick,30,Normal,30,0,1,30.0,16-30,2024,Sao Paulo,Vitoria,True
8643,24,Internacional,Rafael Santos Borré,70,Normal,70,0,2,70.0,61-75,2024,Internacional,Cruzeiro,True
8644,24,Flamengo,Michael,16,Normal,16,0,1,16.0,16-30,2024,Flamengo,Bragantino,True
8644,24,Bragantino,Douglas Mendes,57,Normal,57,0,2,57.0,46-60,2024,Flamengo,Bragantino,False
8644,24,Flamengo,Raul,59,Gol Contra,59,0,2,59.0,46-60,2024,Flamengo,Bragantino,True
8645,24,Athletico-PR,Gabriel Girotto Franco,24,Normal,24,0,1,24.0,16-30,2024,Vasco,Athletico-PR,False
8645,24,Vasco,Emerson Rodríguez,68,Normal,68,0,2,68.0,61-75,2024,Vasco,Athletico-PR,True
8645,24,Vasco,Pablo Vegetti,86,Normal,86,0,2,86.0,76-90,2024,Vasco,Athletico-PR,True
8592,19,Criciuma,Marcelo Hermes,36,Normal,36,0,1,36.0,31-45,2024,Criciuma,Bragantino,True
8646,25,Cuiaba,Clayson,57,Normal,57,0,2,57.0,46-60,2024,Cuiaba,Criciuma,True
8646,25,Cuiaba,Lucas Fernandes da Silva,67,Normal,67,0,2,67.0,61-75,2024,Cuiaba,Criciuma,True
8646,25,Criciuma,Arthur Caike do Nascimento Cruz,35,Normal,35,0,1,35.0,31-45,2024,Cuiaba,Criciuma,False
8647,25,Botafogo-RJ,Ígor Jesus,73,Normal,73,0,2,73.0,61-75,2024,Botafogo-RJ,Fortaleza,True
8647,25,Botafogo-RJ,Ígor Jesus,90+1,Normal,90,1,2,90.01,90+,2024,Botafogo-RJ,Fortaleza,True
8649,25,Cruzeiro,William de Asevedo Furtado,9,Penalty,9,0,1,9.0,0-15,2024,Cruzeiro,Atletico-GO,True
8649,25,Cruzeiro,Matheus Henrique de Souza,25,Normal,25,0,1,25.0,16-30,2024,Cruzeiro,Atletico-GO,True
8649,25,Cruzeiro,Kaio Jorge,56,Normal,56,0,2,56.0,46-60,2024,Cruzeiro,Atletico-GO,True
8649,25,Atletico-GO,Joel Campbell,33,Normal,33,0,1,33.0,31-45,2024,Cruzeiro,Atletico-GO,False
8648,25,Atletico-MG,Eduardo Vargas,90+6,Normal,90,6,2,90.06,90+,2024,Gremio,Atletico-MG,False
8648,25,Atletico-MG,Gustavo Scarpa,73,Penalty,73,0,2,73.0,61-75,2024,Gremio,Atletico-MG,False
8648,25,Gremio,Martin Braithwaite,32,Normal,32,0,1,32.0,31-45,2024,Gremio,Atletico-MG,True
8648,25,Atletico-MG,Brahian Palacios,90+5,Penalty,90,5,2,90.05,90+,2024,Gremio,Atletico-MG,False
8648,25,Gremio,Franco Cristaldo,41,Normal,41,0,1,41.0,31-45,2024,Gremio,Atletico-MG,True
8650,25,Corinthians,Talles Magno,26,Normal,26,0,1,26.0,16-30,2024,Corinthians,Flamengo,True
8650,25,Flamengo,Pedro,37,Penalty,37,0,1,37.0,31-45,2024,Corinthians,Flamengo,False
8650,25,Corinthians,Ángel Romero,60,Normal,60,0,2,60.0,46-60,2024,Corinthians,Flamengo,True
8651,25,Bahia,Luciano Juba,72,Normal,72,0,2,72.0,61-75,2024,Bragantino,Bahia,False
8651,25,Bragantino,Douglas Mendes,64,Normal,64,0,2,64.0,61-75,2024,Bragantino,Bahia,True
8651,25,Bragantino,Gustavinho,90+5,Normal,90,5,2,90.05,90+,2024,Bragantino,Bahia,True
8652,25,Fluminense,Kauã Elias,31,Normal,31,0,1,31.0,31-45,2024,Fluminense,Sao Paulo,True
8652,25,Fluminense,Keno,90+1,Normal,90,1,2,90.01,90+,2024,Fluminense,Sao Paulo,True
8653,25,Palmeiras,Estêvão,58,Normal,58,0,2,58.0,46-60,2024,Athletico-PR,Palmeiras,False
8653,25,Palmeiras,Maurício,8,Normal,8,0,1,8.0,0-15,2024,Athletico-PR,Palmeiras,False
8655,25,Vasco,João Victor,72,Normal,72,0,2,72.0,61-75,2024,Vitoria,Vasco,False
8654,25,Internacional,Alexandro Bernabei,59,Normal,59,0,2,59.0,46-60,2024,Juventude,Internacional,False
8654,25,Juventude,Luís Felipe Oyama,90+2,Normal,90,2,2,90.02,90+,2024,Juventude,Internacional,True
8654,25,Internacional,Rafael Santos Borré,30,Normal,30,0,1,30.0,16-30,2024,Juventude,Internacional,False
8654,25,Internacional,Gabriel Carvalho,34,Normal,34,0,1,34.0,31-45,2024,Juventude,Internacional,False
8593,19,Fortaleza,Titi,45+2,Normal,45,2,1,45.02,45+,2024,Internacional,Fortaleza,False
8593,19,Internacional,Alan Patrick,21,Normal,21,0,1,21.0,16-30,2024,Internacional,Fortaleza,True
8593,19,Internacional,Gustavo Prado,83,Normal,83,0,2,83.0,76-90,2024,Internacional,Fortaleza,True
8656,26,Vitoria,Alerrandro Barra Mansa Realino de Souza,13,Normal,13,0,1,13.0,0-15,2024,Atletico-GO,Vitoria,False
8656,26,Vitoria,Matheus Martins Fogaça de Paulo,78,Normal,78,0,2,78.0,76-90,2024,Atletico-GO,Vitoria,False
8657,26,Athletico-PR,Agustín Canobbio,28,Normal,28,0,1,28.0,16-30,2024,Athletico-PR,Fortaleza,True
8657,26,Fortaleza,Moisés Vieira da Veiga,14,Normal,14,0,1,14.0,0-15,2024,Athletico-PR,Fortaleza,False
8658,26,Corinthians,Rodrigo Garro,63,Penalty,63,0,2,63.0,61-75,2024,Botafogo-RJ,Corinthians,False
8658,26,Botafogo-RJ,Luiz Henrique,39,Normal,39,0,1,39.0,31-45,2024,Botafogo-RJ,Corinthians,True
8658,26,Botafogo-RJ,Thiago Almada,67,Normal,67,0,2,67.0,61-75,2024,Botafogo-RJ,Corinthians,True
8659,26,Bragantino,Vinicinho,63,Normal,63,0,2,63.0,61-75,2024,Bragantino,Gremio,True
8659,26,Gremio,Miguel Monsalve,28,Normal,28,0,1,28.0,16-30,2024,Bragantino,Gremio,False
8659,26,Gremio,Jemerson de Jesus Nascimento,53,Normal,53,0,2,53.0,46-60,2024,Bragantino,Gremio,False
8659,26,Bragantino,Eduardo Sasha,44,Penalty,44,0,1,44.0,31-45,2024,Bragantino,Gremio,True
8660,26,Palmeiras,Tobias Figueiredo,18,Gol Contra,18,0,1,18.0,16-30,2024,Palmeiras,Criciuma,True
8660,26,Palmeiras,Felipe Anderson,15,Normal,15,0,1,15.0,0-15,2024,Palmeiras,Criciuma,True
8660,26,Palmeiras,Estêvão,52,Normal,52,0,2,52.0,46-60,2024,Palmeiras,Criciuma,True
8660,26,Palmeiras,Raphael Veiga,77,Normal,77,0,2,77.0,76-90,2024,Palmeiras,Criciuma,True
8660,26,Palmeiras,José Manuel Alberto López,1,Normal,1,0,1,1.0,0-15,2024,Palmeiras,Criciuma,True
8661,26,Juventude,Marcelo José de Lima Filho,83,Normal,83,0,2,83.0,76-90,2024,Juventude,Fluminense,True
8661,26,Fluminense,Jhon Arias,27,Normal,27,0,1,27.0,16-30,2024,Juventude,Fluminense,False
8661,26,Juventude,Ronaldo da Silva Souza,81,Normal,81,0,2,81.0,76-90,2024,Juventude,Fluminense,True
8663,26,Flamengo,Gerson Santos da Silva,72,Normal,72,0,2,72.0,61-75,2024,Flamengo,Vasco,True
8663,26,Vasco,Philippe Coutinho,87,Normal,87,0,2,87.0,76-90,2024,Flamengo,Vasco,False
8664,26,Sao Paulo,William Gomes,59,Normal,59,0,2,59.0,46-60,2024,Cruzeiro,Sao Paulo,False
8662,26,Bahia,Luciano Rodriguez,90+2,Normal,90,2,2,90.02,90+,2024,Bahia,Atletico-MG,True
8662,26,Bahia,Everaldo Stum,51,Normal,51,0,2,51.0,46-60,2024,Bahia,Atletico-MG,True
8662,26,Bahia,Éverton Ribeiro,58,Normal,58,0,2,58.0,46-60,2024,Bahia,Atletico-MG,True
8665,26,Internacional,Alan Patrick,11,Penalty,11,0,1,11.0,0-15,2024,Internacional,Cuiaba,True
8665,26,Internacional,Gabriel Mercado,41,Normal,41,0,1,41.0,31-45,2024,Internacional,Cuiaba,True
8665,26,Internacional,Rafael Santos Borré,73,Normal,73,0,2,73.0,61-75,2024,Internacional,Cuiaba,True
8667,27,Vitoria,Gustavo Mosquito,45+3,Penalty,45,3,1,45.03,45+,2024,Vitoria,Juventude,True
8666,27,Corinthians,Rodrigo Garro,83,Normal,83,0,2,83.0,76-90,2024,Corinthians,Atletico-GO,True
8666,27,Corinthians,Ángel Romero,45+4,Normal,45,4,1,45.04,45+,2024,Corinthians,Atletico-GO,True
8666,27,Corinthians,Ángel Romero,55,Normal,55,0,2,55.0,46-60,2024,Corinthians,Atletico-GO,True
8668,27,Botafogo-RJ,Luiz Henrique,90+5,Normal,90,5,2,90.05,90+,2024,Fluminense,Botafogo-RJ,False
8669,27,Fortaleza,Tomás Pochettino,80,Normal,80,0,2,80.0,76-90,2024,Fortaleza,Bahia,True
8669,27,Fortaleza,Renato Kayzer,89,Normal,89,0,2,89.0,76-90,2024,Fortaleza,Bahia,True
8669,27,Fortaleza,Mário Sérgio Santos Costa,28,Normal,28,0,1,28.0,16-30,2024,Fortaleza,Bahia,True
8669,27,Bahia,Everaldo Stum,30,Normal,30,0,1,30.0,16-30,2024,Fortaleza,Bahia,False
8669,27,Fortaleza,Mário Sérgio Santos Costa,37,Normal,37,0,1,37.0,31-45,2024,Fortaleza,Bahia,True
8670,27,Atletico-MG,Cadu,52,Normal,52,0,2,52.0,46-60,2024,Atletico-MG,Bragantino,True
8670,27,Atletico-MG,Hulk,78,Normal,78,0,2,78.0,76-90,2024,Atletico-MG,Bragantino,True
8670,27,Atletico-MG,Deyverson,39,Normal,39,0,1,39.0,31-45,2024,Atletico-MG,Bragantino,True
8671,27,Palmeiras,José Manuel Alberto López,26,Normal,26,0,1,26.0,16-30,2024,Vasco,Palmeiras,False
8674,27,Sao Paulo,Luciano da Rocha Neves,5,Normal,5,0,1,5.0,0-15,2024,Sao Paulo,Internacional,True
8674,27,Internacional,Bruno Gomes,42,Normal,42,0,1,42.0,31-45,2024,Sao Paulo,Internacional,False
8674,27,Internacional,Thiago Maia,54,Normal,54,0,2,54.0,46-60,2024,Sao Paulo,Internacional,False
8674,27,Internacional,Alan Patrick,63,Normal,63,0,2,63.0,61-75,2024,Sao Paulo,Internacional,False
8672,27,Gremio,Martin Braithwaite,55,Normal,55,0,2,55.0,46-60,2024,Gremio,Flamengo,True
8672,27,Gremio,Diego Costa,83,Normal,83,0,2,83.0,76-90,2024,Gremio,Flamengo,True
8672,27,Flamengo,Matheus Gonçalves,25,Normal,25,0,1,25.0,16-30,2024,Gremio,Flamengo,False
8672,27,Gremio,Franco Cristaldo,12,Normal,12,0,1,12.0,0-15,2024,Gremio,Flamengo,True
8672,27,Flamengo,Felipe Teresa,90,Normal,90,0,2,90.0,76-90,2024,Gremio,Flamengo,False
8455,5,Criciuma,Arthur Caike do Nascimento Cruz,14,Normal,14,0,1,14.0,0-15,2024,Gremio,Criciuma,False
8455,5,Criciuma,Ronald,78,Normal,78,0,2,78.0,76-90,2024,Gremio,Criciuma,False
8455,5,Gremio,Mathías Villasanti,67,Normal,67,0,2,67.0,61-75,2024,Gremio,Criciuma,True
8565,16,Bragantino,Jhon Jhon,43,Normal,43,0,1,43.0,31-45,2024,Bragantino,Internacional,True
8565,16,Bragantino,Vitor Hugo Naum dos Santos,75,Normal,75,0,2,75.0,61-75,2024,Bragantino,Internacional,True
8565,16,Internacional,Rafael Santos Borré,13,Normal,13,0,1,13.0,0-15,2024,Bragantino,Internacional,False
8565,16,Internacional,Enner Valencia,77,Normal,77,0,2,77.0,76-90,2024,Bragantino,Internacional,False
8676,28,Atletico-MG,Hulk,68,Normal,68,0,2,68.0,61-75,2024,Palmeiras,Atletico-MG,False
8676,28,Palmeiras,Raphael Veiga,45+2,Penalty,45,2,1,45.02,45+,2024,Palmeiras,Atletico-MG,True
8676,28,Palmeiras,Raphael Veiga,86,Penalty,86,0,2,86.0,76-90,2024,Palmeiras,Atletico-MG,True
8678,28,Juventude,Luis Mandaca,48,Normal,48,0,2,48.0,46-60,2024,Juventude,Bragantino,True
8678,28,Bragantino,Eduardo Santos,85,Normal,85,0,2,85.0,76-90,2024,Juventude,Bragantino,False
8681,28,Atletico-GO,Janderson,84,Normal,84,0,2,84.0,76-90,2024,Atletico-GO,Fluminense,True
8680,28,Fortaleza,Hércules,45+4,Normal,45,4,1,45.04,45+,2024,Fortaleza,Cuiaba,True
8679,28,Sao Paulo,Lucas Moura,45+8,Penalty,45,8,1,45.08,45+,2024,Sao Paulo,Corinthians,True
8679,28,Sao Paulo,André Silva,90+8,Normal,90,8,2,90.08,90+,2024,Sao Paulo,Corinthians,True
8679,28,Corinthians,Yuri Alberto,83,Normal,83,0,2,83.0,76-90,2024,Sao Paulo,Corinthians,False
8679,28,Sao Paulo,Robert Arboleda,75,Normal,75,0,2,75.0,61-75,2024,Sao Paulo,Corinthians,True
8682,28,Cruzeiro,Ivaldo,59,Normal,59,0,2,59.0,46-60,2024,Cruzeiro,Vasco,True
8682,28,Vasco,Pablo Vegetti,41,Normal,41,0,1,41.0,31-45,2024,Cruzeiro,Vasco,False
8683,28,Vitoria,Wagner Leonardo,58,Normal,58,0,2,58.0,46-60,2024,Internacional,Vitoria,False
8683,28,Internacional,Alan Patrick,45+4,Penalty,45,4,1,45.04,45+,2024,Internacional,Vitoria,True
8683,28,Internacional,Wesley Ribeiro Silva,51,Normal,51,0,2,51.0,46-60,2024,Internacional,Vitoria,True
8683,28,Internacional,Wesley Ribeiro Silva,90+2,Normal,90,2,2,90.02,90+,2024,Internacional,Vitoria,True
8684,28,Bahia,Cauly,32,Normal,32,0,1,32.0,31-45,2024,Bahia,Criciuma,True
8685,28,Flamengo,Gerson Santos da Silva,90,Normal,90,0,2,90.0,76-90,2024,Flamengo,Athletico-PR,True
8686,29,Criciuma,Fellipe Mateus,47,Normal,47,0,2,47.0,46-60,2024,Criciuma,Atletico-GO,True
8686,29,Criciuma,Rodrigo Fagundes de Freitas,42,Normal,42,0,1,42.0,31-45,2024,Criciuma,Atletico-GO,True
8687,29,Fluminense,Jhon Arias,55,Normal,55,0,2,55.0,46-60,2024,Fluminense,Cruzeiro,True
8688,29,Gremio,Yeferson Soteldo,90+1,Normal,90,1,2,90.01,90+,2024,Gremio,Fortaleza,True
8688,29,Fortaleza,Hércules,18,Normal,18,0,1,18.0,16-30,2024,Gremio,Fortaleza,False
8688,29,Gremio,Alexander Aravena,13,Normal,13,0,1,13.0,0-15,2024,Gremio,Fortaleza,True
8688,29,Gremio,Martin Braithwaite,60,Normal,60,0,2,60.0,46-60,2024,Gremio,Fortaleza,True
8690,29,Atletico-MG,Eduardo Vargas,45,Normal,45,0,1,45.0,31-45,2024,Atletico-MG,Vitoria,True
8690,29,Vitoria,Wagner Leonardo,64,Normal,64,0,2,64.0,61-75,2024,Atletico-MG,Vitoria,False
8690,29,Vitoria,Alerrandro Barra Mansa Realino de Souza,68,Normal,68,0,2,68.0,61-75,2024,Atletico-MG,Vitoria,False
8690,29,Atletico-MG,Fausto Vera,8,Normal,8,0,1,8.0,0-15,2024,Atletico-MG,Vitoria,True
8689,29,Botafogo-RJ,Ígor Jesus,14,Normal,14,0,1,14.0,0-15,2024,Athletico-PR,Botafogo-RJ,False
8693,29,Cuiaba,Bruno Alves,4,Normal,4,0,1,4.0,0-15,2024,Cuiaba,Sao Paulo,True
8693,29,Cuiaba,Clayson,42,Normal,42,0,1,42.0,31-45,2024,Cuiaba,Sao Paulo,True
8692,29,Flamengo,Carlos Alcaraz,90+12,Penalty,90,12,2,90.12,90+,2024,Bahia,Flamengo,False
8692,29,Flamengo,Ayrton Lucas Dantas de Medeiros,35,Normal,35,0,1,35.0,31-45,2024,Bahia,Flamengo,False
8694,29,Internacional,Ricardo Mathias,90+4,Normal,90,4,2,90.04,90+,2024,Corinthians,Internacional,False
8694,29,Corinthians,Yuri Alberto,3,Normal,3,0,1,3.0,0-15,2024,Corinthians,Internacional,True
8694,29,Corinthians,Yuri Alberto,73,Penalty,73,0,2,73.0,61-75,2024,Corinthians,Internacional,True
8694,29,Internacional,Alexandro Bernabei,17,Normal,17,0,1,17.0,16-30,2024,Corinthians,Internacional,False
8695,29,Vasco,Dimitri Payet,11,Normal,11,0,1,11.0,0-15,2024,Vasco,Juventude,True
8695,29,Juventude,Edson Carioca,4,Normal,4,0,1,4.0,0-15,2024,Vasco,Juventude,False
8465,6,Atletico-MG,Deyverson,39,Normal,39,0,1,39.0,31-45,2024,Atletico-MG,Gremio,True
8465,6,Atletico-MG,Hulk,11,Penalty,11,0,1,11.0,0-15,2024,Atletico-MG,Gremio,True
8465,6,Gremio,Alexander Aravena,24,Normal,24,0,1,24.0,16-30,2024,Atletico-MG,Gremio,False
8696,30,Sao Paulo,Lucas Moura,46,Normal,46,0,2,46.0,46-60,2024,Sao Paulo,Vasco,True
8696,30,Sao Paulo,Lucas Moura,67,Normal,67,0,2,67.0,61-75,2024,Sao Paulo,Vasco,True
8696,30,Sao Paulo,Luciano da Rocha Neves,9,Normal,9,0,1,9.0,0-15,2024,Sao Paulo,Vasco,True
8697,30,Fortaleza,Mário Sérgio Santos Costa,15,Normal,15,0,1,15.0,0-15,2024,Fortaleza,Atletico-MG,True
8697,30,Atletico-MG,Fausto Vera,48,Normal,48,0,2,48.0,46-60,2024,Fortaleza,Atletico-MG,False
8699,30,Fluminense,Jhon Arias,60,Normal,60,0,2,60.0,46-60,2024,Flamengo,Fluminense,False
8699,30,Fluminense,Lima,50,Normal,50,0,2,50.0,46-60,2024,Flamengo,Fluminense,False
8698,30,Corinthians,Matheuzinho,5,Normal,5,0,1,5.0,0-15,2024,Corinthians,Athletico-PR,True
8698,30,Corinthians,Yuri Alberto,78,Normal,78,0,2,78.0,76-90,2024,Corinthians,Athletico-PR,True
8698,30,Corinthians,Cacá,18,Normal,18,0,1,18.0,16-30,2024,Corinthians,Athletico-PR,True
8698,30,Athletico-PR,Nikão,30,Normal,30,0,1,30.0,16-30,2024,Corinthians,Athletico-PR,False
8698,30,Corinthians,Memphis Depay,55,Normal,55,0,2,55.0,46-60,2024,Corinthians,Athletico-PR,True
8698,30,Athletico-PR,Erick Luis Conrado Carvalho,39,Normal,39,0,1,39.0,31-45,2024,Corinthians,Athletico-PR,False
8698,30,Corinthians,Rodrigo Garro,66,Normal,66,0,2,66.0,61-75,2024,Corinthians,Athletico-PR,True
8701,30,Botafogo-RJ,Tiquinho Soares,90+1,Normal,90,1,2,90.01,90+,2024,Botafogo-RJ,Criciuma,True
8701,30,Criciuma,Felipe Vizeu,90+4,Normal,90,4,2,90.04,90+,2024,Botafogo-RJ,Criciuma,False
8702,30,Bahia,Luciano Rodriguez,82,Normal,82,0,2,82.0,76-90,2024,Cruzeiro,Bahia,False
8702,30,Cruzeiro,Gabriel Veron,61,Normal,61,0,2,61.0,61-75,2024,Cruzeiro,Bahia,True
8703,30,Internacional,Rafael Santos Borré,67,Normal,67,0,2,67.0,61-75,2024,Internacional,Gremio,True
8704,30,Vitoria,Everaldo,78,Normal,78,0,2,78.0,76-90,2024,Vitoria,Bragantino,True
8705,30,Juventude,Ronaldo da Silva Souza,49,Normal,49,0,2,49.0,46-60,2024,Juventude,Palmeiras,True
8705,30,Palmeiras,Raphael Veiga,50,Normal,50,0,2,50.0,46-60,2024,Juventude,Palmeiras,False
8705,30,Juventude,Edson Carioca,67,Normal,67,0,2,67.0,61-75,2024,Juventude,Palmeiras,True
8705,30,Palmeiras,Raphael Veiga,90,Normal,90,0,2,90.0,76-90,2024,Juventude,Palmeiras,False
8705,30,Palmeiras,Estêvão,22,Normal,22,0,1,22.0,16-30,2024,Juventude,Palmeiras,False
8705,30,Palmeiras,Richard Ríos,63,Normal,63,0,2,63.0,61-75,2024,Juventude,Palmeiras,False
8705,30,Juventude,Danilo Boza,35,Normal,35,0,1,35.0,31-45,2024,Juventude,Palmeiras,True
8705,30,Palmeiras,Raphael Veiga,44,Normal,44,0,1,44.0,31-45,2024,Juventude,Palmeiras,False
8574,17,Fluminense,Germán Cano,81,Normal,81,0,2,81.0,76-90,2024,Fluminense,Athletico-PR,True
8594,19,Vasco,Hugo Moura,53,Normal,53,0,2,53.0,46-60,2024,Vasco,Cuiaba,True
8706,31,Palmeiras,Raphael Veiga,29,Penalty,29,0,1,29.0,16-30,2024,Palmeiras,Fortaleza,True
8706,31,Fortaleza,Moisés Vieira da Veiga,62,Normal,62,0,2,62.0,61-75,2024,Palmeiras,Fortaleza,False
8706,31,Palmeiras,Estêvão,57,Penalty,57,0,2,57.0,46-60,2024,Palmeiras,Fortaleza,True
8706,31,Fortaleza,Hércules,38,Normal,38,0,1,38.0,31-45,2024,Palmeiras,Fortaleza,False
8707,31,Juventude,Gilberto Oliveira Souza Junior,24,Normal,24,0,1,24.0,16-30,2024,Flamengo,Juventude,False
8707,31,Flamengo,Michael,8,Normal,8,0,1,8.0,0-15,2024,Flamengo,Juventude,True
8707,31,Juventude,Edson Carioca,70,Normal,70,0,2,70.0,61-75,2024,Flamengo,Juventude,False
8707,31,Flamengo,Gabriel Barbosa,49,Penalty,49,0,2,49.0,46-60,2024,Flamengo,Juventude,True
8707,31,Flamengo,Giorgian De Arrascaeta,54,Normal,54,0,2,54.0,46-60,2024,Flamengo,Juventude,True
8707,31,Flamengo,Gonzalo Plata,90+5,Normal,90,5,2,90.05,90+,2024,Flamengo,Juventude,True
8709,31,Fluminense,Lucas Arcanjo,61,Gol Contra,61,0,2,61.0,61-75,2024,Vitoria,Fluminense,False
8709,31,Vitoria,Neris,45+1,Normal,45,1,1,45.01,45+,2024,Vitoria,Fluminense,True
8709,31,Vitoria,Alerrandro Barra Mansa Realino de Souza,90+1,Penalty,90,1,2,90.01,90+,2024,Vitoria,Fluminense,True
8708,31,Gremio,Mathías Villasanti,83,Normal,83,0,2,83.0,76-90,2024,Gremio,Atletico-GO,True
8708,31,Atletico-GO,Derek,28,Normal,28,0,1,28.0,16-30,2024,Gremio,Atletico-GO,False
8708,31,Gremio,Yeferson Soteldo,40,Normal,40,0,1,40.0,31-45,2024,Gremio,Atletico-GO,True
8708,31,Gremio,Pepê,59,Normal,59,0,2,59.0,46-60,2024,Gremio,Atletico-GO,True
8710,31,Athletico-PR,Julimar,46,Normal,46,0,2,46.0,46-60,2024,Athletico-PR,Cruzeiro,True
8710,31,Athletico-PR,Nikão,80,Normal,80,0,2,80.0,76-90,2024,Athletico-PR,Cruzeiro,True
8710,31,Athletico-PR,Pablo Felipe Teixeira,25,Normal,25,0,1,25.0,16-30,2024,Athletico-PR,Cruzeiro,True
8711,31,Botafogo-RJ,Gregore,86,Normal,86,0,2,86.0,76-90,2024,Bragantino,Botafogo-RJ,False
8712,31,Atletico-MG,Eduardo Vargas,45+3,Penalty,45,3,1,45.03,45+,2024,Atletico-MG,Internacional,True
8712,31,Internacional,Bruno Tabata,88,Normal,88,0,2,88.0,76-90,2024,Atletico-MG,Internacional,False
8712,31,Internacional,Alan Patrick,38,Penalty,38,0,1,38.0,31-45,2024,Atletico-MG,Internacional,False
8712,31,Internacional,Alexandro Bernabei,40,Normal,40,0,1,40.0,31-45,2024,Atletico-MG,Internacional,False
8713,31,Criciuma,Felipe Vizeu,22,Normal,22,0,1,22.0,16-30,2024,Criciuma,Sao Paulo,True
8713,31,Sao Paulo,Liziero,87,Normal,87,0,2,87.0,76-90,2024,Criciuma,Sao Paulo,False
8714,31,Corinthians,Memphis Depay,44,Penalty,44,0,1,44.0,31-45,2024,Cuiaba,Corinthians,False
8715,31,Vasco,Dimitri Payet,32,Normal,32,0,1,32.0,31-45,2024,Vasco,Bahia,True
8715,31,Bahia,Luciano Rodriguez,42,Normal,42,0,1,42.0,31-45,2024,Vasco,Bahia,False
8715,31,Bahia,Ademir,75,Normal,75,0,2,75.0,61-75,2024,Vasco,Bahia,False
8715,31,Vasco,Dimitri Payet,18,Penalty,18,0,1,18.0,16-30,2024,Vasco,Bahia,True
8715,31,Vasco,Emerson Rodríguez,12,Normal,12,0,1,12.0,0-15,2024,Vasco,Bahia,True
8575,17,Flamengo,Carlos Alcaraz,45+3,Penalty,45,3,1,45.03,45+,2024,Internacional,Flamengo,False
8575,17,Internacional,Enner Valencia,89,Normal,89,0,2,89.0,76-90,2024,Internacional,Flamengo,True
8716,32,Gremio,Reinaldo Manoel da Silva,90+9,Penalty,90,9,2,90.09,90+,2024,Fluminense,Gremio,False
8716,32,Fluminense,Kauã Elias,66,Normal,66,0,2,66.0,61-75,2024,Fluminense,Gremio,True
8716,32,Gremio,Martin Braithwaite,26,Normal,26,0,1,26.0,16-30,2024,Fluminense,Gremio,False
8716,32,Fluminense,Jhon Arias,43,Normal,43,0,1,43.0,31-45,2024,Fluminense,Gremio,True
8719,32,Athletico-PR,Julimar,31,Normal,31,0,1,31.0,31-45,2024,Athletico-PR,Vitoria,True
8719,32,Vitoria,Alerrandro Barra Mansa Realino de Souza,33,Normal,33,0,1,33.0,31-45,2024,Athletico-PR,Vitoria,False
8719,32,Vitoria,Matheus Martins Fogaça de Paulo,65,Normal,65,0,2,65.0,61-75,2024,Athletico-PR,Vitoria,False
8718,32,Fortaleza,Benjamín Kuscevic,71,Normal,71,0,2,71.0,61-75,2024,Juventude,Fortaleza,False
8718,32,Fortaleza,Moisés Vieira da Veiga,45+3,Normal,45,3,1,45.03,45+,2024,Juventude,Fortaleza,False
8718,32,Fortaleza,Eros Mancuso,45+7,Normal,45,7,1,45.07,45+,2024,Juventude,Fortaleza,False
8720,32,Corinthians,Rodrigo Garro,41,Normal,41,0,1,41.0,31-45,2024,Corinthians,Palmeiras,True
8720,32,Corinthians,Yuri Alberto,56,Normal,56,0,2,56.0,46-60,2024,Corinthians,Palmeiras,True
8723,32,Botafogo-RJ,Luiz Henrique,12,Normal,12,0,1,12.0,0-15,2024,Botafogo-RJ,Vasco,True
8723,32,Botafogo-RJ,Júnior Santos,71,Normal,71,0,2,71.0,61-75,2024,Botafogo-RJ,Vasco,True
8723,32,Botafogo-RJ,Jefferson Savarino,9,Normal,9,0,1,9.0,0-15,2024,Botafogo-RJ,Vasco,True
8722,32,Internacional,Alan Patrick,43,Normal,43,0,1,43.0,31-45,2024,Internacional,Criciuma,True
8722,32,Internacional,Wesley Ribeiro Silva,90+3,Normal,90,3,2,90.03,90+,2024,Internacional,Criciuma,True
8721,32,Sao Paulo,Lucas Moura,90+1,Normal,90,1,2,90.01,90+,2024,Bahia,Sao Paulo,False
8721,32,Sao Paulo,Luiz Gustavo,41,Normal,41,0,1,41.0,31-45,2024,Bahia,Sao Paulo,False
8721,32,Sao Paulo,Wellington Rato,66,Normal,66,0,2,66.0,61-75,2024,Bahia,Sao Paulo,False
8725,32,Atletico-GO,Janderson,89,Normal,89,0,2,89.0,76-90,2024,Atletico-GO,Atletico-MG,True
8724,32,Flamengo,David Luiz,53,Normal,53,0,2,53.0,46-60,2024,Cruzeiro,Flamengo,False
8726,33,Internacional,Rafael Santos Borré,52,Normal,52,0,2,52.0,46-60,2024,Internacional,Fluminense,True
8726,33,Internacional,Bruno Henrique Corsini,90+5,Normal,90,5,2,90.05,90+,2024,Internacional,Fluminense,True
8727,33,Palmeiras,Estêvão,73,Normal,73,0,2,73.0,61-75,2024,Palmeiras,Gremio,True
8728,33,Corinthians,Yuri Alberto,24,Normal,24,0,1,24.0,16-30,2024,Vitoria,Corinthians,False
8728,33,Corinthians,Memphis Depay,69,Normal,69,0,2,69.0,61-75,2024,Vitoria,Corinthians,False
8728,33,Vitoria,Alerrandro Barra Mansa Realino de Souza,9,Normal,9,0,1,9.0,0-15,2024,Vitoria,Corinthians,True
8731,33,Juventude,Lucas Barbosa,70,Normal,70,0,2,70.0,61-75,2024,Juventude,Bahia,True
8731,33,Juventude,Gabriel Pereira Taliari,79,Normal,79,0,2,79.0,76-90,2024,Juventude,Bahia,True
8731,33,Bahia,Cauly,2,Normal,2,0,1,2.0,0-15,2024,Juventude,Bahia,False
8732,33,Fortaleza,Emmanuel Martínez,13,Normal,13,0,1,13.0,0-15,2024,Fortaleza,Vasco,True
8732,33,Fortaleza,Breno Lopes,78,Normal,78,0,2,78.0,76-90,2024,Fortaleza,Vasco,True
8732,33,Fortaleza,Renato Kayzer,90+2,Normal,90,2,2,90.02,90+,2024,Fortaleza,Vasco,True
8730,33,Criciuma,Allano,82,Normal,82,0,2,82.0,76-90,2024,Cruzeiro,Criciuma,False
8730,33,Cruzeiro,Kaio Jorge,9,Normal,9,0,1,9.0,0-15,2024,Cruzeiro,Criciuma,True
8730,33,Cruzeiro,Gabriel Veron,70,Normal,70,0,2,70.0,61-75,2024,Cruzeiro,Criciuma,True
8734,33,Sao Paulo,André Silva,89,Normal,89,0,2,89.0,76-90,2024,Sao Paulo,Athletico-PR,True
8734,33,Athletico-PR,Julimar,69,Normal,69,0,2,69.0,61-75,2024,Sao Paulo,Athletico-PR,False
8734,33,Sao Paulo,Luciano da Rocha Neves,52,Normal,52,0,2,52.0,46-60,2024,Sao Paulo,Athletico-PR,True
8595,19,Athletico-PR,Tomás Cuello,28,Normal,28,0,1,28.0,16-30,2024,Athletico-PR,Atletico-MG,True
8736,34,Cruzeiro,Kaiki Bruno,34,Normal,34,0,1,34.0,31-45,2024,Corinthians,Cruzeiro,False
8736,34,Corinthians,Memphis Depay,11,Normal,11,0,1,11.0,0-15,2024,Corinthians,Cruzeiro,True
8736,34,Corinthians,Yuri Alberto,16,Normal,16,0,1,16.0,16-30,2024,Corinthians,Cruzeiro,True
8738,34,Athletico-PR,Nikão,66,Normal,66,0,2,66.0,61-75,2024,Athletico-PR,Atletico-GO,True
8738,34,Athletico-PR,Tomás Cuello,45+5,Normal,45,5,1,45.05,45+,2024,Athletico-PR,Atletico-GO,True
8737,34,Bragantino,Eduardo Sasha,15,Normal,15,0,1,15.0,0-15,2024,Bragantino,Sao Paulo,True
8737,34,Sao Paulo,Lucas Moura,25,Normal,25,0,1,25.0,16-30,2024,Bragantino,Sao Paulo,False
8739,34,Vitoria,Janderson,68,Normal,68,0,2,68.0,61-75,2024,Criciuma,Vitoria,False
8740,34,Palmeiras,José Manuel Alberto López,89,Normal,89,0,2,89.0,76-90,2024,Bahia,Palmeiras,False
8740,34,Bahia,Luciano Rodriguez,27,Normal,27,0,1,27.0,16-30,2024,Bahia,Palmeiras,True
8740,34,Palmeiras,Raphael Veiga,41,Normal,41,0,1,41.0,31-45,2024,Bahia,Palmeiras,False
8741,34,Gremio,Martin Braithwaite,3,Normal,3,0,1,3.0,0-15,2024,Gremio,Juventude,True
8741,34,Gremio,João Lucas,90+4,Gol Contra,90,4,2,90.04,90+,2024,Gremio,Juventude,True
8741,34,Juventude,Luis Mandaca,45+6,Normal,45,6,1,45.06,45+,2024,Gremio,Juventude,False
8741,34,Juventude,Lucas Barbosa,52,Normal,52,0,2,52.0,46-60,2024,Gremio,Juventude,False
8742,34,Cuiaba,Derik Lacerda,59,Normal,59,0,2,59.0,46-60,2024,Cuiaba,Flamengo,True
8742,34,Flamengo,Guilherme Gomes,62,Normal,62,0,2,62.0,61-75,2024,Cuiaba,Flamengo,False
8742,34,Flamengo,Matheus Gonçalves,90+3,Normal,90,3,2,90.03,90+,2024,Cuiaba,Flamengo,False
8744,34,Internacional,Wesley Ribeiro Silva,65,Normal,65,0,2,65.0,61-75,2024,Vasco,Internacional,False
8745,34,Fluminense,Lima,11,Normal,11,0,1,11.0,0-15,2024,Fluminense,Fortaleza,True
8745,34,Fluminense,Germán Cano,85,Normal,85,0,2,85.0,76-90,2024,Fluminense,Fortaleza,True
8745,34,Fortaleza,Moisés Vieira da Veiga,19,Normal,19,0,1,19.0,16-30,2024,Fluminense,Fortaleza,False
8745,34,Fortaleza,Mário Sérgio Santos Costa,43,Normal,43,0,1,43.0,31-45,2024,Fluminense,Fortaleza,False
8747,35,Vitoria,Alerrandro Barra Mansa Realino de Souza,20,Normal,20,0,1,20.0,16-30,2024,Botafogo-RJ,Vitoria,False
8747,35,Botafogo-RJ,Wagner Leonardo,87,Gol Contra,87,0,2,87.0,76-90,2024,Botafogo-RJ,Vitoria,True
8748,35,Palmeiras,Raphael Veiga,20,Normal,20,0,1,20.0,16-30,2024,Atletico-GO,Palmeiras,False
8746,35,Juventude,Nenê,90+5,Normal,90,5,2,90.05,90+,2024,Juventude,Cuiaba,True
8746,35,Cuiaba,Matheus Alexandre Anastácio de Souza,75,Normal,75,0,2,75.0,61-75,2024,Juventude,Cuiaba,False
8749,35,Sao Paulo,Fausto Vera,24,Gol Contra,24,0,1,24.0,16-30,2024,Sao Paulo,Atletico-MG,True
8749,35,Sao Paulo,André Silva,45+1,Normal,45,1,1,45.01,45+,2024,Sao Paulo,Atletico-MG,True
8749,35,Atletico-MG,Paulinho,1,Normal,1,0,1,1.0,0-15,2024,Sao Paulo,Atletico-MG,False
8749,35,Atletico-MG,Paulinho,18,Normal,18,0,1,18.0,16-30,2024,Sao Paulo,Atletico-MG,False
8751,35,Internacional,Wesley Ribeiro Silva,86,Normal,86,0,2,86.0,76-90,2024,Internacional,Bragantino,True
8751,35,Internacional,Alan Patrick,5,Penalty,5,0,1,5.0,0-15,2024,Internacional,Bragantino,True
8751,35,Internacional,Wanderson,88,Normal,88,0,2,88.0,76-90,2024,Internacional,Bragantino,True
8751,35,Bragantino,Juninho Capixaba,20,Normal,20,0,1,20.0,16-30,2024,Internacional,Bragantino,False
8751,35,Internacional,Rafael Santos Borré,28,Normal,28,0,1,28.0,16-30,2024,Internacional,Bragantino,True
8752,35,Athletico-PR,Nikão,62,Normal,62,0,2,62.0,61-75,2024,Bahia,Athletico-PR,False
8752,35,Bahia,Gabriel Teixeira,90+3,Normal,90,3,2,90.03,90+,2024,Bahia,Athletico-PR,True
8750,35,Corinthians,Rodrigo Garro,15,Normal,15,0,1,15.0,0-15,2024,Corinthians,Vasco,True
8750,35,Corinthians,Rodrigo Garro,24,Normal,24,0,1,24.0,16-30,2024,Corinthians,Vasco,True
8750,35,Vasco,José Luis Rodríguez Bebanz,76,Normal,76,0,2,76.0,76-90,2024,Corinthians,Vasco,False
8750,35,Corinthians,Gustavo Henrique Vernes,11,Normal,11,0,1,11.0,0-15,2024,Corinthians,Vasco,True
8757,36,Juventude,Lucas Barbosa,22,Normal,22,0,1,22.0,16-30,2024,Atletico-MG,Juventude,False
8757,36,Juventude,Gilberto Oliveira Souza Junior,67,Normal,67,0,2,67.0,61-75,2024,Atletico-MG,Juventude,False
8757,36,Atletico-MG,Eduardo Vargas,81,Penalty,81,0,2,81.0,76-90,2024,Atletico-MG,Juventude,True
8757,36,Juventude,Erick Farias,90+3,Normal,90,3,2,90.03,90+,2024,Atletico-MG,Juventude,False
8757,36,Atletico-MG,Alisson Santana,73,Normal,73,0,2,73.0,61-75,2024,Atletico-MG,Juventude,True
8756,36,Botafogo-RJ,Gregore,19,Normal,19,0,1,19.0,16-30,2024,Palmeiras,Botafogo-RJ,False
8756,36,Botafogo-RJ,Jefferson Savarino,73,Normal,73,0,2,73.0,61-75,2024,Palmeiras,Botafogo-RJ,False
8756,36,Botafogo-RJ,Adryelson,89,Normal,89,0,2,89.0,76-90,2024,Palmeiras,Botafogo-RJ,False
8756,36,Palmeiras,Richard Ríos,90+3,Normal,90,3,2,90.03,90+,2024,Palmeiras,Botafogo-RJ,True
8755,35,Cruzeiro,Matheus Pereira,42,Normal,42,0,1,42.0,31-45,2024,Cruzeiro,Gremio,True
8755,35,Gremio,Martin Braithwaite,19,Normal,19,0,1,19.0,16-30,2024,Cruzeiro,Gremio,False
8759,36,Cuiaba,Eliel,16,Normal,16,0,1,16.0,16-30,2024,Cuiaba,Bahia,True
8759,36,Bahia,Ademir,37,Normal,37,0,1,37.0,31-45,2024,Cuiaba,Bahia,False
8759,36,Bahia,Luciano Rodriguez,84,Normal,84,0,2,84.0,76-90,2024,Cuiaba,Bahia,False
8758,36,Criciuma,Yannick Bolasie,38,Normal,38,0,1,38.0,31-45,2024,Criciuma,Corinthians,True
8758,36,Corinthians,Yuri Alberto,90+4,Normal,90,4,2,90.04,90+,2024,Criciuma,Corinthians,False
8758,36,Corinthians,Rodrigo Garro,62,Normal,62,0,2,62.0,61-75,2024,Criciuma,Corinthians,False
8758,36,Corinthians,Matheus Bidu,65,Normal,65,0,2,65.0,61-75,2024,Criciuma,Corinthians,False
8758,36,Criciuma,Yannick Bolasie,30,Normal,30,0,1,30.0,16-30,2024,Criciuma,Corinthians,True
8758,36,Corinthians,Yuri Alberto,83,Normal,83,0,2,83.0,76-90,2024,Criciuma,Corinthians,False
8760,36,Vasco,Maxime Dominguez,75,Normal,75,0,2,75.0,61-75,2024,Vasco,Atletico-GO,True
8760,36,Vasco,Alex Teixeira,90+3,Normal,90,3,2,90.03,90+,2024,Vasco,Atletico-GO,True
8760,36,Atletico-GO,Luiz Fernando Moraes dos Santos,21,Normal,21,0,1,21.0,16-30,2024,Vasco,Atletico-GO,False
8760,36,Atletico-GO,Luiz Fernando Moraes dos Santos,56,Normal,56,0,2,56.0,46-60,2024,Vasco,Atletico-GO,False
8762,36,Flamengo,Michael,41,Normal,41,0,1,41.0,31-45,2024,Flamengo,Internacional,True
8762,36,Internacional,Wesley Ribeiro Silva,55,Normal,55,0,2,55.0,46-60,2024,Flamengo,Internacional,False
8762,36,Flamengo,Léo Ortiz,29,Normal,29,0,1,29.0,16-30,2024,Flamengo,Internacional,True
8762,36,Internacional,Enner Valencia,62,Normal,62,0,2,62.0,61-75,2024,Flamengo,Internacional,False
8762,36,Flamengo,Michael,37,Normal,37,0,1,37.0,31-45,2024,Flamengo,Internacional,True
8761,36,Gremio,Franco Cristaldo,36,Normal,36,0,1,36.0,31-45,2024,Gremio,Sao Paulo,True
8761,36,Gremio,Ruan Tressoldi Netto,45+1,Gol Contra,45,1,1,45.01,45+,2024,Gremio,Sao Paulo,True
8761,36,Sao Paulo,Luiz Gustavo,64,Normal,64,0,2,64.0,61-75,2024,Gremio,Sao Paulo,False
8763,36,Cruzeiro,Ramiro,85,Normal,85,0,2,85.0,76-90,2024,Bragantino,Cruzeiro,False
8763,36,Bragantino,Eduardo Sasha,6,Normal,6,0,1,6.0,0-15,2024,Bragantino,Cruzeiro,True
8764,36,Athletico-PR,Lucas Belezi,2,Normal,2,0,1,2.0,0-15,2024,Athletico-PR,Fluminense,True
8764,36,Fluminense,Jhon Arias,65,Normal,65,0,2,65.0,61-75,2024,Athletico-PR,Fluminense,False
8765,36,Vitoria,Alerrandro Barra Mansa Realino de Souza,37,Normal,37,0,1,37.0,31-45,2024,Vitoria,Fortaleza,True
8765,36,Vitoria,Alerrandro Barra Mansa Realino de Souza,9,Normal,9,0,1,9.0,0-15,2024,Vitoria,Fortaleza,True
8766,37,Corinthians,Memphis Depay,12,Normal,12,0,1,12.0,0-15,2024,Corinthians,Bahia,True
8766,37,Corinthians,Memphis Depay,61,Normal,61,0,2,61.0,61-75,2024,Corinthians,Bahia,True
8766,37,Corinthians,Yuri Alberto,45+4,Normal,45,4,1,45.04,45+,2024,Corinthians,Bahia,True
8767,37,Vasco,Pablo Vegetti,52,Normal,52,0,2,52.0,46-60,2024,Vasco,Atletico-MG,True
8767,37,Vasco,Philippe Coutinho,64,Normal,64,0,2,64.0,61-75,2024,Vasco,Atletico-MG,True
8768,37,Vitoria,Alerrandro Barra Mansa Realino de Souza,67,Normal,67,0,2,67.0,61-75,2024,Vitoria,Gremio,True
8768,37,Gremio,João Pedro Maturano dos Santos,37,Normal,37,0,1,37.0,31-45,2024,Vitoria,Gremio,False
8769,37,Flamengo,Guillermo Varela,45,Normal,45,0,1,45.0,31-45,2024,Criciuma,Flamengo,False
8769,37,Flamengo,Luiz Araújo,84,Normal,84,0,2,84.0,76-90,2024,Criciuma,Flamengo,False
8769,37,Flamengo,Bruno Henrique,71,Penalty,71,0,2,71.0,61-75,2024,Criciuma,Flamengo,False
8770,37,Juventude,Erick Farias,62,Normal,62,0,2,62.0,61-75,2024,Sao Paulo,Juventude,False
8770,37,Sao Paulo,Luciano da Rocha Neves,77,Normal,77,0,2,77.0,76-90,2024,Sao Paulo,Juventude,True
8770,37,Juventude,Gabriel Pereira Taliari,52,Normal,52,0,2,52.0,46-60,2024,Sao Paulo,Juventude,False
8771,37,Fortaleza,Tomás Cardona,12,Normal,12,0,1,12.0,0-15,2024,Atletico-GO,Fortaleza,False
8771,37,Atletico-GO,Derek,21,Normal,21,0,1,21.0,16-30,2024,Atletico-GO,Fortaleza,True
8771,37,Atletico-GO,Janderson,79,Normal,79,0,2,79.0,76-90,2024,Atletico-GO,Fortaleza,True
8771,37,Atletico-GO,Alejo Cruz,85,Normal,85,0,2,85.0,76-90,2024,Atletico-GO,Fortaleza,True
8772,37,Botafogo-RJ,Jefferson Savarino,5,Normal,5,0,1,5.0,0-15,2024,Internacional,Botafogo-RJ,False
8773,37,Palmeiras,Estêvão,90,Normal,90,0,2,90.0,76-90,2024,Cruzeiro,Palmeiras,False
8773,37,Cruzeiro,Matheus Pereira,52,Normal,52,0,2,52.0,46-60,2024,Cruzeiro,Palmeiras,True
8773,37,Palmeiras,Maurício,61,Normal,61,0,2,61.0,61-75,2024,Cruzeiro,Palmeiras,False
8775,37,Bragantino,Eduardo Sasha,82,Normal,82,0,2,82.0,76-90,2024,Athletico-PR,Bragantino,False
8775,37,Athletico-PR,Erick Luis Conrado Carvalho,74,Normal,74,0,2,74.0,61-75,2024,Athletico-PR,Bragantino,True
8775,37,Bragantino,Eduardo Sasha,14,Normal,14,0,1,14.0,0-15,2024,Athletico-PR,Bragantino,False
8774,37,Fluminense,Kevin Serna,59,Normal,59,0,2,59.0,46-60,2024,Fluminense,Cuiaba,True
8777,38,Cruzeiro,Tevis Gabriel,30,Normal,30,0,1,30.0,16-30,2024,Juventude,Cruzeiro,False
8778,38,Bahia,Luciano Rodriguez,58,Penalty,58,0,2,58.0,46-60,2024,Bahia,Atletico-GO,True
8778,38,Bahia,Thaciano,41,Normal,41,0,1,41.0,31-45,2024,Bahia,Atletico-GO,True
8779,38,Vitoria,Alerrandro Barra Mansa Realino de Souza,16,Normal,16,0,1,16.0,16-30,2024,Flamengo,Vitoria,False
8779,38,Vitoria,Janderson,74,Normal,74,0,2,74.0,61-75,2024,Flamengo,Vitoria,False
8779,38,Flamengo,Gabriel Barbosa,59,Normal,59,0,2,59.0,46-60,2024,Flamengo,Vitoria,True
8779,38,Flamengo,Ayrton Lucas Dantas de Medeiros,79,Normal,79,0,2,79.0,76-90,2024,Flamengo,Vitoria,True
8781,38,Atletico-MG,Rubens,73,Normal,73,0,2,73.0,61-75,2024,Atletico-MG,Athletico-PR,True
8782,38,Botafogo-RJ,Jefferson Savarino,37,Normal,37,0,1,37.0,31-45,2024,Botafogo-RJ,Sao Paulo,True
8782,38,Botafogo-RJ,Gregore,90+2,Normal,90,2,2,90.02,90+,2024,Botafogo-RJ,Sao Paulo,True
8782,38,Sao Paulo,William Gomes,63,Normal,63,0,2,63.0,61-75,2024,Botafogo-RJ,Sao Paulo,False
8783,38,Cuiaba,Derik Lacerda,33,Normal,33,0,1,33.0,31-45,2024,Cuiaba,Vasco,True
8783,38,Vasco,Pablo Vegetti,17,Normal,17,0,1,17.0,16-30,2024,Cuiaba,Vasco,False
8783,38,Vasco,Pablo Vegetti,43,Normal,43,0,1,43.0,31-45,2024,Cuiaba,Vasco,False
8784,38,Fluminense,Kevin Serna,37,Normal,37,0,1,37.0,31-45,2024,Palmeiras,Fluminense,False
8776,38,Fortaleza,Moisés Vieira da Veiga,7,Normal,7,0,1,7.0,0-15,2024,Fortaleza,Internacional,True
8776,38,Fortaleza,Moisés Vieira da Veiga,20,Normal,20,0,1,20.0,16-30,2024,Fortaleza,Internacional,True
8776,38,Fortaleza,Tinga,53,Normal,53,0,2,53.0,46-60,2024,Fortaleza,Internacional,True
8780,38,Bragantino,Eduardo Sasha,55,Normal,55,0,2,55.0,46-60,2024,Bragantino,Criciuma,True
8780,38,Bragantino,Henry Mosquera,70,Normal,70,0,2,70.0,61-75,2024,Bragantino,Criciuma,True
8780,38,Bragantino,Juninho Capixaba,13,Normal,13,0,1,13.0,0-15,2024,Bragantino,Criciuma,True
8780,38,Bragantino,Jhon Jhon,80,Normal,80,0,2,80.0,76-90,2024,Bragantino,Criciuma,True
8780,38,Bragantino,Vinicinho,30,Normal,30,0,1,30.0,16-30,2024,Bragantino,Criciuma,True
8780,38,Criciuma,Rodrigo Fagundes de Freitas,39,Normal,39,0,1,39.0,31-45,2024,Bragantino,Criciuma,False
8785,38,Corinthians,Charles Rigon Matos,88,Normal,88,0,2,88.0,76-90,2024,Gremio,Corinthians,False
8785,38,Corinthians,Yuri Alberto,45+1,Penalty,45,1,1,45.01,45+,2024,Gremio,Corinthians,False
8785,38,Corinthians,Memphis Depay,90+3,Normal,90,3,2,90.03,90+,2024,Gremio,Corinthians,False
